date,N_valid_x,mean_analysis_error,median_analysis_error,std_analysis_error,P05_analysis_error,P25_analysis_error,P50_analysis_error,P75_analysis_error,P90_analysis_error,P95_analysis_error,P99_analysis_error,min_analysis_error,max_analysis_error,year,month,day,doy,N_valid_y,mean_MUR,median_MUR,std_MUR,min_MUR,max_MUR,mean_BIL,median_BIL,std_BIL,min_BIL,max_BIL,mean_residual,median_residual,std_residual,min_residual,max_residual,P01_residual,P05_residual,P95_residual,P99_residual,RMSE,MAE,Bias,abs_Bias,bias_fraction,R2,delta_MUR,abs_delta_MUR,delta_BIL,abs_delta_BIL,delta_difference,abs_delta_difference,z_robust_RMSE,z_robust_absBias,z_robust_delta_diff,z_robust_std_resid,pct_rank_RMSE,pct_rank_absBias,pct_rank_delta_diff,pct_rank_std_resid,priority_score,flag_iqr_mild,flag_iqr_extreme,flag_mad_moderate,flag_mad_strong,flag_mad_extreme,flag_p99,typology,med_RMSE,mad_RMSE,med_absBias,mad_absBias,med_delta_mur,mad_delta_mur,z_monthly_RMSE,z_monthly_absBias
2015-03-03,5279,0.37770411062701265,0.38,0.005522068570344375,0.37,0.37,0.38,0.38,0.38,0.39,0.39,0.37,0.39,2015,3,3,62,5279,26.575884,26.571,0.11993533,26.255,26.883,26.827051,26.829264,0.038275555,26.743,26.897999,-0.25114742,-0.23934555,0.10453958,-0.6047993,0.6047993,-0.497848,-0.44907436,-0.08959885,-0.042515222,0.27203643,0.25114742,0.25114742,0.25114742,0.92321247,-4.1446986,-0.0431137084960937,0.0431137084960937,-0.022348403930664,0.022348403930664,-0.0207653045654296,0.0207653045654296,0.06710674,0.45734128,-0.8432612553551555,-0.9612334,52.4390243902439,65.10701841712294,11.00049776007964,10.452961672473869,42.8488468558155,False,False,False,False,False,False,Tipo A (Desplazamiento Regional),0.23713572,0.08614729,0.17964102,0.10387907,0.0633296966552734,0.0411758422851562,0.27325907,0.4643001
2020-01-03,5279,0.3804243227884069,0.38,0.006715182518422293,0.37,0.38,0.38,0.38,0.39,0.39,0.39,0.37,0.4,2020,1,3,3,5279,27.950272,27.95,0.089097366,27.594,28.176,28.22112,28.223,0.031430066,28.16,28.2696,-0.2707916,-0.27126312,0.093461536,-0.6716728,0.6716728,-0.49059618,-0.41993085,-0.12661839,-0.084987335,0.28646576,0.2707916,0.2707916,0.2707916,0.9452843,-9.337503,0.3595962524414062,0.3595962524414062,0.3506011962890625,0.3506011962890625,0.0089950561523437,0.0089950561523437,0.18069234,0.5808624,-0.9701792623988048,-1.140081,56.37132901941264,68.66600298656049,4.6042807366849186,5.724240915878546,43.21387091421935,False,False,False,False,False,False,Tipo A (Desplazamiento Regional),0.23735332,0.06493652,0.1487393,0.085642576,0.0670909881591796,0.0458850860595703,0.5101342,0.96125406
2020-02-20,5279,0.3723584012123508,0.37,0.004458516350129335,0.37,0.37,0.37,0.37,0.38,0.38,0.38,0.37,0.39,2020,2,20,51,5279,27.322237,27.327,0.069453955,26.986,27.509,27.088715,27.0944,0.020171838,27.05,27.126999,0.23363215,0.23771286,0.065256864,-0.12058067,0.44099998,0.061782684,0.12439728,0.32661915,0.37937474,0.24257405,0.23409915,-0.23363215,0.23363215,0.96313745,-11.198173,0.0722599029541015,0.0722599029541015,0.0451488494873046,0.0451488494873046,0.0271110534667968,0.0271110534667968,-0.16481687,0.3472065,-0.7748353585095517,-1.5954268,43.62867098058736,62.02090592334495,15.032354405176704,0.5973120955699354,40.22731043636967,False,False,False,False,False,False,Tipo A (Desplazamiento Regional),0.21219364,0.06781399,0.13130534,0.0764733,0.0675640106201171,0.041269302368164,0.30217347,0.9025297
2020-11-24,5279,0.37807160447054367,0.38,0.00716182304457928,0.37,0.37,0.38,0.38,0.39,0.39,0.39,0.37,0.4,2020,11,24,329,5279,28.419075,28.42,0.1145787,28.053,28.779,28.175827,28.173084,0.05334909,28.067999,28.27,0.24330704,0.23500061,0.1371115,-0.18622017,0.6889992,-0.1170224,0.016000748,0.50216943,0.5796434,0.27928096,0.24985573,-0.24330704,0.24330704,0.8711909,-4.941209,-0.0380229949951171,0.0380229949951171,-0.0217151641845703,0.0217151641845703,-0.0163078308105468,0.0163078308105468,0.12413461,0.40804157,-0.8913259746001738,-0.4353814,54.35540069686411,63.48929815828771,8.636137381781982,32.37929318068691,43.36734693877551,False,False,False,False,False,False,Tipo A (Desplazamiento Regional),0.26972467,0.08221536,0.19029446,0.11150809,0.0838174819946289,0.0578107833862304,0.07840043,0.32066718
2020-12-24,5279,0.3813923091494601,0.38,0.00602241389897569,0.37,0.38,0.38,0.38,0.39,0.39,0.39220000000000255,0.37,0.4,2020,12,24,359,5279,27.434813,27.465,0.14326343,26.832,27.792,27.260723,27.273207,0.05106979,27.152,27.3574,0.17403632,0.20059776,0.16770254,-0.3199997,0.49200058,-0.23765182,-0.16601276,0.41105938,0.45996773,0.24168725,0.21154018,-0.17403632,0.17403632,0.72008896,-1.8460124,-0.0176906585693359,0.0176906585693359,-0.0756454467773437,0.0756454467773437,0.0579547882080078,0.0579547882080078,-0.17179762,-0.027527744,-0.4422488908539281,0.05849058,43.15579890492782,48.65604778496764,32.03086112493778,52.215032354405174,47.685415629666494,False,False,False,False,False,False,Tipo B (Discrepancia Espacial),0.23383082,0.075619295,0.17003478,0.09350495,0.0721950531005859,0.0425930023193359,0.07007684,0.028865216
2021-02-26,5279,0.38431142261792,0.38,0.005642504062582216,0.38,0.38,0.38,0.39,0.39,0.39,0.4,0.37,0.4,2021,2,26,57,5279,27.16987,27.176,0.114420414,26.782,27.57,26.924288,26.938179,0.06557768,26.800987,27.042599,0.24554873,0.22367668,0.14591314,-0.17258072,0.75500107,-0.037809752,0.030755997,0.490143,0.6297587,0.28563055,0.24736625,-0.24554873,0.24554873,0.8596725,-5.2316394,-0.019195556640625,0.019195556640625,0.0094890594482421,0.0094890594482421,-0.0286846160888671,0.0286846160888671,0.17411768,0.4221371,-0.7578677105090638,-0.2932848,56.147336983573915,63.98705823792932,16.00298656047785,38.576406172224985,47.36187157789945,False,False,False,False,False,False,Tipo A (Desplazamiento Regional),0.21219364,0.06781399,0.13130534,0.0764733,0.0675640106201171,0.041269302368164,0.73042744,1.0076348
2021-05-26,5279,0.38338700511460505,0.38,0.010155453470266694,0.37,0.38,0.38,0.39,0.4,0.4,0.4,0.36,0.41000000000000003,2021,5,26,146,5279,28.187479,28.202,0.12498227,27.593,28.521,28.41869,28.422691,0.03787777,28.35265,28.50642,-0.2314536,-0.21600151,0.12628573,-0.83919907,0.83919907,-0.650624,-0.45297375,-0.061627008,0.0072198487,0.263664,0.23211512,0.2314536,0.2314536,0.8778354,-3.45046,0.0220718383789062,0.0220718383789062,-0.044046401977539,0.044046401977539,0.0661182403564453,0.0661182403564453,0.0012002115,0.33350796,-0.3542227897120031,-0.61015624,50.04977600796416,61.59780985564958,35.66450970632155,24.315579890492785,49.1040318566451,False,False,False,False,False,False,Tipo A (Desplazamiento Regional),0.24246086,0.07290666,0.16955584,0.09547052,0.076456069946289,0.051788330078125,0.19616207,0.43730816
2021-09-21,5279,0.3861356317484372,0.39,0.007941905083122766,0.37,0.38,0.39,0.39,0.4,0.4,0.4,0.37,0.4,2021,9,21,264,5279,29.278652,29.255,0.19685696,28.873,29.758,29.117197,29.104477,0.055868812,29.022179,29.310099,0.16142073,0.14949799,0.17569739,-0.26222038,0.62628365,-0.16393647,-0.09866524,0.4629267,0.5702867,0.23859228,0.18882503,-0.16142073,0.16142073,0.67655474,-0.46896446,0.0180301666259765,0.0180301666259765,-0.0978145599365234,0.0978145599365234,0.1158447265625,0.1158447265625,-0.1961608,-0.10685368,0.1819754539494747,0.18756205,42.035838725734195,45.39571926331508,56.32155301144848,57.54106520657043,49.78845196615231,False,False,False,False,False,False,Tipo B (Discrepancia Espacial),0.3080101,0.08713323,0.19861373,0.111794904,0.0988540649414062,0.0667476654052734,-0.53736466,-0.22439912
2021-10-10,5279,0.3843663572646334,0.38,0.007476115470545237,0.37,0.38,0.38,0.39,0.39,0.4,0.4,0.37,0.4,2021,10,10,283,5279,29.77986,29.798,0.187028,29.213,30.211,29.591814,29.6192,0.06413507,29.410599,29.667799,0.18811426,0.1889801,0.15005048,-0.27149963,0.55680084,-0.20780174,-0.08238049,0.43914968,0.5176887,0.24062827,0.2081577,-0.18811426,0.18811426,0.7817629,-0.65531254,-0.0993576049804687,0.0993576049804687,0.0010929107666015,0.0010929107666015,-0.1004505157470703,0.1004505157470703,-0.18013376,0.06099328,0.0159804393895503,-0.22649026,42.75759084121453,52.11548033847685,50.721752115480335,41.09009457441513,48.53160776505724,False,False,False,False,False,False,Tipo B (Discrepancia Espacial),0.29743415,0.10417381,0.21814638,0.13319713,0.0951881408691406,0.05908203125,-0.3678042,-0.15208039
2021-12-24,5279,0.38617541200985034,0.39,0.0050435040242998875,0.38,0.38,0.39,0.39,0.39,0.39,0.39,0.38,0.4,2021,12,24,358,5279,28.085934,28.108,0.13637125,27.566,28.295,27.85649,27.87266,0.061453663,27.58378,27.938599,0.2295049,0.24603653,0.13150148,-0.2638111,0.47841072,-0.18795013,-0.014266205,0.41030177,0.45128757,0.26450884,0.24074301,-0.2295049,0.2295049,0.8676644,-2.7621384,-0.0255775451660156,0.0255775451660156,-0.0923919677734375,0.0923919677734375,0.0668144226074218,0.0668144226074218,0.0078506395,0.32125467,-0.3467158908996661,-0.52595145,50.39820806371329,61.14982578397212,35.91338974614236,27.824788451966153,49.153807864609256,False,False,False,False,False,False,Tipo A (Desplazamiento Regional),0.23383082,0.075619295,0.17003478,0.09350495,0.0721950531005859,0.0425930023193359,0.27363816,0.42898896
2022-03-24,5279,0.39127107406705824,0.39,0.004927415813369933,0.38,0.39,0.39,0.39,0.4,0.4,0.4,0.38,0.4,2022,3,24,83,5279,27.551535,27.527,0.08770725,27.366,27.812,27.287203,27.27912,0.030955821,27.242756,27.416779,0.26440176,0.24916077,0.10543983,0.06719971,0.53779984,0.08978374,0.10848121,0.46584186,0.5154752,0.28464976,0.26440176,-0.26440176,0.26440176,0.928867,-9.532965,0.0274791717529296,0.0274791717529296,0.0182209014892578,0.0182209014892578,0.0092582702636718,0.0092582702636718,0.16639702,0.5406836,-0.9673410376423596,-0.94669956,55.84868093578896,67.49626679940269,4.70383275261324,11.025385764061722,42.6829268292683,False,False,False,False,False,False,Tipo A (Desplazamiento Regional),0.23713572,0.08614729,0.17964102,0.10387907,0.0633296966552734,0.0411758422851562,0.37201655,0.5503622
2022-09-26,5279,0.3836673612426596,0.38,0.008315158531391961,0.37,0.38,0.38,0.39,0.4,0.4,0.4,0.37,0.4,2022,9,26,269,5279,29.702198,29.689,0.134975,29.384,30.166,29.93189,29.939001,0.06257887,29.807487,30.10314,-0.22972849,-0.2503128,0.13083957,-0.48341942,0.48341942,-0.44924992,-0.40200597,0.000114250186,0.14830723,0.26437524,0.23806673,0.22972849,0.22972849,0.8689486,-2.836497,-0.0918388366699218,0.0918388366699218,-0.0952415466308593,0.0952415466308593,0.0034027099609375,0.0034027099609375,0.00679893,0.3226606,-1.0304812550502356,-0.5366375,50.373320059731206,61.24937779990045,1.7421602787456445,27.600796416127427,38.98705823792932,False,False,False,False,False,False,Tipo A (Desplazamiento Regional),0.3080101,0.08713323,0.19861373,0.111794904,0.0988540649414062,0.0667476654052734,-0.3377783,0.18772684
2023-01-02,5279,0.3875393066868725,0.39,0.007086930705708876,0.38,0.38,0.39,0.39,0.4,0.4,0.4,0.38,0.4,2023,1,2,2,5279,27.443829,27.502,0.21232125,26.578,27.866,27.250538,27.267452,0.08608051,26.90766,27.383099,0.19331351,0.22332382,0.14257374,-0.45699692,0.5854988,-0.2333643,-0.09803791,0.3736084,0.4469023,0.24020304,0.21503544,-0.19331351,0.19331351,0.8047921,-0.27988243,-0.0606613159179687,0.0606613159179687,0.0422801971435546,0.0422801971435546,-0.1029415130615234,0.1029415130615234,-0.18348116,0.09368582,0.0428407403454742,-0.34719712,42.58337481333997,53.16077650572424,52.09059233449478,36.23693379790941,49.27824788451966,False,False,False,False,False,False,Tipo B (Discrepancia Espacial),0.23735332,0.06493652,0.1487393,0.085642576,0.0670909881591796,0.0458850860595703,0.02960016,0.35105562
2023-02-02,5279,0.3845974616404622,0.38,0.004983769945442975,0.38,0.38,0.38,0.39,0.39,0.39,0.39,0.38,0.39,2023,2,2,33,5279,27.18638,27.198,0.10161319,26.512,27.455,26.92775,26.93128,0.05258943,26.7122,27.008,0.2586601,0.26154137,0.09498023,-0.22140312,0.49787903,0.013159637,0.09700012,0.40350837,0.45784545,0.2755469,0.25984338,-0.2586601,0.2586601,0.93871534,-6.3534474,-0.056497573852539,0.056497573852539,-0.0251617431640625,0.0251617431640625,-0.0313358306884765,0.0313358306884765,0.09474069,0.50458056,-0.7292797944839993,-1.1155627,53.3349925335988,66.37630662020906,17.19761075161772,6.669985067197611,45.63630330180853,False,False,False,False,False,False,Tipo A (Desplazamiento Regional),0.21219364,0.06781399,0.13130534,0.0764733,0.0675640106201171,0.041269302368164,0.6301322,1.1232781
2023-03-02,5279,0.3852263686304225,0.38,0.005500253821256518,0.38,0.38,0.38,0.39,0.39,0.39,0.4,0.38,0.4,2023,3,2,61,5279,26.948763,26.955,0.068561144,26.642,27.134,26.716614,26.734276,0.05356654,26.48338,26.777998,0.23207107,0.230402,0.072114706,-0.03466034,0.43791962,0.01788311,0.10939331,0.3520523,0.40040657,0.24301694,0.23222692,-0.23207107,0.23207107,0.9549584,-11.563684,-0.0675220489501953,0.0675220489501953,-0.0064849853515625,0.0064849853515625,-0.0610370635986328,0.0610370635986328,-0.16133049,0.3373906,-0.409012867619033,-1.4847114,43.7033349925336,61.672473867595826,33.84768541562967,1.1946241911398707,46.40783142525303,False,False,False,False,False,False,Tipo A (Desplazamiento Regional),0.23713572,0.08614729,0.17964102,0.10387907,0.0633296966552734,0.0411758422851562,0.046047676,0.34043494
2023-03-21,5279,0.3869615457473007,0.39,0.004713082351525816,0.38,0.38,0.39,0.39,0.39,0.39,0.39,0.38,0.4,2023,3,21,80,5279,26.938917,26.96,0.11186245,26.428,27.202,26.679604,26.69258,0.031986933,26.585098,26.717999,0.25936386,0.27835655,0.09999528,-0.2599392,0.49256134,-0.03757553,0.051761627,0.39144707,0.44052646,0.2779725,0.26148978,-0.25936386,0.25936386,0.9330559,-5.1749716,-0.0596675872802734,0.0596675872802734,-0.0688190460205078,0.0688190460205078,0.0091514587402343,0.0091514587402343,0.11383452,0.50900567,-0.9684927810217864,-1.0345981,54.00696864111498,66.60029865604778,4.654056744649079,8.56147336983574,41.75377468060395,False,False,False,False,False,False,Tipo A (Desplazamiento Regional),0.23713572,0.08614729,0.17964102,0.10387907,0.0633296966552734,0.0411758422851562,0.3197361,0.5176505
2023-04-06,5279,0.38261413146429246,0.38,0.004466731770050822,0.38,0.38,0.38,0.39,0.39,0.39,0.39,0.37,0.39,2023,4,6,96,5279,27.398172,27.394,0.09082934,27.155,27.666,27.172884,27.160389,0.038953003,27.107,27.31202,0.2252271,0.21572304,0.09004906,0.0066604614,0.49443817,0.049810525,0.088660814,0.3809929,0.45146897,0.24256131,0.2252271,-0.2252271,0.2252271,0.9285368,-6.131662,-0.0228271484375,0.0228271484375,0.0344696044921875,0.0344696044921875,-0.0572967529296875,0.0572967529296875,-0.16491717,0.2943562,-0.4493444527450412,-1.1951733,43.5788949726232,60.22896963663514,31.75709308113489,4.6042807366849186,45.18831923013107,False,False,False,False,False,False,Tipo A (Desplazamiento Regional),0.24199413,0.0680778,0.1772592,0.08960749,0.0775384902954101,0.0533533096313476,0.005619524,0.36106738
2023-09-28,5279,0.39569804887289256,0.4,0.006152120515340231,0.39,0.39,0.4,0.4,0.4,0.41000000000000003,0.41000000000000003,0.39,0.41000000000000003,2023,9,28,271,5279,29.852026,29.866,0.15783232,29.434,30.269,30.050549,30.053,0.0893455,29.885887,30.261618,-0.19852108,-0.22099876,0.13497122,-0.5230408,0.5230408,-0.49464434,-0.39652234,0.048746683,0.15846916,0.24005817,0.21158443,0.19852108,0.19852108,0.8269707,-1.3133488,0.0551090240478515,0.0551090240478515,-0.0266685485839843,0.0266685485839843,0.0817775726318359,0.0817775726318359,-0.18462154,0.12643063,-0.1853689835495723,-0.46993485,42.48382279741165,54.35540069686411,42.906918865107016,30.836236933797913,46.582047453127586,False,False,False,False,False,False,Tipo B (Discrepancia Espacial),0.3080101,0.08713323,0.19861373,0.111794904,0.0988540649414062,0.0667476654052734,-0.5260172,-0.0005590244
2024-04-09,5279,0.37653343436256864,0.38,0.0059606884301146796,0.37,0.37,0.38,0.38,0.38,0.39,0.39,0.37,0.39,2024,4,9,100,5279,27.8106,27.804,0.12557602,27.425,28.13,27.565031,27.55352,0.06094754,27.437044,27.71,0.24559785,0.2525177,0.116740376,-0.11638069,0.5647602,-0.037524298,0.050635718,0.42659932,0.52868277,0.27193126,0.24724284,-0.24559785,0.24559785,0.9031615,-3.6892653,0.1289844512939453,0.1289844512939453,0.1228904724121093,0.1228904724121093,0.0060939788818359,0.0060939788818359,0.06627884,0.42244604,-1.001461435257886,-0.76425964,52.33947237431558,64.03683424589349,3.061224489795918,17.894474863115978,39.81251037000166,False,False,False,False,False,False,Tipo A (Desplazamiento Regional),0.24199413,0.0680778,0.1772592,0.08960749,0.0775384902954101,0.0533533096313476,0.29661056,0.51440364
2024-09-21,5279,0.3834608827429437,0.38,0.005009361803695325,0.38,0.38,0.38,0.39,0.39,0.39,0.4,0.38,0.4,2024,9,21,265,5279,30.565674,30.589,0.14423545,29.98,30.9,30.83747,30.86112,0.0780364,30.657244,30.97378,-0.27170628,-0.23460007,0.13415696,-0.7071266,0.7071266,-0.61271673,-0.53024065,-0.10908928,-0.05771763,0.3030216,0.2717151,0.27170628,0.27170628,0.89665645,-3.4137044,-0.0640144348144531,0.0640144348144531,-0.0471477508544921,0.0471477508544921,-0.0168666839599609,0.0168666839599609,0.31101757,0.58661395,-0.885299888704243,-0.48308054,60.60228969636635,68.81533101045297,9.109009457441514,30.11448481831757,46.17554338808694,False,False,False,False,False,False,Tipo A (Desplazamiento Regional),0.3080101,0.08713323,0.19861373,0.111794904,0.0988540649414062,0.0667476654052734,-0.038616005,0.44099438
