date,year,month,day,doy,N_valid,mean_MUR,median_MUR,std_MUR,min_MUR,max_MUR,mean_BIL,median_BIL,std_BIL,min_BIL,max_BIL,mean_residual,median_residual,std_residual,min_residual,max_residual,P01_residual,P05_residual,P95_residual,P99_residual,RMSE,MAE,Bias,abs_Bias,bias_fraction,R2,delta_MUR,abs_delta_MUR,delta_BIL,abs_delta_BIL,delta_difference,abs_delta_difference,z_robust_RMSE,z_robust_absBias,z_robust_delta_diff,z_robust_std_resid,pct_rank_RMSE,pct_rank_absBias,pct_rank_delta_diff,pct_rank_std_resid,priority_score,flag_iqr_mild,flag_iqr_extreme,flag_mad_moderate,flag_mad_strong,flag_mad_extreme,flag_p99,typology,med_RMSE,mad_RMSE,med_absBias,mad_absBias,med_delta_mur,mad_delta_mur,z_monthly_RMSE,z_monthly_absBias,event_id
2018-01-21,2018,1,21,21,5279,25.767979,25.745,0.43055758,24.998,26.429,26.376823,26.412086,0.11572142,26.0304,26.510761,-0.6088722,-0.6401119,0.40731683,-1.371254,1.371254,-1.3549995,-1.274532,-0.060004808,0.033499945,0.73255277,0.61039925,0.6088722,0.6088722,0.83116496,-1.8947787,-0.14791488647460938,0.14791488647460938,0.054256439208984375,0.054256439208984375,-0.20217132568359375,0.20217132568359375,3.6922247,2.706689,1.1128309066792699,3.926904,97.9342956694873,96.44101543056247,78.49676455948233,99.07914385266302,98.50671976107516,True,False,True,False,False,False,Tipo B (Discrepancia Espacial),0.23735332,0.06493652,0.1487393,0.085642576,0.06709098815917969,0.04588508605957031,5.14367,3.6238942,49
2021-01-17,2021,1,17,17,5279,26.780176,26.658,0.43341723,25.92,28.202,27.341032,27.33835,0.07228367,27.171219,27.528118,-0.5608392,-0.6988354,0.42283216,-1.2512188,1.2512188,-1.0932928,-0.9642433,0.4838051,0.7691432,0.70237386,0.6630016,0.5608392,0.5608392,0.79849094,-1.6261795,-0.616363525390625,0.616363525390625,0.032077789306640625,0.032077789306640625,-0.6484413146972656,0.6484413146972656,3.454661,2.404661,5.924938147001876,4.177388,97.51119960179193,95.22150323544052,99.12891986062718,99.3529118964659,98.43205574912892,True,True,True,True,False,True,Tipo B (Discrepancia Espacial),0.23735332,0.06493652,0.1487393,0.085642576,0.06709098815917969,0.04588508605957031,4.8301997,3.245598,93
2018-01-27,2018,1,27,27,5279,26.282688,26.303,0.15333337,25.857,26.626,26.913996,26.909098,0.15825328,26.65,27.2256,-0.63132864,-0.61551857,0.15629874,-1.1145134,1.1145134,-1.0544447,-0.9654392,-0.42980498,-0.38892663,0.6503883,0.63132864,0.63132864,0.63132864,0.97069496,-16.991695,-0.05853462219238281,0.05853462219238281,0.2657909393310547,0.2657909393310547,-0.3243255615234375,0.3243255615234375,3.0454378,2.8478935,2.430013995822598,-0.12561616,96.41612742658039,97.11299153807865,91.63763066202091,45.17172722747635,95.05558320889331,True,False,False,False,False,False,Tipo A (Desplazamiento Regional),0.23735332,0.06493652,0.1487393,0.085642576,0.06709098815917969,0.04588508605957031,4.290222,3.8007557,0
2016-01-31,2016,1,31,31,5279,27.08756,27.121,0.28351417,26.386,27.517,27.574638,27.607666,0.120752074,27.3454,27.72294,-0.4871482,-0.43702126,0.36373904,-1.3295555,1.3295555,-1.302315,-1.1510684,0.055599786,0.1346683,0.6079628,0.50045395,0.4871482,0.4871482,0.8012796,-3.5983763,-0.18231201171875,0.18231201171875,0.04801368713378906,0.04801368713378906,-0.23032569885253906,0.23032569885253906,2.7114704,1.9412972,1.4164181213886051,3.2233694,95.09706321553011,92.5335988053758,82.7775012444002,97.98407167745147,96.5405674464908,False,False,False,False,False,False,Tipo B (Discrepancia Espacial),0.23735332,0.06493652,0.1487393,0.085642576,0.06709098815917969,0.04588508605957031,3.8495455,2.6652257,0
2018-01-22,2018,1,22,22,5279,25.93476,25.959,0.40982938,25.05,26.584,26.35584,26.392963,0.121053495,26.0102,26.5261,-0.42105284,-0.3464985,0.38682345,-1.3305893,1.3305893,-1.2123157,-1.0484934,0.08172073,0.14757198,0.5717678,0.44157287,0.42105284,0.42105284,0.7364053,-0.9464047,0.1667804718017578,0.1667804718017578,-0.020982742309570312,0.020982742309570312,0.18776321411132812,0.18776321411132812,2.4265487,1.5256944,0.9574689515329847,3.5960517,93.72822299651567,88.35241413638626,75.68442010950722,98.75559980089596,96.24191139870581,False,False,False,False,False,False,Tipo B (Discrepancia Espacial),0.23735332,0.06493652,0.1487393,0.085642576,0.06709098815917969,0.04588508605957031,3.4735856,2.1446748,0
2019-01-21,2019,1,21,21,5279,26.580093,26.611,0.28445566,25.799,27.21,27.081173,27.078838,0.14843889,26.7,27.4023,-0.50111246,-0.4793682,0.2327069,-1.289732,1.289732,-1.0707734,-0.9046284,-0.18832818,-0.09420597,0.5525086,0.50111246,0.50111246,0.50111246,0.90697676,-2.772671,-0.3940258026123047,0.3940258026123047,-0.1774883270263672,0.1774883270263672,-0.2165374755859375,0.2165374755859375,2.274943,2.0291035,1.267740391212209,1.1079428,92.85714285714286,93.15579890492782,80.53758088601293,81.3588850174216,88.85017421602788,False,False,False,False,False,False,Tipo A (Desplazamiento Regional),0.23735332,0.06493652,0.1487393,0.085642576,0.06709098815917969,0.04588508605957031,3.273539,2.7752051,0
2020-01-18,2020,1,18,18,5279,27.251299,27.173,0.4414846,26.546,27.993,27.594437,27.594612,0.12254484,27.3361,27.83688,-0.3432071,-0.3938961,0.4120279,-1.0359993,1.0359993,-0.98200035,-0.9204992,0.24644108,0.3140334,0.53624463,0.4451914,0.3432071,0.3432071,0.64001966,-0.47534907,0.056301116943359375,0.056301116943359375,0.07306098937988281,0.07306098937988281,-0.016759872436523438,0.016759872436523438,2.1469154,1.0362059,-0.88645163208367,4.0029607,92.23494275759084,79.8158287705326,8.98456943753111,99.2284718765555,95.73170731707317,False,False,False,False,False,False,Tipo B (Discrepancia Espacial),0.23735332,0.06493652,0.1487393,0.085642576,0.06709098815917969,0.04588508605957031,3.104604,1.5315808,0
2022-01-30,2022,1,30,30,5279,27.538696,27.553,0.18237449,26.978,27.863,27.042793,27.02884,0.06705504,26.86774,27.192,0.4958942,0.5183506,0.18739927,-0.1310997,0.79434204,-0.0076417923,0.12537059,0.7355259,0.7678556,0.5301229,0.49691182,-0.4958942,0.4958942,0.93543255,-7.449381,-0.0648956298828125,0.0648956298828125,-0.18970489501953125,0.18970489501953125,0.12480926513671875,0.12480926513671875,2.0987258,1.9962914,0.27863963043710266,0.37648115,91.86162269785963,92.80736684917869,59.756097560975604,63.663514186162274,81.47502903600464,False,False,False,False,False,False,Tipo A (Desplazamiento Regional),0.23735332,0.06493652,0.1487393,0.085642576,0.06709098815917969,0.04588508605957031,3.041017,2.7341073,0
2023-01-07,2023,1,7,7,5279,27.753584,27.789,0.13154718,27.294,28.089,27.245571,27.245432,0.08592289,26.9479,27.412,0.50806653,0.5109997,0.12146621,0.110464096,0.776741,0.20607567,0.27534944,0.6981489,0.7370761,0.52238536,0.50806653,-0.50806653,0.50806653,0.97258955,-14.769536,0.08737373352050781,0.08737373352050781,-0.03745269775390625,0.03745269775390625,0.12482643127441406,0.12482643127441406,2.0378172,2.0728302,0.2788247320516534,-0.6879642,91.41363862618218,93.50423096067695,59.83076157292185,20.806371329019413,81.58287705326033,False,False,False,False,False,False,Tipo A (Desplazamiento Regional),0.23735332,0.06493652,0.1487393,0.085642576,0.06709098815917969,0.04588508605957031,2.9606469,2.8299735,0
2018-01-20,2018,1,20,20,5279,25.915894,25.978,0.35629356,24.907,26.435,26.322567,26.3671,0.114187166,26.0059,26.487299,-0.4067334,-0.39578438,0.2931453,-1.1114998,1.1114998,-1.0110662,-0.91932184,0.030191232,0.15000248,0.5013642,0.41765755,0.4067334,0.4067334,0.8112534,-0.9801158,-0.3398723602294922,0.3398723602294922,0.2772216796875,0.2772216796875,-0.6170940399169922,0.6170940399169922,1.8723415,1.4356548,5.586922031986096,2.0836804,90.29367844698855,86.8840219014435,98.88003982080637,92.70781483325037,92.01924672307946,True,True,True,True,False,False,Tipo B (Discrepancia Espacial),0.23735332,0.06493652,0.1487393,0.085642576,0.06709098815917969,0.04588508605957031,2.7422984,2.0318985,49
2017-02-19,2017,2,19,50,5279,26.694485,26.895,0.50218093,25.279,27.26,27.238667,27.2466,0.021386163,27.19,27.2768,-0.54434556,-0.33631325,0.5095078,-1.9731083,1.9731083,-1.9070779,-1.7098997,-0.06780052,0.014193382,0.7455942,0.545154,0.54434556,0.54434556,0.73008287,-1.2043705,-0.30100440979003906,0.30100440979003906,-0.15437698364257812,0.15437698364257812,-0.14662742614746094,0.14662742614746094,3.7948852,2.3009503,0.5139037825311399,5.576709,98.25783972125436,94.57441513190642,66.27675460428074,99.95022399203583,99.1040318566451,True,False,True,False,False,False,Tipo B (Discrepancia Espacial),0.21219364,0.06781399,0.13130534,0.0764733,0.06756401062011719,0.04126930236816406,5.3053746,3.6430442,34
2017-02-20,2017,2,20,51,5279,26.71551,26.927,0.5163023,25.324,27.237,27.144842,27.1441,0.035490077,27.076,27.223999,-0.42949593,-0.18309975,0.51521754,-1.8186607,1.8186607,-1.7608901,-1.5722278,0.038384438,0.1228434,0.67075706,0.44046926,0.42949593,0.42949593,0.6403152,-0.68780553,0.021024703979492188,0.021024703979492188,-0.09382438659667969,0.09382438659667969,0.11484909057617188,0.11484909057617188,3.2057776,1.578784,0.17123956030552973,5.668889,96.86411149825784,88.89995022399204,55.94823295171727,99.97511199601792,98.41961174713788,True,False,False,False,False,False,Tipo B (Discrepancia Espacial),0.21219364,0.06781399,0.13130534,0.0764733,0.06756401062011719,0.04126930236816406,4.561021,2.6300623,0
2020-02-23,2020,2,23,54,5279,27.622532,27.686,0.27001336,26.87,28.017,27.00495,27.049881,0.10679661,26.7202,27.11,0.6175248,0.6572399,0.1968267,0.042999268,0.9704399,0.17051572,0.23318024,0.88103884,0.920677,0.64813304,0.6175248,-0.6175248,0.6175248,0.95277476,-4.761794,0.009943008422851562,0.009943008422851562,-0.13283920288085938,0.13283920288085938,0.14278221130371094,0.14278221130371094,3.0276847,2.761096,0.472441020871766,0.52868074,96.21702339472374,96.73967147834743,65.25634644101544,68.04380288700847,86.07101377136219,True,False,False,False,False,False,Tipo A (Desplazamiento Regional),0.21219364,0.06781399,0.13130534,0.0764733,0.06756401062011719,0.04126930236816406,4.3359947,4.288491,0
2015-02-07,2015,2,7,38,5279,26.645142,26.62,0.18522239,26.057,27.216,27.204975,27.199747,0.11627641,26.942501,27.42,-0.55981463,-0.57509995,0.18597925,-0.9903145,0.9903145,-0.9125558,-0.7884201,-0.18121853,0.021093406,0.5898979,0.5609529,0.55981463,0.55981463,0.9490026,-9.143007,-0.01607513427734375,0.01607513427734375,0.2418842315673828,0.2418842315673828,-0.25795936584472656,0.25795936584472656,2.569266,2.3982186,1.7143905871232332,0.35355586,94.52463912394225,95.17172722747635,86.26182180189149,62.941762070681925,91.98606271777003,False,False,False,False,False,False,Tipo A (Desplazamiento Regional),0.21219364,0.06781399,0.13130534,0.0764733,0.06756401062011719,0.04126930236816406,3.7567687,3.7794824,0
2015-02-08,2015,2,8,39,5279,26.580763,26.595,0.1216723,26.002,26.84,27.135572,27.117384,0.11193112,26.91,27.36,-0.55481434,-0.56012535,0.15923476,-1.1352062,1.1352062,-0.95608526,-0.8390007,-0.29360753,-0.24855171,0.5772121,0.55481434,0.55481434,0.55481434,0.96119666,-21.505434,-0.06437873840332031,0.06437873840332031,-0.06940269470214844,0.06940269470214844,0.005023956298828125,0.005023956298828125,2.4694054,2.3667772,-1.0129994358982177,-0.07821606,94.00199104031857,94.89795918367348,2.4763563962170236,46.913887506222004,70.45793927327028,False,False,False,False,False,False,Tipo A (Desplazamiento Regional),0.21219364,0.06781399,0.13130534,0.0764733,0.06756401062011719,0.04126930236816406,3.630592,3.7353795,0
2021-02-11,2021,2,11,42,5279,27.172579,27.178,0.12454226,26.551,27.436,26.63342,26.64494,0.06814401,26.51,26.7539,0.5391203,0.5508785,0.1213463,0.039461136,0.839201,0.20794086,0.32421607,0.7202257,0.7666836,0.5526077,0.5391203,-0.5391203,0.5391203,0.97559315,-18.687948,-0.014417648315429688,0.014417648315429688,-0.09692955017089844,0.09692955017089844,0.08251190185546875,0.08251190185546875,2.2757235,2.2680943,-0.17745074781601136,-0.68990004,92.90691886510702,94.35042309606769,43.23046291687407,20.73170731707317,76.82926829268293,False,False,False,False,False,False,Tipo A (Desplazamiento Regional),0.21219364,0.06781399,0.13130534,0.0764733,0.06756401062011719,0.04126930236816406,3.385869,3.5969572,0
2020-02-22,2020,2,22,53,5279,27.612589,27.673,0.20046522,26.838,27.977,27.137789,27.160812,0.07306341,26.940199,27.229,0.47476745,0.49480057,0.15397425,-0.38199997,0.779932,-0.10545536,0.24119835,0.6877106,0.7454227,0.49911085,0.480075,-0.47476745,0.47476745,0.9512265,-5.1989183,0.2909526824951172,0.2909526824951172,-0.11369132995605469,0.11369132995605469,0.4046440124511719,0.4046440124511719,1.8546038,1.863448,3.296083883459621,-0.16314353,89.9701343952215,91.88651070184171,95.27127924340468,43.75311100049776,92.37597478015596,True,False,False,False,False,False,Tipo A (Desplazamiento Regional),0.21219364,0.06781399,0.13130534,0.0764733,0.06756401062011719,0.04126930236816406,2.8537717,3.0293603,0
2025-02-18,2025,2,18,49,5279,27.55625,27.577,0.12504348,26.663,27.748,27.097998,27.09232,0.054997567,26.9951,27.2481,0.45815232,0.47800064,0.11576726,-0.41495895,0.6667881,0.071851805,0.24619217,0.60510576,0.644544,0.47255218,0.4603821,-0.45815232,0.45815232,0.9695275,-13.281618,0.41934776306152344,0.41934776306152344,0.045276641845703125,0.045276641845703125,0.3740711212158203,0.3740711212158203,1.6455377,1.7589732,2.9664179079446877,-0.77996993,87.95420607267297,90.8909905425585,94.22598307615729,17.19761075161772,91.02372656379627,False,False,False,False,False,False,Tipo A (Desplazamiento Regional),0.21219364,0.06781399,0.13130534,0.0764733,0.06756401062011719,0.04126930236816406,2.5896106,2.8828137,0
2021-02-10,2021,2,10,41,5279,27.186996,27.191,0.101217546,26.746,27.416,26.73035,26.72552,0.055885814,26.63658,26.8279,0.45661286,0.46188354,0.08745642,0.09180069,0.67437935,0.21546836,0.2971611,0.5754196,0.65163577,0.46491218,0.45661286,-0.45661286,0.45661286,0.98214865,-20.097464,0.2787933349609375,0.2787933349609375,-0.012842178344726562,0.012842178344726562,0.29163551330566406,0.29163551330566406,1.5853966,1.7492932,2.0775188211797353,-1.2370297,87.30711796913887,90.79143852663016,89.19860627177701,3.6585365853658534,89.09905425584869,False,False,False,False,False,False,Tipo A (Desplazamiento Regional),0.21219364,0.06781399,0.13130534,0.0764733,0.06756401062011719,0.04126930236816406,2.5136206,2.8692355,0
2018-02-08,2018,2,8,39,5279,26.68167,26.641,0.19419743,26.25,27.197,26.250645,26.254492,0.06616218,26.15,26.3936,0.43099713,0.39082527,0.16514762,0.06320763,0.87143326,0.14984275,0.21669865,0.7413586,0.8218347,0.4615538,0.43099713,-0.43099713,0.43099713,0.93379605,-4.6488194,0.0974884033203125,0.0974884033203125,-0.20695877075195312,0.20695877075195312,0.3044471740722656,0.3044471740722656,1.5589601,1.5882233,2.215666326172798,0.017243046,87.00846192135391,88.99950223992036,90.14435042309607,50.74664011946241,88.71743819479012,False,False,False,False,False,False,Tipo A (Desplazamiento Regional),0.21219364,0.06781399,0.13130534,0.0764733,0.06756401062011719,0.04126930236816406,2.4802172,2.6433032,0
2016-03-06,2016,3,6,66,5279,26.214592,26.226,0.16553542,25.949,26.634,27.003412,27.015688,0.067156844,26.810999,27.09958,-0.7888131,-0.78728294,0.20983538,-1.1235924,1.1235924,-1.1134361,-1.069204,-0.46825886,-0.44696456,0.8162467,0.7888131,0.7888131,0.7888131,0.9663906,-23.314257,-0.2455902099609375,0.2455902099609375,-0.12305641174316406,0.12305641174316406,-0.12253379821777344,0.12253379821777344,4.351051,3.8381445,0.25410338308609415,0.73869723,98.83026381284222,98.88003982080637,58.95968143354903,73.14584370333499,85.9880537580886,True,False,True,False,False,False,Tipo A (Desplazamiento Regional),0.23713572,0.08614729,0.17964102,0.10387907,0.06332969665527344,0.04117584228515625,4.534215,3.9554317,18
2022-03-16,2022,3,16,75,5279,27.904099,27.964,0.1970867,27.05,28.2,27.204279,27.202076,0.050325494,27.1048,27.287739,0.69980276,0.74139977,0.17543963,-0.074100494,0.9750328,0.10737091,0.31775397,0.90146923,0.9414718,0.7214589,0.6999478,-0.69980276,0.69980276,0.9699828,-12.400115,0.3600444793701172,0.3600444793701172,0.11581230163574219,0.11581230163574219,0.244232177734375,0.244232177734375,3.6048954,3.2784536,1.5663709960207954,0.18340068,97.88451966152316,98.15828770532603,84.59432553509208,57.366849178695865,93.54571096731377,True,False,True,False,False,False,Tipo A (Desplazamiento Regional),0.23713572,0.08614729,0.17964102,0.10387907,0.06332969665527344,0.04117584228515625,3.7920632,3.3774762,112
2016-03-07,2016,3,7,67,5279,26.147175,26.169,0.11890023,25.874,26.456,26.822632,26.85058,0.08602025,26.496502,26.928804,-0.67542386,-0.66957283,0.11464624,-1.0477409,1.0477409,-0.95273495,-0.87514323,-0.4838852,-0.43447036,0.68508434,0.67542386,0.67542386,0.67542386,0.98589885,-32.198826,-0.06741714477539062,0.06741714477539062,-0.18078041076660156,0.18078041076660156,0.11336326599121094,0.11336326599121094,3.3185601,3.125161,0.15521798722385693,-0.7980681,97.11299153807865,97.8098556495769,55.599800895968144,16.40119462419114,83.5075493612079,True,False,False,False,False,False,Tipo A (Desplazamiento Regional),0.23713572,0.08614729,0.17964102,0.10387907,0.06332969665527344,0.04117584228515625,3.5072644,3.219181,0
2016-03-05,2016,3,5,65,5279,26.460182,26.473,0.095616475,26.179,26.655,27.126469,27.139627,0.101857685,26.866,27.279999,-0.66619825,-0.62800026,0.11856152,-1.091999,1.091999,-1.0177512,-0.9202763,-0.53785384,-0.52967787,0.6766695,0.66619825,0.66619825,0.66619825,0.9845253,-49.0827,-0.2449054718017578,0.2449054718017578,0.045169830322265625,0.045169830322265625,-0.29007530212402344,0.29007530212402344,3.2523196,3.067151,2.0606951411016756,-0.7348585,96.96366351418617,97.68541562966651,89.02439024390245,19.014435042309607,94.5578231292517,True,False,False,False,False,False,Tipo A (Desplazamiento Regional),0.23713572,0.08614729,0.17964102,0.10387907,0.06332969665527344,0.04117584228515625,3.4413793,3.159278,0
2024-03-27,2024,3,27,87,5279,28.032402,28.078,0.20185728,27.392,28.331,27.404133,27.394772,0.041909356,27.3426,27.591318,0.6283664,0.6555767,0.18460882,0.020500183,0.88147736,0.07295639,0.25764292,0.85081786,0.8724567,0.65492386,0.6283664,-0.6283664,0.6283664,0.9594496,-9.526712,0.23143577575683594,0.23143577575683594,0.09983444213867188,0.09983444213867188,0.13160133361816406,0.13160133361816406,3.081141,2.8292673,0.35187816926102666,0.33143115,96.49079143852663,97.06321553011449,62.120457939273265,62.120457939273265,85.22482163597147,True,False,False,False,False,False,Tipo A (Desplazamiento Regional),0.23713572,0.08614729,0.17964102,0.10387907,0.06332969665527344,0.04117584228515625,3.2711196,2.9136312,0
2020-03-10,2020,3,10,70,5279,27.345026,27.368,0.19602837,26.501,27.69,26.731356,26.73636,0.059491914,26.611,26.8695,0.6136101,0.64154434,0.19812936,-0.21593666,0.9702282,-0.061458282,0.27817136,0.8957752,0.9423372,0.64480394,0.61649936,-0.6136101,0.6136101,0.9516227,-9.819757,0.04166984558105469,0.04166984558105469,-0.24946212768554688,0.24946212768554688,0.29113197326660156,0.29113197326660156,3.001479,2.7364805,2.072089173819579,0.5497113,96.1423593827775,96.64011946241912,89.12394225983076,68.71577899452464,93.96880703500914,False,False,False,False,False,False,Tipo A (Desplazamiento Regional),0.23713572,0.08614729,0.17964102,0.10387907,0.06332969665527344,0.04117584228515625,3.1918848,2.8178165,0
2021-03-31,2021,3,31,90,5279,27.259256,27.26,0.07313313,27.02,27.434,26.654438,26.654024,0.04315862,26.558023,26.760698,0.6048815,0.5960007,0.09146637,0.33494186,0.8068981,0.39766654,0.45694026,0.7657072,0.7906701,0.6117594,0.6048815,-0.6048815,0.6048815,0.9887572,-68.973404,0.03852272033691406,0.03852272033691406,0.015956878662109375,0.015956878662109375,0.022565841674804688,0.022565841674804688,2.7413568,2.6815958,-0.823846152673385,-1.1722916,95.2463912394226,96.41612742658039,12.045793927327027,5.1020408163265305,67.90277086444334,False,False,False,False,False,False,Tipo A (Desplazamiento Regional),0.23713572,0.08614729,0.17964102,0.10387907,0.06332969665527344,0.04117584228515625,2.9331589,2.7611406,0
2021-03-30,2021,3,30,89,5279,27.220734,27.22,0.08745381,26.956,27.51,26.638481,26.641459,0.029190794,26.565563,26.743599,0.5822639,0.58958435,0.08681207,0.2887516,0.8438816,0.34463748,0.42985535,0.7036381,0.7540464,0.5886995,0.5822639,-0.5822639,0.5822639,0.98906803,-44.313732,0.18674278259277344,0.18674278259277344,0.05023956298828125,0.05023956298828125,0.1365032196044922,0.1365032196044922,2.5598328,2.539378,0.404734963638304,-1.2474322,94.40019910403186,95.81881533101046,63.389746142359385,3.484320557491289,84.53625352580057,False,False,False,False,False,False,Tipo A (Desplazamiento Regional),0.23713572,0.08614729,0.17964102,0.10387907,0.06332969665527344,0.04117584228515625,2.7526088,2.6142814,0
2024-03-15,2024,3,15,75,5279,27.711718,27.717,0.111734405,27.228,27.934,27.201445,27.181625,0.09179251,27.0495,27.4672,0.51032364,0.5223694,0.12944663,0.17850113,0.77314377,0.25621104,0.29143888,0.71677667,0.7570883,0.52648467,0.51032364,-0.51032364,0.51032364,0.9693039,-21.202282,-0.06128883361816406,0.06128883361816406,-0.06350326538085938,0.06350326538085938,0.0022144317626953125,0.0022144317626953125,2.0700865,2.0870228,-1.0432944001463615,-0.5591257,91.68740666998507,93.55400696864112,0.9955201592832255,26.43106022896964,62.07897793263646,False,False,False,False,False,False,Tipo A (Desplazamiento Regional),0.23713572,0.08614729,0.17964102,0.10387907,0.06332969665527344,0.04117584228515625,2.2654905,2.1471643,0
2021-03-24,2021,3,24,83,5279,26.900925,26.905,0.110277675,26.56,27.176,26.386124,26.38068,0.05959266,26.2932,26.52942,0.5148035,0.52710915,0.10287586,0.171381,0.7692604,0.26553506,0.33611774,0.6708738,0.7109883,0.524982,0.5148035,-0.5148035,0.5148035,0.9806118,-21.662798,0.15642738342285156,0.15642738342285156,0.08461380004882812,0.08461380004882812,0.07181358337402344,0.07181358337402344,2.0582576,2.115192,-0.2928101873732677,-0.9880931,91.58785465405674,93.65355898456944,38.153310104529616,9.507217521154804,74.46490791438526,False,False,False,False,False,False,Tipo A (Desplazamiento Regional),0.23713572,0.08614729,0.17964102,0.10387907,0.06332969665527344,0.04117584228515625,2.253725,2.1762526,0
2021-04-30,2021,4,30,120,5279,27.414307,27.417,0.2515205,26.861,27.994,28.066954,28.087883,0.06566804,27.82762,28.15774,-0.65269536,-0.64525604,0.24424331,-1.2217503,1.2217503,-1.1449218,-1.0601171,-0.26934546,-0.17055054,0.69689864,0.65269536,0.65269536,0.65269536,0.9365714,-6.6770153,0.10527229309082031,0.10527229309082031,0.1547698974609375,0.1547698974609375,-0.04949760437011719,0.04949760437011719,3.4115605,2.982246,-0.5334422862892775,1.2941904,97.36187157789945,97.41164758586362,27.3768043802887,84.22100547536088,90.79143852663017,True,False,False,False,False,False,Tipo A (Desplazamiento Regional),0.24199413,0.0680778,0.1772592,0.08960749,0.07753849029541016,0.053353309631347656,4.5070944,3.5787375,0
2019-04-09,2019,4,9,99,5279,27.628899,27.628,0.08595117,27.324,27.802,26.969742,26.97,0.05562008,26.872776,27.1412,0.65912306,0.6597004,0.11896859,0.23583984,0.8954792,0.3358263,0.45709,0.85244334,0.8838005,0.6697735,0.65912306,-0.65912306,0.65912306,0.98409843,-59.72288,0.004085540771484375,0.004085540771484375,-0.22179794311523438,0.22179794311523438,0.22588348388671875,0.22588348388671875,3.1980357,3.0226629,1.3685179369120761,-0.7282866,96.81433549029367,97.5609756097561,82.1304131408661,19.263315082130415,92.16857474697196,True,False,False,False,False,False,Tipo A (Desplazamiento Regional),0.24199413,0.0680778,0.1772592,0.08960749,0.07753849029541016,0.053353309631347656,4.238344,3.6271203,0
2015-04-30,2015,4,30,120,5279,27.005054,27.017,0.26295716,26.541,27.486,27.62491,27.616602,0.10710711,27.443193,27.83748,-0.61987066,-0.59950066,0.20146795,-0.9574127,0.9574127,-0.9533078,-0.94322395,-0.30977955,-0.2879206,0.6517891,0.61987066,0.61987066,0.61987066,0.9510295,-5.143902,-0.00910186767578125,0.00910186767578125,0.550262451171875,0.550262451171875,-0.5593643188476562,0.5593643188476562,3.0564651,2.7758467,4.964425302251834,0.6036106,96.44101543056247,96.83922349427576,98.2080637132902,70.15928322548531,97.1627675460428,True,False,True,False,False,False,Tipo A (Desplazamiento Regional),0.24199413,0.0680778,0.1772592,0.08960749,0.07753849029541016,0.053353309631347656,4.060159,3.331657,1
2016-04-20,2016,4,20,111,5279,27.682102,27.699,0.19131608,27.29,28.105,28.275724,28.327303,0.12084931,27.906599,28.41,-0.5936316,-0.6207123,0.2360972,-1.0979214,1.0979214,-1.035851,-0.9458054,-0.18202992,-0.008691216,0.6388594,0.59391254,0.5936316,0.5936316,0.9292054,-10.150842,0.18509483337402344,0.18509483337402344,0.4136524200439453,0.4136524200439453,-0.22855758666992188,0.22855758666992188,2.954684,2.6108575,1.3973526550898752,1.1626768,96.06769537083126,96.19213539074167,82.62817322050772,82.42906918865107,91.62933466069354,False,False,False,False,False,False,Tipo A (Desplazamiento Regional),0.24199413,0.0680778,0.1772592,0.08960749,0.07753849029541016,0.053353309631347656,3.932054,3.1341486,0
2021-04-29,2021,4,29,119,5279,27.309034,27.333,0.18173717,26.778,27.704,27.912184,27.924839,0.06943438,27.69786,27.99994,-0.6029295,-0.58644867,0.20230655,-1.2168846,1.2168846,-1.1200632,-0.98225844,-0.30096054,-0.25285354,0.63596463,0.6029295,0.6029295,0.6029295,0.948055,-11.245552,-0.25249481201171875,0.25249481201171875,0.11077499389648438,0.11077499389648438,-0.3632698059082031,0.3632698059082031,2.931897,2.6693218,2.8499478587001263,0.61714935,95.99303135888502,96.34146341463415,93.80288700846192,70.50771528123444,95.37912726066037,False,False,False,False,False,False,Tipo A (Desplazamiento Regional),0.24199413,0.0680778,0.1772592,0.08960749,0.07753849029541016,0.053353309631347656,3.9033735,3.204136,0
2023-04-21,2023,4,21,111,5279,28.014381,28.043,0.15230095,27.545,28.366,27.397995,27.39861,0.06799313,27.292686,27.6428,0.6163957,0.6412296,0.14230442,0.18860054,0.9480152,0.28337634,0.35937995,0.8077358,0.8523153,0.6326081,0.6163957,-0.6163957,0.6163957,0.97437215,-16.252985,0.033786773681640625,0.033786773681640625,0.021478652954101562,0.021478652954101562,0.012308120727539062,0.012308120727539062,2.905475,2.7539964,-0.9344546507905048,-0.35154516,95.79392732702837,96.68989547038328,6.3962170233947235,36.062717770034844,66.29334660693546,False,False,False,False,False,False,Tipo A (Desplazamiento Regional),0.24199413,0.0680778,0.1772592,0.08960749,0.07753849029541016,0.053353309631347656,3.870118,3.3055,0
2023-04-20,2023,4,20,110,5279,27.980595,27.983,0.16416045,27.332,28.28,27.376516,27.3814,0.06980909,27.241999,27.623798,0.6041599,0.63000107,0.1395045,0.043663025,0.8810749,0.29406953,0.3723421,0.7962208,0.82326716,0.6200571,0.6041599,-0.6041599,0.6041599,0.9743617,-13.266792,0.19725418090820312,0.19725418090820312,0.038158416748046875,0.038158416748046875,0.15909576416015625,0.15909576416015625,2.8066752,2.6770585,0.6483492552331874,-0.39674792,95.47038327526133,96.36635141861622,69.5370831259333,34.04678944748631,87.12460593993694,False,False,False,False,False,False,Tipo A (Desplazamiento Regional),0.24199413,0.0680778,0.1772592,0.08960749,0.07753849029541016,0.053353309631347656,3.745765,3.2133975,0
2017-04-29,2017,4,29,119,5279,27.221056,27.216,0.070802644,27.079,27.481,27.805565,27.8136,0.07298038,27.654001,27.92,-0.58453447,-0.5918083,0.13202573,-0.84000015,0.84000015,-0.8327307,-0.80088216,-0.33997574,-0.23671111,0.59925824,0.58453447,0.58453447,0.58453447,0.97543,-70.63563,-0.3622932434082031,0.3622932434082031,0.12166023254394531,0.12166023254394531,-0.48395347595214844,0.48395347595214844,2.6429493,2.553655,4.15127390953027,-0.5174877,94.82329517172722,95.8934793429567,96.98855151816824,28.397212543554005,95.90177534428405,True,False,True,False,False,False,Tipo A (Desplazamiento Regional),0.24199413,0.0680778,0.1772592,0.08960749,0.07753849029541016,0.053353309631347656,3.5396945,3.065672,36
2020-04-19,2020,4,19,110,5279,28.27002,28.313,0.15076683,27.827,28.547,27.700592,27.6996,0.04218558,27.630999,27.800999,0.56935275,0.63433456,0.16068013,0.079624176,0.8466015,0.20040947,0.25511742,0.7585398,0.8040328,0.591592,0.56935275,-0.56935275,0.56935275,0.96240777,-14.396889,0.030918121337890625,0.030918121337890625,-0.08020591735839844,0.08020591735839844,0.11112403869628906,0.11112403869628906,2.582602,2.4581935,0.13107250994801115,-0.05488156,94.62419113987059,95.49527127924341,54.65405674464908,47.83474365355899,81.59117305458768,False,False,False,False,False,False,Tipo A (Desplazamiento Regional),0.24199413,0.0680778,0.1772592,0.08960749,0.07753849029541016,0.053353309631347656,3.4637392,2.9513948,0
2019-04-10,2019,4,10,100,5279,27.482601,27.483,0.13729373,27.183,27.821,26.92771,26.928999,0.07767862,26.780201,27.149199,0.5548238,0.5400524,0.16999283,0.21999931,0.9849987,0.24152702,0.2700712,0.849593,0.90179735,0.5802816,0.5548238,-0.5548238,0.5548238,0.95612854,-16.863895,-0.14629745483398438,0.14629745483398438,-0.04203224182128906,0.04203224182128906,-0.10426521301269531,0.10426521301269531,2.4935682,2.3668365,0.057114131511945235,0.09546585,94.12643106022897,94.92284718765555,52.5634644101543,53.608760577401696,80.53758088601293,False,False,False,False,False,False,Tipo A (Desplazamiento Regional),0.24199413,0.0680778,0.1772592,0.08960749,0.07753849029541016,0.053353309631347656,3.3516784,2.8420315,0
2021-05-23,2021,5,23,143,5279,27.95469,27.974,0.13478859,27.487,28.317,29.01194,29.035799,0.082928084,28.8125,29.119999,-1.0572582,-1.0503292,0.17646378,-1.5976009,1.5976009,-1.530011,-1.4139093,-0.7187792,-0.62525856,1.0718824,1.0572582,1.0572582,1.0572582,0.9863566,-62.23945,-0.24490928649902344,0.24490928649902344,-0.01647186279296875,0.01647186279296875,-0.2284374237060547,0.2284374237060547,6.3633785,5.5261083,1.3960569437880197,0.199935,99.80089596814335,99.82578397212544,82.57839721254355,57.86460925833749,94.06835905093745,True,True,True,True,False,True,Tipo A (Desplazamiento Regional),0.24246086,0.07290666,0.16955584,0.09547052,0.07645606994628906,0.051788330078125,7.673439,6.2716246,96
2020-05-27,2020,5,27,148,5279,29.37064,29.374,0.13619648,29.044,29.643,28.441206,28.411795,0.1573697,28.221775,28.741207,0.9293474,0.9340992,0.27822652,0.3537922,1.366169,0.42661452,0.49396515,1.3140672,1.3447964,0.97009975,0.9293474,-0.9293474,0.9293474,0.9579916,-49.734226,0.041019439697265625,0.041019439697265625,-0.3206062316894531,0.3206062316894531,0.36162567138671875,0.36162567138671875,5.56216,4.7218137,2.8322192373953743,1.8428267,99.42757590841215,99.4773519163763,93.72822299651567,90.76655052264809,97.54438360710138,True,True,True,True,False,True,Tipo A (Desplazamiento Regional),0.24246086,0.07290666,0.16955584,0.09547052,0.07645606994628906,0.051788330078125,6.7317915,5.3679333,75
2020-05-28,2020,5,28,149,5279,29.286716,29.332,0.12110762,28.936,29.477,28.454138,28.413528,0.20826676,28.191921,28.9347,0.8325547,0.8996391,0.3188651,0.0055007935,1.2830791,0.099995114,0.21749954,1.2273247,1.2637278,0.89152807,0.8325547,-0.8325547,0.8325547,0.93385136,-53.190994,-0.08392333984375,0.08392333984375,0.01293182373046875,0.01293182373046875,-0.09685516357421875,0.09685516357421875,4.9436555,4.1131883,-0.02278806543580674,2.4989095,99.1040318566451,99.07914385266302,49.25335988053758,95.19661523145844,97.15032354405176,True,False,True,False,False,True,Tipo A (Desplazamiento Regional),0.24246086,0.07290666,0.16955584,0.09547052,0.07645606994628906,0.051788330078125,6.0048814,4.6840925,75
2025-05-10,2025,5,10,130,5279,27.49419,27.52,0.23695949,27.044,27.881,28.34353,28.317095,0.068738766,28.237667,28.62856,-0.84929913,-0.83462524,0.20983489,-1.2679005,1.2679005,-1.2343711,-1.1807019,-0.5325867,-0.4968357,0.8748371,0.84929913,0.84929913,0.84929913,0.9708083,-12.630324,-0.5962028503417969,0.5962028503417969,0.08404350280761719,0.08404350280761719,-0.6802463531494141,0.6802463531494141,4.8122663,4.218477,6.267890305072342,0.7386893,99.07914385266302,99.1040318566451,99.37779990044798,73.1209556993529,99.1869918699187,True,True,True,True,False,True,Tipo A (Desplazamiento Regional),0.24246086,0.07290666,0.16955584,0.09547052,0.07645606994628906,0.051788330078125,5.850464,4.802392,144
2019-05-17,2019,5,17,137,5279,28.054361,28.122,0.19679087,27.432,28.496,27.227041,27.223,0.08490301,27.063208,27.477499,0.8272976,0.8936367,0.19629072,0.2615795,1.2070007,0.34603614,0.44098186,1.0335758,1.1202452,0.8502641,0.8272976,-0.8272976,0.8272976,0.972989,-17.668,0.14110755920410156,0.14110755920410156,0.030979156494140625,0.030979156494140625,0.11012840270996094,0.11012840270996094,4.618831,4.080133,0.1203366163040661,0.52002764,98.9795918367347,99.00447984071677,54.430064708810356,67.79492284718765,84.13804546208728,True,False,True,False,False,True,Tipo A (Desplazamiento Regional),0.24246086,0.07290666,0.16955584,0.09547052,0.07645606994628906,0.051788330078125,5.6231256,4.646951,63
2021-05-22,2021,5,22,142,5279,28.1996,28.233,0.16467209,27.655,28.458,29.028412,29.0555,0.0936923,28.821,29.15,-0.8288243,-0.78541565,0.18714248,-1.4460907,1.4460907,-1.3475741,-1.2076639,-0.5986799,-0.5784812,0.84968853,0.8288243,0.8288243,0.8288243,0.97544485,-25.624382,-0.1605701446533203,0.1605701446533203,0.015054702758789062,0.015054702758789062,-0.17562484741210938,0.17562484741210938,4.6143007,4.0897317,0.8265815431995243,0.3723354,98.95470383275261,99.02936784469885,73.1209556993529,63.48929815828771,90.3683424589348,True,False,True,False,False,True,Tipo A (Desplazamiento Regional),0.24246086,0.07290666,0.16955584,0.09547052,0.07645606994628906,0.051788330078125,5.6178007,4.657737,96
2022-05-29,2022,5,29,149,5279,27.347832,27.307,0.30200112,26.831,28.075,28.022814,28.0026,0.05659172,27.960207,28.258438,-0.67499197,-0.7011986,0.3320488,-1.2779999,1.2779999,-1.2437483,-1.1857666,-0.121399306,-0.015681762,0.7522439,0.675196,0.67499197,0.67499197,0.8973047,-5.2044067,-0.7082653045654297,0.7082653045654297,-0.1286029815673828,0.1286029815673828,-0.5796623229980469,0.5796623229980469,3.8472302,3.1224453,5.183297678035096,2.7117515,98.3325037332006,97.78496764559482,98.40716774514684,95.99303135888502,98.17487970798076,True,False,True,True,False,False,Tipo A (Desplazamiento Regional),0.24246086,0.07290666,0.16955584,0.09547052,0.07645606994628906,0.051788330078125,4.7162857,3.5709105,113
2019-05-16,2019,5,16,136,5279,27.913254,27.973,0.17461896,27.304,28.172,27.196062,27.170555,0.08873562,27.082184,27.5191,0.71716166,0.75758934,0.17043462,0.14637566,1.0035,0.24802178,0.36252958,0.9385443,0.97364634,0.7371361,0.71716166,-0.71716166,0.71716166,0.9729026,-16.8202,-0.14771270751953125,0.14771270751953125,-0.5822925567626953,0.5822925567626953,0.43457984924316406,0.43457984924316406,3.7283041,3.3876052,3.618880532390114,0.10259825,98.03384768541564,98.40716774514684,96.16724738675958,53.93230462916874,97.53608760577401,True,False,True,False,False,False,Tipo A (Desplazamiento Regional),0.24246086,0.07290666,0.16955584,0.09547052,0.07645606994628906,0.051788330078125,4.5765157,3.8688395,63
2016-05-31,2016,5,31,152,5279,29.448002,29.457,0.10412289,28.975,29.716,28.749731,28.736526,0.034112975,28.7008,28.868801,0.6984146,0.6963005,0.11169659,0.18980026,0.9395809,0.28770962,0.49660188,0.866284,0.909639,0.7072891,0.6984146,-0.6984146,0.6984146,0.9874528,-45.142544,0.08544731140136719,0.08544731140136719,-0.23261070251464844,0.23261070251464844,0.3180580139160156,0.3180580139160156,3.493353,3.2697256,2.362431339665503,-0.84568816,97.61075161772025,98.13339970134395,91.16475858636137,14.45993031358885,95.63630330180852,True,False,False,False,False,False,Tipo A (Desplazamiento Regional),0.24246086,0.07290666,0.16955584,0.09547052,0.07645606994628906,0.051788330078125,4.3003845,3.7363915,0
2020-05-18,2020,5,18,139,5279,28.89148,28.894,0.28229582,28.099,29.42,28.263561,28.2624,0.03675673,28.191193,28.366417,0.6279317,0.62319946,0.29854158,-0.15698242,1.1637993,-0.017145576,0.18113574,1.1019993,1.1406443,0.6952879,0.6297006,-0.6279317,0.6279317,0.90312475,-5.066252,0.03707313537597656,0.03707313537597656,-0.032787322998046875,0.032787322998046875,0.06986045837402344,0.06986045837402344,3.3988812,2.8265338,-0.31387063773993384,2.1707997,97.33698357391737,97.0383275261324,37.45644599303136,93.42956694873071,95.38327526132403,True,False,False,False,False,False,Tipo A (Desplazamiento Regional),0.24246086,0.07290666,0.16955584,0.09547052,0.07645606994628906,0.051788330078125,4.1893544,3.238429,0
2019-06-15,2019,6,15,166,5279,28.206034,28.18,0.34694484,27.488,29.168,29.286549,29.274336,0.17809471,28.98,29.612698,-1.0805051,-1.071598,0.2874163,-1.743885,1.743885,-1.686243,-1.5622075,-0.56826097,-0.37253192,1.1180758,1.0805051,1.0805051,1.0805051,0.966397,-9.385364,-0.2637767791748047,0.2637767791748047,-0.07927513122558594,0.07927513122558594,-0.18450164794921875,0.18450164794921875,6.727007,5.6722827,0.922299644768337,1.9911897,99.8755599800896,99.8755599800896,75.11199601791935,92.06072672971628,95.96814335490294,True,True,True,True,False,True,Tipo A (Desplazamiento Regional),0.31289953,0.103877395,0.20222658,0.13996935,0.10617923736572266,0.07677936553955078,5.228196,4.232347,65
2016-06-05,2016,6,5,157,5279,28.659994,28.625,0.16518295,28.293,29.077,29.707497,29.714472,0.19443828,29.301,30.114798,-1.0474347,-1.0612183,0.15332754,-1.4310703,1.4310703,-1.3558569,-1.3028797,-0.7829336,-0.64337426,1.0585961,1.0474347,1.0474347,1.0474347,0.98945636,-40.07052,-0.24782180786132812,0.24782180786132812,0.42627716064453125,0.42627716064453125,-0.6740989685058594,0.6740989685058594,6.258791,5.4643383,6.201603360217103,-0.17358424,99.7511199601792,99.80089596814335,99.27824788451967,43.47934295669487,99.61008793761407,True,True,True,True,False,True,Tipo A (Desplazamiento Regional),0.31289953,0.103877395,0.20222658,0.13996935,0.10617923736572266,0.07677936553955078,4.841981,4.0729837,23
2019-06-14,2019,6,14,165,5279,28.46981,28.49,0.50948715,27.454,29.389,29.365824,29.332697,0.12050016,29.196499,29.63122,-0.895986,-0.9142666,0.5070417,-1.8349686,1.8349686,-1.7804451,-1.6917775,-0.15708295,-0.058560982,1.0295081,0.89612585,0.895986,0.895986,0.87030494,-3.083128,-0.5358428955078125,0.5358428955078125,0.059711456298828125,0.059711456298828125,-0.5955543518066406,0.5955543518066406,6.0298142,4.51204,5.354660639416993,5.5368958,99.72623195619711,99.27824788451967,98.60627177700349,99.92533598805376,99.82578397212544,True,True,True,True,False,True,Tipo A (Desplazamiento Regional),0.31289953,0.103877395,0.20222658,0.13996935,0.10617923736572266,0.07677936553955078,4.6531057,3.3431659,65
2016-06-06,2016,6,6,158,5279,28.749544,28.72,0.104544215,28.445,29.075,29.756918,29.77,0.19563025,29.359,30.126898,-1.007362,-1.029501,0.16734333,-1.259491,1.259491,-1.2416778,-1.2219416,-0.71446323,-0.6161773,1.0211647,1.007362,1.007362,1.007362,0.98648345,-94.40947,0.08955001831054688,0.08955001831054688,0.04942131042480469,0.04942131042480469,0.04012870788574219,0.04012870788574219,5.9641356,5.2123637,-0.6344666341418792,0.052691422,99.70134395221503,99.77600796416127,22.324539571926334,52.01592832254853,75.85863613738178,True,True,True,True,False,True,Tipo A (Desplazamiento Regional),0.31289953,0.103877395,0.20222658,0.13996935,0.10617923736572266,0.07677936553955078,4.5989294,3.8798766,23
2024-06-10,2024,6,10,162,5279,28.932669,28.876,0.17940176,28.519,29.763,29.919321,29.909239,0.059201747,29.8079,30.09986,-0.9866778,-1.0211067,0.20701589,-1.3879986,1.3879986,-1.3483678,-1.2809569,-0.5660936,-0.43405402,1.0081596,0.9866778,0.9866778,0.9866778,0.97869205,-30.5795,-0.05518150329589844,0.05518150329589844,0.1743030548095703,0.1743030548095703,-0.22948455810546875,0.22948455810546875,5.8617625,5.082304,1.407348142275617,0.69317836,99.60179193628672,99.65156794425087,82.70283723245396,72.00099552015928,93.98539903766384,True,True,True,True,False,True,Tipo A (Desplazamiento Regional),0.31289953,0.103877395,0.20222658,0.13996935,0.10617923736572266,0.07677936553955078,4.514485,3.7802014,130
2025-06-20,2025,6,20,171,5279,28.233183,28.256,0.19190958,27.808,28.669,29.188545,29.186226,0.03986266,29.0977,29.378498,-0.9554384,-0.9388981,0.2185405,-1.4038181,1.4038181,-1.3739091,-1.3156265,-0.66358167,-0.54285467,0.980113,0.9554384,0.9554384,0.9554384,0.97482467,-25.08309,-0.2553825378417969,0.2553825378417969,0.09925651550292969,0.09925651550292969,-0.35463905334472656,0.35463905334472656,5.640983,4.8858724,2.756882880273208,0.8792357,99.55201592832255,99.60179193628672,93.25535092085615,76.50572424091587,97.46971959515514,True,True,True,True,False,True,Tipo A (Desplazamiento Regional),0.31289953,0.103877395,0.20222658,0.13996935,0.10617923736572266,0.07677936553955078,4.3323717,3.6296613,145
2021-06-12,2021,6,12,163,5279,27.959974,27.964,0.24082214,27.474,28.856,28.908255,28.909836,0.041278113,28.731499,28.994,-0.9483476,-0.9556103,0.21393403,-1.3392467,1.3392467,-1.3215885,-1.2806803,-0.5861988,-0.37997398,0.9721758,0.9483476,0.9483476,0.9483476,0.97548985,-15.296593,-0.20966529846191406,0.20966529846191406,-0.0038700103759765625,0.0038700103759765625,-0.2057952880859375,0.2057952880859375,5.5785027,4.8412867,1.151907914195545,0.80486727,99.50223992035838,99.57690393230463,78.94474863115978,74.73867595818815,92.67463082794093,True,True,True,True,False,True,Tipo A (Desplazamiento Regional),0.31289953,0.103877395,0.20222658,0.13996935,0.10617923736572266,0.07677936553955078,4.2808332,3.595492,97
2021-06-13,2021,6,13,164,5279,27.889477,27.903,0.21948512,27.472,28.662,28.810337,28.818796,0.073487565,28.5908,28.9732,-0.9208986,-0.9139309,0.17669964,-1.2410316,1.2410316,-1.223968,-1.1928866,-0.6252659,-0.4764493,0.9376967,0.9208986,0.9208986,0.9208986,0.9820858,-17.252176,-0.07049751281738281,0.07049751281738281,-0.09791755676269531,0.09791755676269531,0.0274200439453125,0.0274200439453125,5.307088,4.668689,-0.7715035294476377,0.20374274,99.2284718765555,99.42757590841215,15.206570433051269,58.06371329019413,78.64609258337481,True,True,True,True,False,True,Tipo A (Desplazamiento Regional),0.31289953,0.103877395,0.20222658,0.13996935,0.10617923736572266,0.07677936553955078,4.0569525,3.4632173,97
2025-06-21,2025,6,21,172,5279,28.373905,28.375,0.20741655,27.957,28.836,29.22922,29.22118,0.07161267,29.0988,29.513798,-0.85504985,-0.8465004,0.26550958,-1.3799992,1.3799992,-1.3487848,-1.2968686,-0.4669071,-0.38400677,0.89532393,0.85504985,0.85504985,0.85504985,0.9550173,-17.632608,0.14072227478027344,0.14072227478027344,0.04067420959472656,0.04067420959472656,0.10004806518554688,0.10004806518554688,4.9735355,4.2546363,0.01164083487063774,1.6375202,99.12891986062718,99.15380786460926,50.497760079641616,88.77551020408163,93.9522150323544,True,False,True,False,False,True,Tipo A (Desplazamiento Regional),0.31289953,0.103877395,0.20222658,0.13996935,0.10617923736572266,0.07677936553955078,3.7818165,3.1458979,145
2024-06-08,2024,6,8,160,5279,29.17475,29.081,0.4010695,28.529,30.182,29.895458,29.873415,0.08557496,29.782999,30.280579,-0.72078043,-0.78003883,0.39882207,-1.473999,1.473999,-1.425219,-1.3290842,0.012681007,0.17036866,0.82376134,0.7312709,0.72078043,0.72078043,0.87498695,-3.2185535,-0.3710365295410156,0.3710365295410156,-0.04496002197265625,0.04496002197265625,-0.3260765075683594,0.3260765075683594,4.410206,3.41036,2.4488943605067766,3.7897615,98.85515181682429,98.48183175709309,91.662518666003,98.9795918367347,98.91737182677949,True,False,True,False,False,False,Tipo A (Desplazamiento Regional),0.31289953,0.103877395,0.20222658,0.13996935,0.10617923736572266,0.07677936553955078,3.3171442,2.4988654,130
2020-07-01,2020,7,1,183,5279,28.093626,28.074,0.16077644,27.825,28.813,29.17012,29.177343,0.024097499,29.110441,29.214,-1.0765495,-1.0928612,0.156731,-1.3558598,1.3558598,-1.3332433,-1.2940819,-0.7296904,-0.55941063,1.0878999,1.0765495,1.0765495,1.0765495,0.9895667,-44.786037,0.042072296142578125,0.042072296142578125,0.5633907318115234,0.5633907318115234,-0.5213184356689453,0.5213184356689453,6.489466,5.64741,4.554178423869128,-0.11863773,99.82578397212544,99.85067197610752,97.73519163763066,45.495271279243404,99.13721586195454,True,True,True,True,False,True,Tipo A (Desplazamiento Regional),0.3242526,0.09751581,0.20338514,0.13502407,0.10383415222167969,0.06675338745117188,5.2820163,4.36181,81
2024-07-17,2024,7,17,199,5279,28.910793,28.91,0.15442942,28.544,29.249,29.914629,29.901772,0.10263532,29.744,30.226439,-1.0037035,-1.0315971,0.17978889,-1.4034557,1.4034557,-1.3440592,-1.282436,-0.71575433,-0.7016421,1.0196782,1.0037035,1.0037035,1.0037035,0.9843335,-42.59796,-0.18248367309570312,0.18248367309570312,0.10985374450683594,0.10985374450683594,-0.29233741760253906,0.29233741760253906,5.952435,5.1893597,2.0850874205302556,0.2536166,99.67645594823296,99.72623195619711,89.24838227974116,60.004977600796416,96.21702339472375,True,True,True,True,False,True,Tipo A (Desplazamiento Regional),0.3242526,0.09751581,0.20338514,0.13502407,0.10383415222167969,0.06675338745117188,4.810139,3.9979146,134
2022-07-24,2022,7,24,205,5279,28.741117,28.728,0.2176161,28.142,29.366,29.732685,29.718355,0.06476004,29.64,30.029799,-0.9917098,-1.0103741,0.22533391,-1.6442356,1.6442356,-1.526127,-1.3697191,-0.665201,-0.5843742,1.016987,0.9917098,0.9917098,0.9917098,0.9751451,-20.839802,-0.3569927215576172,0.3569927215576172,-0.04818534851074219,0.04818534851074219,-0.308807373046875,0.308807373046875,5.9312496,5.1139445,2.2626821362686953,0.98891073,99.65156794425087,99.67645594823296,90.6172224987556,78.82030861124937,96.64841546374647,True,True,True,True,False,True,Tipo A (Desplazamiento Regional),0.3242526,0.09751581,0.20338514,0.13502407,0.10383415222167969,0.06675338745117188,4.791524,3.9380014,116
2024-07-18,2024,7,18,200,5279,29.157698,29.205,0.43254113,28.316,29.934,30.064987,30.057419,0.10366121,29.8975,30.378498,-0.9074155,-0.8690567,0.34939888,-1.6040001,1.6040001,-1.5571947,-1.483762,-0.41725025,-0.36727846,0.97235996,0.9074155,0.9074155,0.9074155,0.9332095,-4.0535817,0.2469043731689453,0.2469043731689453,0.1503582000732422,0.1503582000732422,0.09654617309570312,0.09654617309570312,5.5799522,4.5839076,-0.026119894497720723,2.991857,99.52712792434046,99.32802389248381,49.153807864609256,97.23743155798905,98.38227974116475,True,True,True,True,False,True,Tipo A (Desplazamiento Regional),0.3242526,0.09751581,0.20338514,0.13502407,0.10383415222167969,0.06675338745117188,4.4828467,3.5169175,134
2022-07-25,2022,7,25,206,5279,28.85305,28.829,0.3523565,27.981,29.472,29.754818,29.747913,0.05321309,29.661196,29.9928,-0.9016585,-0.9461231,0.35943565,-1.7851677,1.7851677,-1.7072418,-1.5238634,-0.3202936,-0.26438722,0.97065955,0.9016585,0.9016585,0.9016585,0.9289132,-6.588734,0.11193275451660156,0.11193275451660156,0.02213287353515625,0.02213287353515625,0.08979988098144531,0.08979988098144531,5.566567,4.5477085,-0.098864829016176,3.153894,99.45246391239422,99.30313588850174,46.366351418616226,97.66052762568442,98.55649576903932,True,True,True,True,False,True,Tipo A (Desplazamiento Regional),0.3242526,0.09751581,0.20338514,0.13502407,0.10383415222167969,0.06675338745117188,4.471085,3.4881582,116
2024-07-28,2024,7,28,210,5279,29.084263,29.049,0.17323728,28.721,29.592,29.997646,29.982,0.06606828,29.907223,30.230259,-0.9132901,-0.9805393,0.19697109,-1.2822952,1.2822952,-1.2404221,-1.1763102,-0.55305827,-0.43760517,0.93429,0.9132901,0.9132901,0.9132901,0.97752315,-28.085775,-0.2906837463378906,0.2906837463378906,-0.16159820556640625,0.16159820556640625,-0.12908554077148438,0.12908554077148438,5.280271,4.620847,0.3247504993063072,0.5310118,99.20358387257342,99.37779990044798,61.19960179193629,68.14335490293678,86.5936618549859,True,True,True,True,False,True,Tipo A (Desplazamiento Regional),0.3242526,0.09751581,0.20338514,0.13502407,0.10383415222167969,0.06675338745117188,4.219523,3.5462627,136
2020-07-02,2020,7,2,184,5279,28.463564,28.374,0.2840005,28.092,29.235,29.319086,29.321848,0.03340177,29.245161,29.3878,-0.85546285,-0.9461193,0.31006125,-1.242836,1.242836,-1.2230145,-1.1905994,-0.18875465,-0.09365292,0.90992117,0.85546285,0.85546285,0.85546285,0.9401505,-9.2652445,0.3699378967285156,0.3699378967285156,0.14896583557128906,0.14896583557128906,0.22097206115722656,0.22097206115722656,5.0884433,4.2572336,1.315558308304493,2.3567772,99.15380786460926,99.17869586859133,81.15978098556495,94.42508710801394,96.7894474863116,True,False,True,True,False,True,Tipo A (Desplazamiento Regional),0.3242526,0.09751581,0.20338514,0.13502407,0.10383415222167969,0.06675338745117188,4.050968,3.2573926,81
2024-07-22,2024,7,22,204,5279,29.123604,29.114,0.084695876,28.958,29.356,29.978546,29.963528,0.033301745,29.902498,30.0896,-0.85502845,-0.8632126,0.09493903,-1.0051994,1.0051994,-0.9973105,-0.98475343,-0.6830366,-0.6582566,0.8602846,0.85502845,0.85502845,0.85502845,0.99389017,-102.17152,-0.4788780212402344,0.4788780212402344,-0.010280609130859375,0.010280609130859375,-0.468597412109375,0.468597412109375,4.6977115,4.254502,3.9856902318915703,-1.1162279,99.00447984071677,99.12891986062718,96.7894474863116,6.6450970632155295,98.30761572921851,True,False,True,False,False,True,Tipo A (Desplazamiento Regional),0.3242526,0.09751581,0.20338514,0.13502407,0.10383415222167969,0.06675338745117188,3.7076406,3.2552223,135
2024-07-23,2024,7,23,205,5279,29.211435,29.124,0.2665809,28.795,29.805,29.962889,29.95492,0.07098233,29.801,30.141659,-0.7514655,-0.8444271,0.31091624,-1.2306824,1.2306824,-1.194858,-1.1460087,-0.17449608,-0.061823234,0.81324583,0.7514655,0.7514655,0.7514655,0.9240324,-8.306484,0.08783149719238281,0.08783149719238281,-0.015657424926757812,0.015657424926757812,0.10348892211914062,0.10348892211914062,4.327429,3.6033058,0.048743425165037886,2.3705807,98.80537580886013,98.68093578894972,52.36436037829766,94.52463912394225,96.66500746640119,True,False,True,False,False,False,Tipo A (Desplazamiento Regional),0.3242526,0.09751581,0.20338514,0.13502407,0.10383415222167969,0.06675338745117188,3.3822818,2.7378833,135
2022-07-17,2022,7,17,198,5279,28.871653,28.869,0.1468617,28.442,29.376,29.658182,29.632908,0.10717761,29.507,30.0211,-0.7864865,-0.7869072,0.15810278,-1.1950607,1.1950607,-1.1337404,-1.0420096,-0.5067995,-0.36535436,0.8022216,0.7864865,0.7864865,0.7864865,0.9803856,-28.838129,-0.04212760925292969,0.04212760925292969,0.18231964111328125,0.18231964111328125,-0.22444725036621094,0.22444725036621094,4.240648,3.823515,1.3530311018279948,-0.09649115,98.73071179691388,98.85515181682429,81.65754106520657,46.316575410652064,93.0811348929816,True,False,True,False,False,False,Tipo A (Desplazamiento Regional),0.3242526,0.09751581,0.20338514,0.13502407,0.10383415222167969,0.06675338745117188,3.3060288,2.912828,115
2015-08-03,2015,8,3,215,5279,28.48251,28.394,0.31932485,27.998,29.194,29.48914,29.497953,0.16660346,29.098,29.8409,-1.0066062,-1.2354755,0.44961876,-1.5112553,1.5112553,-1.498485,-1.4639194,-0.09077015,0.023208313,1.1024562,1.0076364,1.0066062,1.0066062,0.9130578,-10.919479,-0.0075511932373046875,0.0075511932373046875,0.41065025329589844,0.41065025329589844,-0.4182014465332031,0.4182014465332031,6.6040516,5.207612,3.442273025262612,4.6098404,99.85067197610752,99.7511199601792,95.66948730711798,99.60179193628672,99.72623195619713,True,True,True,True,False,True,Tipo A (Desplazamiento Regional),0.3096453,0.0967205,0.19737798,0.1264209,0.10391044616699219,0.06667327880859375,5.528827,4.3175178,7
2016-08-29,2016,8,29,242,5279,30.496487,30.447,0.3522498,29.85,31.179,29.608427,29.652903,0.15093209,29.24,29.849499,0.88806176,0.8414402,0.41950312,0.12489891,1.7402973,0.17998546,0.28131333,1.5836408,1.6888372,0.98216,0.88806176,-0.88806176,0.88806176,0.90419257,-6.774329,0.7870750427246094,0.7870750427246094,0.03991889953613281,0.03991889953613281,0.7471561431884766,0.7471561431884766,5.657097,4.4622126,6.989375264899148,4.123643,99.57690393230463,99.2284718765555,99.55201592832255,99.30313588850174,99.45246391239424,True,True,True,True,False,True,Tipo A (Desplazamiento Regional),0.3096453,0.0967205,0.19737798,0.1264209,0.10391044616699219,0.06667327880859375,4.689917,3.685041,29
2016-08-08,2016,8,8,221,5279,29.944876,29.99,0.2219378,29.239,30.247,29.012783,28.993189,0.15324606,28.8,29.42,0.932172,0.99679565,0.21553555,0.11610222,1.1889477,0.25770873,0.46594542,1.1631603,1.1764193,0.9567663,0.932172,-0.932172,0.932172,0.97429436,-17.584429,0.15878868103027344,0.15878868103027344,-0.38785743713378906,0.38785743713378906,0.5466461181640625,0.5466461181640625,5.4572015,4.7395754,4.827285572715769,0.83072275,99.40268790443007,99.52712792434046,98.08362369337979,75.16177202588352,99.00447984071677,True,True,True,True,False,True,Tipo A (Desplazamiento Regional),0.3096453,0.0967205,0.19737798,0.1264209,0.10391044616699219,0.06667327880859375,4.5128293,3.9203846,27
2024-08-27,2024,8,27,240,5279,29.382772,29.328,0.24137509,28.95,30.064,30.29055,30.289284,0.049472615,30.19,30.479439,-0.90782934,-0.96100044,0.26867193,-1.312603,1.312603,-1.2821149,-1.2310082,-0.3232464,-0.21027008,0.9467505,0.90782934,0.90782934,0.90782934,0.9588897,-14.384599,-0.019916534423828125,0.019916534423828125,-0.0068874359130859375,0.0068874359130859375,-0.013029098510742188,0.013029098510742188,5.3783584,4.58651,-0.9266803829793722,1.6885742,99.32802389248381,99.3529118964659,6.669985067197611,89.29815828770533,94.31309109009457,True,True,True,True,False,True,Tipo A (Desplazamiento Regional),0.3096453,0.0967205,0.19737798,0.1264209,0.10391044616699219,0.06667327880859375,4.442982,3.790508,138
2024-08-26,2024,8,26,239,5279,29.402689,29.383,0.28183898,28.785,30.18,30.297438,30.287199,0.04580344,30.2055,30.4835,-0.8946663,-0.9129009,0.30439046,-1.5198002,1.5198002,-1.4474432,-1.3388147,-0.35025996,-0.18147366,0.9450305,0.8946663,0.8946663,0.8946663,0.9467063,-10.243189,-0.41521644592285156,0.41521644592285156,-0.06592178344726562,0.06592178344726562,-0.34929466247558594,0.34929466247558594,5.364819,4.5037417,2.699254577609733,2.265226,99.27824788451967,99.25335988053759,93.10602289696365,93.9522150323544,97.21254355400697,True,True,True,True,False,True,Tipo A (Desplazamiento Regional),0.3096453,0.0967205,0.19737798,0.1264209,0.10391044616699219,0.06667327880859375,4.4309874,3.7202785,138
2020-08-03,2020,8,3,216,5279,29.873215,29.896,0.21792392,29.075,30.363,29.048834,29.045647,0.1293546,28.797623,29.369598,0.82441956,0.8978462,0.26902467,-0.23322296,1.3838005,-0.042922325,0.30638066,1.1472454,1.2860816,0.86720467,0.8274349,-0.82441956,0.82441956,0.9506632,-14.83556,0.39098358154296875,0.39098358154296875,-0.10268592834472656,0.10268592834472656,0.4936695098876953,0.4936695098876953,4.752185,4.0620356,4.25604142336601,1.6942691,99.02936784469885,98.95470383275261,97.31209556993528,89.39771030363364,98.4320557491289,True,False,True,False,False,True,Tipo A (Desplazamiento Regional),0.3096453,0.0967205,0.19737798,0.1264209,0.10391044616699219,0.06667327880859375,3.888253,3.3454876,84
2016-08-30,2016,8,30,243,5279,30.757532,30.821,0.25954023,30.13,31.101,29.967611,29.973186,0.24311198,29.487999,30.466,0.7899343,0.7820091,0.2877422,0.22700119,1.3605194,0.24998851,0.316008,1.2420006,1.3209734,0.8407097,0.7899343,-0.7899343,0.7899343,0.9396041,-9.492593,0.2610454559326172,0.2610454559326172,0.35918426513671875,0.35918426513671875,-0.09813880920410156,0.09813880920410156,4.54362,3.8451943,-0.008946578036620877,1.996451,98.90492782478844,98.90492782478844,49.626679940268794,92.08561473369836,95.49527127924341,True,False,True,False,False,False,Tipo A (Desplazamiento Regional),0.3096453,0.0967205,0.19737798,0.1264209,0.10391044616699219,0.06667327880859375,3.703485,3.1614964,29
2024-08-28,2024,8,28,241,5279,29.483458,29.471,0.26998422,29.025,30.009,30.226135,30.216444,0.081840694,30.1,30.502558,-0.7426365,-0.7104988,0.31233,-1.269371,1.269371,-1.2518573,-1.224189,-0.29767132,-0.2400027,0.8056412,0.7426365,0.7426365,0.7426365,0.9217956,-7.904439,0.10068511962890625,0.10068511962890625,-0.06441497802734375,0.06441497802734375,0.16510009765625,0.16510009765625,4.2675657,3.5477896,0.713093686633837,2.393405,98.75559980089596,98.60627177700349,71.03036336485815,94.62419113987059,96.68989547038328,True,False,True,False,False,False,Tipo A (Desplazamiento Regional),0.3096453,0.0967205,0.19737798,0.1264209,0.10391044616699219,0.06667327880859375,3.4589276,2.909146,138
2019-08-17,2019,8,17,229,5279,29.049257,29.049,0.2517494,28.33,29.684,29.746798,29.80254,0.18475749,29.212002,30.053879,-0.6974454,-0.7707138,0.33890963,-1.4538994,1.4538994,-1.3347297,-1.1191256,0.018519783,0.14209968,0.7754281,0.707405,0.6974454,0.6974454,0.89943266,-8.487379,-0.36551666259765625,0.36551666259765625,-0.19701004028320312,0.19701004028320312,-0.16850662231445312,0.16850662231445312,4.0297337,3.2636306,0.7498260736991355,2.822515,98.60627177700349,98.08362369337979,71.8516674962668,96.61523145843704,97.61075161772027,True,False,True,False,False,False,Tipo A (Desplazamiento Regional),0.3096453,0.0967205,0.19737798,0.1264209,0.10391044616699219,0.06667327880859375,3.2482307,2.6680357,70
2020-08-20,2020,8,20,233,5279,29.502907,29.51,0.11745862,29.297,29.776,30.160353,30.18107,0.121096514,29.8475,30.33,-0.65753746,-0.638834,0.17815939,-1.0090008,1.0090008,-0.99122936,-0.95145875,-0.39254284,-0.33217785,0.6812459,0.65753746,0.65753746,0.65753746,0.9651984,-32.63861,0.038730621337890625,0.038730621337890625,0.2767047882080078,0.2767047882080078,-0.2379741668701172,0.2379741668701172,3.2883446,3.0126927,1.4988911740940067,0.2273094,97.01343952215032,97.51119960179193,83.74813339970135,58.95968143354903,92.75759084121454,True,False,False,False,False,False,Tipo A (Desplazamiento Regional),0.3096453,0.0967205,0.19737798,0.1264209,0.10391044616699219,0.06667327880859375,2.5914323,2.4551127,0
2018-09-11,2018,9,11,254,5279,28.608952,28.601,0.27326718,28.091,29.366,29.56517,29.562563,0.15717742,29.286001,29.83418,-0.9561753,-0.9790478,0.33904058,-1.5788422,1.5788422,-1.547896,-1.4800832,-0.3719656,-0.1682328,1.0145051,0.9561753,0.9561753,0.9561753,0.94250417,-12.782677,-0.7241935729980469,0.7241935729980469,-0.07535171508789062,0.07535171508789062,-0.6488418579101562,0.6488418579101562,5.911713,4.890506,5.929257184674727,2.8246293,99.62667994026879,99.62667994026879,99.15380786460926,96.64011946241912,99.46905591504894,True,True,True,True,False,True,Tipo A (Desplazamiento Regional),0.3080101,0.08713323,0.19861373,0.111794904,0.09885406494140625,0.06674766540527344,5.4689918,4.5706487,59
2021-09-07,2021,9,7,250,5279,29.453247,29.438,0.211618,28.941,29.955,28.517193,28.581656,0.15442297,28.050499,28.680899,0.93605113,0.9606018,0.1922624,0.45000076,1.2975903,0.52060795,0.58259696,1.2048041,1.2557524,0.95559067,0.93605113,-0.93605113,0.93605113,0.9795524,-19.391003,0.09769821166992188,0.09769821166992188,-0.3000907897949219,0.3000907897949219,0.39778900146484375,0.39778900146484375,5.447947,4.7639666,3.2221666387156773,0.45499313,99.3529118964659,99.55201592832255,95.02239920358387,65.97809855649577,97.9757756761241,True,True,True,True,False,True,Tipo A (Desplazamiento Regional),0.3080101,0.08713323,0.19861373,0.111794904,0.09885406494140625,0.06674766540527344,5.0129337,4.4492326,105
2023-09-11,2023,9,11,254,5279,29.71823,29.708,0.24907874,29.222,30.36,30.542648,30.517904,0.11872313,30.3765,30.96004,-0.8244558,-0.8415146,0.27988607,-1.4236984,1.4236984,-1.3669987,-1.2932394,-0.39659747,-0.26396587,0.87066835,0.8244558,0.8244558,0.8244558,0.9469229,-11.218903,-0.06801033020019531,0.06801033020019531,0.056156158447265625,0.056156158447265625,-0.12416648864746094,0.12416648864746094,4.779451,4.0622635,0.2717086033144791,1.8696189,99.05425584868094,98.9795918367347,59.53210552513688,90.94076655052264,94.99751119960179,True,False,True,False,False,True,Tipo A (Desplazamiento Regional),0.3080101,0.08713323,0.19861373,0.111794904,0.09885406494140625,0.06674766540527344,4.3555484,3.7759368,125
2019-09-11,2019,9,11,254,5279,29.433167,29.406,0.22347632,28.949,29.863,30.179728,30.193592,0.07874161,30.003,30.308384,-0.74659973,-0.7561531,0.2495481,-1.2108707,1.2108707,-1.1848621,-1.1192863,-0.35032693,-0.28874326,0.78720087,0.74659973,0.74659973,0.74659973,0.9484234,-11.408181,-0.4419078826904297,0.4419078826904297,0.10599517822265625,0.10599517822265625,-0.5479030609130859,0.5479030609130859,4.1224065,3.57271,4.840839124270098,1.3798327,98.63115978098557,98.65604778496765,98.10851169736186,85.63962170233947,98.46523975443836,True,False,True,False,False,False,Tipo A (Desplazamiento Regional),0.3080101,0.08713323,0.19861373,0.111794904,0.09885406494140625,0.06674766540527344,3.709425,3.3062024,72
2023-09-10,2023,9,10,253,5279,29.78624,29.789,0.24945767,29.004,30.379,30.486492,30.48628,0.09380543,30.322243,30.815739,-0.70020163,-0.6745491,0.2491969,-1.3707485,1.3707485,-1.2303823,-1.1107204,-0.33147925,-0.21688156,0.7432233,0.70020163,0.70020163,0.70020163,0.9421147,-7.876565,-0.1350231170654297,0.1350231170654297,0.12414169311523438,0.12414169311523438,-0.25916481018066406,0.25916481018066406,3.7762215,3.2809618,1.72738883383391,1.3741628,98.2080637132902,98.18317570930812,86.41114982578398,85.49029367844699,94.2674630827941,True,False,True,False,False,False,Tipo A (Desplazamiento Regional),0.3080101,0.08713323,0.19861373,0.111794904,0.09885406494140625,0.06674766540527344,3.3689938,3.026265,125
2018-09-02,2018,9,2,245,5279,29.020277,29.014,0.24885596,28.598,29.881,29.728426,29.70235,0.08038211,29.612843,29.90082,-0.7081687,-0.7137146,0.22513019,-1.0378437,1.0378437,-1.0215806,-1.004303,-0.2843811,-0.0072769546,0.74309236,0.70999163,0.7081687,0.7081687,0.9530023,-7.916398,-0.2627716064453125,0.2627716064453125,0.05667304992675781,0.05667304992675781,-0.3194446563720703,0.3194446563720703,3.775191,3.3310585,2.3773834367519933,0.98562163,98.15828770532603,98.30761572921851,91.28919860627178,78.77053260328522,95.91836734693878,True,False,True,False,False,False,Tipo A (Desplazamiento Regional),0.3080101,0.08713323,0.19861373,0.111794904,0.09885406494140625,0.06674766540527344,3.3679802,3.0743337,57
2019-09-12,2019,9,12,255,5279,29.298416,29.272,0.1612998,28.922,29.85,30.011564,30.02642,0.06485772,29.7575,30.108625,-0.7131833,-0.73573875,0.17631061,-1.0544529,1.0544529,-0.9937978,-0.9531204,-0.40395585,-0.31578892,0.73465323,0.71322554,0.7131833,0.7131833,0.97077537,-19.74422,-0.1347503662109375,0.1347503662109375,-0.16816329956054688,0.16816329956054688,0.033412933349609375,0.033412933349609375,3.708759,3.3625894,-0.7068824991233553,0.1974622,97.98407167745147,98.38227974116475,18.242906918865106,57.765057242409156,77.87456445993031,True,False,True,False,False,False,Tipo A (Desplazamiento Regional),0.3080101,0.08713323,0.19861373,0.111794904,0.09885406494140625,0.06674766540527344,3.3026526,3.104588,72
2018-09-03,2018,9,3,246,5279,29.013067,29.025,0.20453992,28.478,29.728,29.659603,29.65054,0.094166175,29.505,29.91304,-0.64655066,-0.6581211,0.22759199,-1.1531448,1.1531448,-1.0908641,-0.99249494,-0.1960825,-0.013999519,0.68543875,0.64668864,0.64655066,0.64655066,0.9432654,-10.230036,-0.00720977783203125,0.00720977783203125,-0.06882286071777344,0.06882286071777344,0.06161308288574219,0.06161308288574219,3.3213499,2.9436085,-0.4028016801085515,1.0253658,97.13787954206072,97.33698357391737,33.99701343952215,79.61672473867596,88.37730214036833,True,False,False,False,False,False,Tipo A (Desplazamiento Regional),0.3080101,0.08713323,0.19861373,0.111794904,0.09885406494140625,0.06674766540527344,2.9216824,2.702569,0
2016-09-14,2016,9,14,258,5279,29.674343,29.634,0.23814382,29.254,30.307,29.125895,29.206045,0.2706444,28.59,29.6472,0.5485031,0.57923317,0.36909094,-0.118600845,1.2255459,-0.08963932,-0.029372979,1.0720263,1.1632221,0.6611224,0.55566794,-0.5485031,0.5485031,0.8296544,-6.7069955,0.13186073303222656,0.13186073303222656,-0.06902885437011719,0.06902885437011719,0.20088958740234375,0.20088958740234375,3.129935,2.3270926,1.0990099861261453,3.3097723,96.59034345445495,94.69885515181683,78.22299651567944,98.30761572921851,97.44897959183673,True,False,False,False,False,False,Tipo B (Discrepancia Espacial),0.3080101,0.08713323,0.19861373,0.111794904,0.09885406494140625,0.06674766540527344,2.733449,2.111012,0
2023-09-12,2023,9,12,255,5279,29.882385,29.862,0.24168944,29.5,30.424,30.468578,30.459066,0.104943976,30.309956,30.832859,-0.58612585,-0.5555706,0.29404774,-1.1958599,1.1958599,-1.1210005,-1.0784267,-0.14883289,-0.08287849,0.6557483,0.58612585,0.58612585,0.58612585,0.8938275,-6.361377,0.1641559600830078,0.1641559600830078,-0.07406997680664062,0.07406997680664062,0.23822593688964844,0.23822593688964844,3.0876312,2.5636616,1.5016059977740848,2.09825,96.51567944250871,95.96814335490294,83.7979094076655,92.85714285714286,94.68641114982579,True,False,False,False,False,False,Tipo A (Desplazamiento Regional),0.3080101,0.08713323,0.19861373,0.111794904,0.09885406494140625,0.06674766540527344,2.691848,2.3380039,0
2015-10-18,2015,10,18,291,5279,27.301504,27.222,0.24356765,27.045,28.095,29.565779,29.575352,0.054986652,29.41356,29.692356,-2.2643058,-2.3329983,0.23502532,-2.5405998,2.5405998,-2.5362,-2.5241973,-1.7781616,-1.6129853,2.276469,2.2643058,2.2643058,2.2643058,0.994657,-86.354294,-1.7596263885498047,1.7596263885498047,-0.027149200439453125,0.027149200439453125,-1.7324771881103516,1.7324771881103516,15.845711,13.115937,17.614043405345242,1.145372,100.0,100.0,100.0,82.08063713290194,100.0,True,True,True,True,True,True,Tipo A (Desplazamiento Regional),0.29743415,0.10417381,0.21814638,0.13319713,0.09518814086914062,0.05908203125,12.813767,10.361594,10
2015-10-19,2015,10,19,292,5279,27.426016,27.394,0.15519698,27.21,27.953,29.571617,29.57038,0.056670737,29.43144,29.71,-2.1455867,-2.1660004,0.17203793,-2.4174404,2.4174404,-2.4077349,-2.3823478,-1.8114084,-1.5972512,2.1524782,2.1455867,2.1455867,2.1455867,0.99679834,-191.35829,0.12451171875,0.12451171875,0.0058383941650390625,0.0058383941650390625,0.11867332458496094,0.11867332458496094,14.869673,12.369439,0.21247608665823056,0.12848255,99.97511199601792,99.97511199601792,57.491289198606275,54.95271279243404,85.81383773021405,True,True,True,True,True,True,Tipo A (Desplazamiento Regional),0.29743415,0.10417381,0.21814638,0.13319713,0.09518814086914062,0.05908203125,12.010958,9.760409,10
2024-10-19,2024,10,19,293,5279,28.538057,28.529,0.106401235,28.346,28.819,29.817825,29.858719,0.10868064,29.531498,29.9579,-1.2797654,-1.3447437,0.17955787,-1.5239983,1.5239983,-1.5099983,-1.4810221,-0.90512884,-0.8322043,1.2923019,1.2797654,1.2797654,1.2797654,0.99029905,-146.51448,-1.5436344146728516,1.5436344146728516,-0.11874580383300781,0.11874580383300781,-1.4248886108398438,1.4248886108398438,8.098489,6.925217,14.297330975286243,0.24988706,99.92533598805376,99.92533598805376,99.97511199601792,59.93031358885017,99.94192799070849,True,True,True,True,True,True,Tipo A (Desplazamiento Regional),0.29743415,0.10417381,0.21814638,0.13319713,0.09518814086914062,0.05908203125,6.441526,5.375957,141
2024-10-10,2024,10,10,284,5279,29.07833,28.932,0.45601824,28.458,30.204,30.071993,30.065538,0.0842883,29.914,30.20772,-0.9936577,-1.1288109,0.3923515,-1.5332985,1.5332985,-1.4978796,-1.4406093,-0.2490015,-0.06712803,1.0683135,0.99368805,0.9936577,0.9936577,0.9301181,-4.4882383,-0.1507892608642578,0.1507892608642578,0.012990951538085938,0.012990951538085938,-0.16378021240234375,0.16378021240234375,6.335284,5.126192,0.6988614291594883,3.6852987,99.77600796416127,99.70134395221503,70.70681931309109,98.90492782478844,99.34046789447486,True,True,True,True,False,True,Tipo A (Desplazamiento Regional),0.29743415,0.10417381,0.21814638,0.13319713,0.09518814086914062,0.05908203125,4.9912553,3.9271295,140
2024-10-09,2024,10,9,283,5279,29.229118,29.069,0.426212,28.69,30.251,30.059002,30.053656,0.040682383,29.97094,30.1653,-0.8298562,-0.98329926,0.42311707,-1.3353996,1.3353996,-1.3028319,-1.2888359,-0.025905037,0.13192947,0.9315,0.8376187,0.8298562,0.8298562,0.8908816,-3.7765503,-0.7264270782470703,0.7264270782470703,-0.3169136047363281,0.3169136047363281,-0.4095134735107422,0.4095134735107422,5.258309,4.096221,3.348591041453858,4.1819882,99.17869586859133,99.05425584868094,95.32105525136883,99.37779990044798,99.27824788451966,True,True,True,True,False,True,Tipo A (Desplazamiento Regional),0.29743415,0.10417381,0.21814638,0.13319713,0.09518814086914062,0.05908203125,4.1054215,3.0976515,140
2015-10-20,2015,10,20,293,5279,28.37248,28.366,0.3243606,27.725,28.916,29.172459,29.18428,0.069965936,29.003,29.27,-0.79999125,-0.78439903,0.2825512,-1.3908997,1.3908997,-1.3404117,-1.2608244,-0.37371653,-0.3441091,0.84842145,0.79999125,0.79999125,0.79999125,0.9429173,-5.8417478,0.9464645385742188,0.9464645385742188,-0.3991584777832031,0.3991584777832031,1.3456230163574219,1.3456230163574219,4.6043262,3.9084318,13.442613986675001,1.9126457,98.92981582877053,98.92981582877053,99.95022399203583,91.28919860627178,99.26995188319229,True,True,True,True,True,True,Tipo A (Desplazamiento Regional),0.29743415,0.10417381,0.21814638,0.13319713,0.09518814086914062,0.05908203125,3.5675082,2.9464176,10
2017-10-27,2017,10,27,300,5279,28.756641,28.738,0.18710116,28.068,29.183,28.146116,28.049854,0.49281725,27.401499,29.115002,0.61047995,0.71580505,0.5740177,-0.66199875,1.5292377,-0.5626483,-0.36510143,1.3870809,1.4791538,0.8379631,0.7217751,-0.61047995,0.61047995,0.72852844,-19.058428,0.11511039733886719,0.11511039733886719,-0.11707305908203125,0.11707305908203125,0.23218345642089844,0.23218345642089844,4.5219994,2.7167985,1.4364502294522115,6.618179,98.88003982080637,96.51567944250871,82.97660527625685,100.0,99.44001991040318,True,False,True,False,False,False,Tipo B (Discrepancia Espacial),0.29743415,0.10417381,0.21814638,0.13319713,0.09518814086914062,0.05908203125,3.499793,1.9867469,46
2016-10-31,2016,10,31,305,5279,28.748306,28.79,0.21969044,27.94,29.242,29.436367,29.43242,0.15247758,29.115,29.79504,-0.688026,-0.6868992,0.3174986,-1.4443035,1.4443035,-1.2673823,-1.144316,-0.11483078,-0.028233452,0.7577499,0.6882505,0.688026,0.688026,0.9079856,-10.896782,-0.11257743835449219,0.11257743835449219,0.46735572814941406,0.46735572814941406,-0.5799331665039062,0.5799331665039062,3.890573,3.2044027,5.186218170175786,2.4768481,98.38227974116475,98.00895968143355,98.43205574912892,95.04728720756596,98.27443172390906,True,False,True,True,False,False,Tipo A (Desplazamiento Regional),0.29743415,0.10417381,0.21814638,0.13319713,0.09518814086914062,0.05908203125,2.9804323,2.3794343,32
2021-10-14,2021,10,14,287,5279,30.268404,30.264,0.21214904,29.725,30.793,29.612085,29.61052,0.029234802,29.538698,29.6714,0.65636593,0.64305687,0.22108446,0.1043396,1.1837444,0.1532137,0.24875602,1.0096838,1.0920224,0.6926011,0.65636593,-0.65636593,0.65636593,0.9476825,-9.658207,0.020694732666015625,0.020694732666015625,-0.014238357543945312,0.014238357543945312,0.03493309020996094,0.03493309020996094,3.377731,3.005326,-0.690490722812581,0.9203062,97.28720756595321,97.48631159780986,19.18865107018417,77.42658038825286,87.35689397710303,True,False,False,False,False,False,Tipo A (Desplazamiento Regional),0.29743415,0.10417381,0.21814638,0.13319713,0.09518814086914062,0.05908203125,2.5586092,2.21911,0
2024-10-20,2024,10,20,294,5279,28.685852,28.678,0.13009433,28.437,29.036,29.327728,29.362028,0.097480275,29.0859,29.4982,-0.64181525,-0.6700897,0.18665531,-0.9529991,0.9529991,-0.9322191,-0.88586503,-0.25377464,-0.12356625,0.66840637,0.64181525,0.64181525,0.64181525,0.9602171,-25.39759,0.1477947235107422,0.1477947235107422,-0.4900970458984375,0.4900970458984375,0.6378917694091797,0.6378917694091797,3.1872737,2.9138327,5.811182921437393,0.36447048,96.68989547038328,97.26231956197114,99.00447984071677,63.339970134395216,97.65223162435706,True,True,True,True,False,True,Tipo A (Desplazamiento Regional),0.29743415,0.10417381,0.21814638,0.13319713,0.09518814086914062,0.05908203125,2.4019544,2.1454263,141
2021-11-17,2021,11,17,321,5279,27.315098,27.347,0.30166206,26.689,27.902,28.76508,28.7463,0.11572534,28.567,29.0682,-1.4499811,-1.4025002,0.19796163,-1.9390182,1.9390182,-1.8874073,-1.8187854,-1.1854763,-1.1421443,1.4634314,1.4499811,1.4499811,1.4499811,0.9908091,-22.534409,-0.9260501861572266,0.9260501861572266,-0.06268119812011719,0.06268119812011719,-0.8633689880371094,0.8633689880371094,9.445596,7.9955215,8.242492628561847,0.5470034,99.95022399203583,99.95022399203583,99.80089596814335,68.59133897461423,99.90044798407166,True,True,True,True,True,True,Tipo A (Desplazamiento Regional),0.26972467,0.08221536,0.19029446,0.11150809,0.0838174819946289,0.05781078338623047,9.793245,7.619704,110
2021-11-18,2021,11,18,322,5279,27.434486,27.463,0.28402188,26.843,27.987,28.706917,28.704502,0.085613295,28.5204,28.8909,-1.2724545,-1.23633,0.20993818,-1.7740383,1.7740383,-1.7244654,-1.6454182,-0.9656061,-0.90964437,1.289659,1.2724545,1.2724545,1.2724545,0.98665965,-19.617985,0.11938858032226562,0.11938858032226562,-0.058162689208984375,0.058162689208984375,0.17755126953125,0.17755126953125,8.077684,6.879247,0.8473540577213337,0.7403569,99.90044798407168,99.90044798407168,73.44449975111996,73.19561971129916,91.08179857308778,True,True,True,True,True,True,Tipo A (Desplazamiento Regional),0.26972467,0.08221536,0.19029446,0.11150809,0.0838174819946289,0.05781078338623047,8.367605,6.5458655,110
2020-11-05,2020,11,5,310,5279,28.149368,28.146,0.05533216,28.025,28.352,29.06891,29.152681,0.29636008,28.3525,29.572401,-0.9194758,-1.0207596,0.31200832,-1.4153004,1.4153004,-1.3866596,-1.3149153,-0.27961272,-0.100516774,0.9709722,0.9194758,0.9194758,0.9194758,0.9469641,-306.93448,-0.1708240509033203,0.1708240509033203,-0.1798839569091797,0.1798839569091797,0.009059906005859375,0.009059906005859375,5.569028,4.659742,-0.969479989632724,2.3882113,99.4773519163763,99.40268790443007,4.629168740666999,94.5993031358885,97.0383275261324,True,True,True,True,False,True,Tipo A (Desplazamiento Regional),0.26972467,0.08221536,0.19029446,0.11150809,0.0838174819946289,0.05781078338623047,5.7530785,4.410737,89
2020-11-04,2020,11,4,309,5279,28.320192,28.314,0.26991385,27.868,28.813,29.248795,29.26,0.11564465,28.9455,29.469,-0.92862064,-0.93871117,0.22722732,-1.3495197,1.3495197,-1.3223296,-1.2727976,-0.61488056,-0.4678406,0.9560163,0.92862064,0.92862064,0.92862064,0.97134393,-11.545278,-0.2997932434082031,0.2997932434082031,0.21743202209472656,0.21743202209472656,-0.5172252655029297,0.5172252655029297,5.4512973,4.717244,4.510041972221798,1.0194784,99.37779990044798,99.45246391239422,97.58586361373818,79.51717272274763,98.80537580886012,True,True,True,True,False,True,Tipo A (Desplazamiento Regional),0.26972467,0.08221536,0.19029446,0.11150809,0.0838174819946289,0.05781078338623047,5.6303797,4.466053,89
2020-11-20,2020,11,20,325,5279,28.32696,28.331,0.12560546,27.897,28.547,27.395721,27.393032,0.06923785,27.272757,27.5737,0.93122244,0.9098015,0.16181363,0.4822998,1.2702427,0.5854494,0.6884987,1.2094085,1.252381,0.945176,0.93122244,-0.93122244,0.93122244,0.98523706,-55.625008,0.20684242248535156,0.20684242248535156,-0.4444465637207031,0.4444465637207031,0.6512889862060547,0.6512889862060547,5.3659644,4.733604,5.955644448171243,-0.036581933,99.30313588850174,99.50223992035838,99.17869586859133,48.5813837730214,99.32802389248381,True,True,True,True,False,True,Tipo A (Desplazamiento Regional),0.26972467,0.08221536,0.19029446,0.11150809,0.0838174819946289,0.05781078338623047,5.5414453,4.481791,91
2015-11-06,2015,11,6,310,5279,29.211498,29.27,0.23116882,28.358,29.532,28.329166,28.321049,0.1517135,28.105,28.654001,0.8823735,0.9231911,0.33659983,-0.1467514,1.4123993,0.08427242,0.32205144,1.3486202,1.395293,0.9443946,0.8829814,-0.8823735,0.8823735,0.9343272,-15.689697,-0.21845436096191406,0.21845436096191406,-0.4067115783691406,0.4067115783691406,0.18825721740722656,0.18825721740722656,5.3598127,4.426446,0.9627957646628349,2.785225,99.25335988053759,99.20358387257342,75.80886012941762,96.46590343454456,97.85963165754107,True,True,True,True,False,True,Tipo A (Desplazamiento Regional),0.26972467,0.08221536,0.19029446,0.11150809,0.0838174819946289,0.05781078338623047,5.5350347,4.1863093,12
2023-11-04,2023,11,4,308,5279,28.917612,28.917,0.17345573,28.601,29.476,29.673204,29.689423,0.050937187,29.5253,29.75462,-0.7555922,-0.7665062,0.13748728,-1.0416393,1.0416393,-1.028753,-0.96786726,-0.52748144,-0.38169196,0.7679974,0.7555922,0.7555922,0.7555922,0.9838474,-18.603888,-0.6022701263427734,0.6022701263427734,-0.03538703918457031,0.03538703918457031,-0.5668830871582031,0.5668830871582031,3.9712398,3.6292539,5.045499809425073,-0.42931473,98.456943753111,98.75559980089596,98.30761572921851,32.70283723245396,98.50671976107516,True,False,True,True,False,False,Tipo A (Desplazamiento Regional),0.26972467,0.08221536,0.19029446,0.11150809,0.0838174819946289,0.05781078338623047,4.0878606,3.4194233,126
2025-11-14,2025,11,14,318,5279,28.339796,28.341,0.13571337,27.959,28.644,29.043913,29.054108,0.038374517,28.9259,29.123098,-0.70408374,-0.70726013,0.14289612,-1.0937481,1.0937481,-0.9979379,-0.9120361,-0.4366598,-0.38111117,0.7184373,0.70408374,0.70408374,0.70408374,0.9800211,-27.024153,-0.34568214416503906,0.34568214416503906,-0.07546424865722656,0.07546424865722656,-0.2702178955078125,0.2702178955078125,3.5811098,3.3053727,1.846573706758549,-0.34199265,97.83474365355899,98.25783972125436,87.4066699850672,36.535589845694375,94.49975111996018,True,False,True,False,False,False,Tipo A (Desplazamiento Regional),0.26972467,0.08221536,0.19029446,0.11150809,0.0838174819946289,0.05781078338623047,3.6812668,3.1078544,156
2015-11-05,2015,11,5,309,5279,29.429953,29.445,0.123339914,29.13,29.659,28.735878,28.714125,0.08628754,28.610413,28.934002,0.69405586,0.71481514,0.18256494,0.2559986,0.9597702,0.30375922,0.36972255,0.9336227,0.95039934,0.7176658,0.69405586,-0.69405586,0.69405586,0.96710175,-32.85612,0.019987106323242188,0.019987106323242188,-0.47461700439453125,0.47461700439453125,0.49460411071777344,0.49460411071777344,3.5750368,3.242318,4.266119177935997,0.2984342,97.8098556495769,98.05873568939771,97.33698357391737,61.224489795918366,97.73519163763065,True,False,True,False,False,False,Tipo A (Desplazamiento Regional),0.26972467,0.08221536,0.19029446,0.11150809,0.0838174819946289,0.05781078338623047,3.674937,3.0471966,12
2020-11-06,2020,11,6,311,5279,28.429756,28.441,0.13357301,28.085,28.729,29.022684,29.106583,0.29366678,28.4295,29.5142,-0.5929155,-0.66322136,0.37714428,-1.3682404,1.3682404,-1.3050038,-1.1593803,0.0460989,0.16000839,0.70269847,0.60547155,0.5929155,0.5929155,0.84376943,-26.675825,0.28038787841796875,0.28038787841796875,-0.04622650146484375,0.04622650146484375,0.3266143798828125,0.3266143798828125,3.4572158,2.6063542,2.4546942110960344,3.439788,97.53608760577401,96.16724738675958,91.73718267794922,98.53160776505725,98.03384768541562,True,False,False,False,False,False,Tipo B (Discrepancia Espacial),0.26972467,0.08221536,0.19029446,0.11150809,0.0838174819946289,0.05781078338623047,3.5521443,2.4354098,0
2019-12-20,2019,12,20,354,5279,27.710587,27.759,0.2971963,27.051,28.15,28.381159,28.389002,0.04925455,28.208,28.46,-0.67048573,-0.61125946,0.3347955,-1.3833752,1.3833752,-1.336331,-1.2467251,-0.21097603,-0.15228134,0.7494253,0.67048573,0.67048573,0.67048573,0.89466655,-5.358723,-0.5449008941650391,0.5449008941650391,-0.016954421997070312,0.016954421997070312,-0.5279464721679688,0.5279464721679688,3.825043,3.0941105,4.62564821393179,2.7560954,98.28272772523644,97.73519163763066,97.88451966152316,96.26679940268791,97.96747967479676,True,False,True,False,False,False,Tipo A (Desplazamiento Regional),0.23383082,0.075619295,0.17003478,0.09350495,0.07219505310058594,0.04259300231933594,4.5989385,3.610014,73
2023-12-06,2023,12,6,340,5279,28.236835,28.319,0.5434569,27.02,29.149,28.784945,28.767181,0.16081531,28.38466,29.096899,-0.54814863,-0.44869804,0.41079286,-1.585598,1.585598,-1.4721911,-1.3640368,-0.039884947,0.042112466,0.68499553,0.5501758,0.54814863,0.54814863,0.8002222,-0.58871233,-0.10440826416015625,0.10440826416015625,-0.0031833648681640625,0.0031833648681640625,-0.10122489929199219,0.10122489929199219,3.3178608,2.3248637,0.024330578890396547,3.9830222,97.08810353409658,94.67396714783474,51.16973618715779,99.15380786460926,98.12095569935292,True,False,False,False,False,False,Tipo B (Discrepancia Espacial),0.23383082,0.075619295,0.17003478,0.09350495,0.07219505310058594,0.04259300231933594,4.0242453,2.7275324,0
2023-12-07,2023,12,7,341,5279,28.227615,28.293,0.5125168,27.092,29.069,28.80084,28.77946,0.17273039,28.4086,29.145699,-0.5732815,-0.48290253,0.36135998,-1.448,1.448,-1.3992186,-1.2987665,-0.1144474,-0.068179205,0.6776667,0.5732815,0.5732815,0.5732815,0.84596384,-0.7483003,-0.009220123291015625,0.009220123291015625,0.015895843505859375,0.015895843505859375,-0.025115966796875,0.025115966796875,3.2601697,2.4828975,-0.7963482794895641,3.184961,96.98855151816824,95.66948730711798,13.837730214036833,97.83474365355899,97.41164758586362,True,False,False,False,False,False,Tipo B (Discrepancia Espacial),0.23383082,0.075619295,0.17003478,0.09350495,0.07219505310058594,0.04259300231933594,3.9588747,2.9088292,0
2023-12-05,2023,12,5,339,5279,28.341244,28.459,0.5525275,27.155,29.331,28.788128,28.768541,0.15353784,28.41978,29.1139,-0.44681463,-0.31542015,0.4279276,-1.4494476,1.4494476,-1.3759995,-1.284889,0.07616444,0.19194408,0.6186801,0.46444583,0.44681463,0.44681463,0.72220623,-0.2537893,-0.045658111572265625,0.045658111572265625,-0.013042449951171875,0.013042449951171875,-0.03261566162109375,0.03261566162109375,2.7958357,1.6876826,-0.7154794407769359,4.2596517,95.42060726729716,90.3434544549527,17.745146839223494,99.42757590841215,97.42409158785466,False,False,False,False,False,False,Tipo B (Discrepancia Espacial),0.23383082,0.075619295,0.17003478,0.09350495,0.07219505310058594,0.04259300231933594,3.432733,1.9965574,0
2024-12-11,2024,12,11,346,5279,27.476248,27.522,0.20159124,26.831,27.797,28.02867,28.040619,0.047900844,27.8105,28.096798,-0.55239743,-0.5115833,0.21875848,-1.2383995,1.2383995,-1.1991537,-1.0357101,-0.28366852,-0.2237323,0.59413606,0.55239743,0.55239743,0.55239743,0.929749,-7.6861744,-0.181304931640625,0.181304931640625,0.054256439208984375,0.054256439208984375,-0.23556137084960938,0.23556137084960938,2.6026285,2.3515797,1.472874113826592,0.88275474,94.7237431557989,94.77351916376307,83.4245893479343,76.6052762568442,90.9739505558321,False,False,False,False,False,False,Tipo A (Desplazamiento Regional),0.23383082,0.075619295,0.17003478,0.09350495,0.07219505310058594,0.04259300231933594,3.2138078,2.7581813,0
2019-12-21,2019,12,21,355,5279,27.779228,27.831,0.24464782,27.193,28.157,28.26636,28.2614,0.08527396,28.0665,28.42,-0.48708805,-0.4296589,0.31316906,-1.1863079,1.1863079,-1.1335139,-1.0393292,-0.06421681,-0.02179512,0.5790774,0.48708844,0.48708805,0.48708805,0.841145,-4.602613,0.06864166259765625,0.06864166259765625,-0.11479949951171875,0.11479949951171875,0.183441162109375,0.183441162109375,2.484089,1.940919,0.9108644783583114,2.4069507,94.10154305624688,92.50871080139372,74.93777999004479,94.69885515181683,94.40019910403186,False,False,False,False,False,False,Tipo B (Discrepancia Espacial),0.23383082,0.075619295,0.17003478,0.09350495,0.07219505310058594,0.04259300231933594,3.0794897,2.2870705,0
2023-12-20,2023,12,20,354,5279,27.504416,27.542,0.18002181,26.918,27.763,28.058483,28.037899,0.09473879,27.82408,28.3121,-0.5540518,-0.54201317,0.1148104,-0.9359989,0.9359989,-0.87168986,-0.7743921,-0.39562988,-0.38113135,0.5658216,0.5540518,0.5540518,0.5540518,0.9791988,-8.878903,-0.08886146545410156,0.08886146545410156,-0.07304000854492188,0.07304000854492188,-0.015821456909179688,0.015821456909179688,2.379741,2.3619823,-0.8965705203457792,-0.7954178,93.50423096067695,94.8730711796914,8.23792931806869,16.52563464410154,65.53841048614568,False,False,False,False,False,False,Tipo A (Desplazamiento Regional),0.23383082,0.075619295,0.17003478,0.09350495,0.07219505310058594,0.04259300231933594,2.961252,2.7701154,0
2015-12-11,2015,12,11,345,5279,28.283352,28.31,0.17549966,27.611,28.625,27.737738,27.716072,0.08884484,27.5906,27.9497,0.54557395,0.56315994,0.14338937,-0.08199501,0.87192535,0.059572447,0.28245965,0.7342993,0.796493,0.5641017,0.54588753,-0.54557395,0.54557395,0.96715534,-9.331473,0.12083816528320312,0.12083816528320312,-0.16702651977539062,0.16702651977539062,0.28786468505859375,0.28786468505859375,2.3662024,2.308674,2.0368581665167476,-0.33402932,93.4544549527128,94.62419113987059,88.9248382279741,36.933797909407666,92.33449477351917,False,False,False,False,False,False,Tipo A (Desplazamiento Regional),0.23383082,0.075619295,0.17003478,0.09350495,0.07219505310058594,0.04259300231933594,2.945911,2.70896,0
2023-12-18,2023,12,18,352,5279,27.606308,27.616,0.20329128,26.893,28.019,28.149048,28.139736,0.105103604,27.85796,28.3932,-0.5427275,-0.5332508,0.1255021,-1.250803,1.250803,-0.9338879,-0.7667831,-0.38121453,-0.3609732,0.55705076,0.5427275,0.5427275,0.5427275,0.9742873,-6.508479,-0.06458663940429688,0.06458663940429688,-0.011835098266601562,0.011835098266601562,-0.05275154113769531,0.05275154113769531,2.3106983,2.2907758,-0.49835524690887467,-0.6228075,93.20557491289199,94.47486311597811,29.019412643106023,23.668491786958686,72.23328355732538,False,False,False,False,False,False,Tipo A (Desplazamiento Regional),0.23383082,0.075619295,0.17003478,0.09350495,0.07219505310058594,0.04259300231933594,2.883019,2.6884267,0
2023-12-03,2023,12,3,337,5279,28.28175,28.275,0.30325246,27.305,28.934,28.78373,28.755217,0.14798822,28.44572,29.122,-0.5019687,-0.51143837,0.2362179,-1.3063278,1.3063278,-1.0987194,-0.88479805,-0.1301382,0.06047264,0.5547713,0.50444293,0.5019687,0.5019687,0.9048209,-2.3467195,-0.06923484802246094,0.06923484802246094,0.06475830078125,0.06475830078125,-0.13399314880371094,0.13399314880371094,2.2927547,2.0344875,0.3776689942217682,1.1646255,93.05624688899951,93.23046291687407,62.66799402687905,82.47884519661524,87.76754604280737,False,False,False,False,False,False,Tipo A (Desplazamiento Regional),0.23383082,0.075619295,0.17003478,0.09350495,0.07219505310058594,0.04259300231933594,2.8626866,2.3944125,0
