date,year,month,day,doy,N_valid,mean_MUR,median_MUR,std_MUR,min_MUR,max_MUR,mean_BIL,median_BIL,std_BIL,min_BIL,max_BIL,mean_residual,median_residual,std_residual,min_residual,max_residual,P01_residual,P05_residual,P95_residual,P99_residual,RMSE,MAE,Bias,abs_Bias,bias_fraction,R2,delta_MUR,abs_delta_MUR,delta_BIL,abs_delta_BIL,delta_difference,abs_delta_difference,z_robust_RMSE,z_robust_absBias,z_robust_delta_diff,z_robust_std_resid,pct_rank_RMSE,pct_rank_absBias,pct_rank_delta_diff,pct_rank_std_resid,priority_score,flag_iqr_mild,flag_iqr_extreme,flag_mad_moderate,flag_mad_strong,flag_mad_extreme,flag_p99,typology,med_RMSE,mad_RMSE,med_absBias,mad_absBias,med_delta_mur,mad_delta_mur,z_monthly_RMSE,z_monthly_absBias,event_id,rank_delta_mur
2015-10-18,2015,10,18,291,5279,27.301504,27.222,0.24356765,27.045,28.095,29.565779,29.575352,0.054986652,29.41356,29.692356,-2.2643058,-2.3329983,0.23502532,-2.5405998,2.5405998,-2.5362,-2.5241973,-1.7781616,-1.6129853,2.276469,2.2643058,2.2643058,2.2643058,0.994657,-86.354294,-1.7596263885498047,1.7596263885498047,-0.027149200439453125,0.027149200439453125,-1.7324771881103516,1.7324771881103516,15.845711,13.115937,17.614043405345242,1.145372,100.0,100.0,100.0,82.08063713290194,100.0,True,True,True,True,True,True,Tipo A (Desplazamiento Regional),0.29743415,0.10417381,0.21814638,0.13319713,0.09518814086914062,0.05908203125,12.813767,10.361594,10,1
2024-10-19,2024,10,19,293,5279,28.538057,28.529,0.106401235,28.346,28.819,29.817825,29.858719,0.10868064,29.531498,29.9579,-1.2797654,-1.3447437,0.17955787,-1.5239983,1.5239983,-1.5099983,-1.4810221,-0.90512884,-0.8322043,1.2923019,1.2797654,1.2797654,1.2797654,0.99029905,-146.51448,-1.5436344146728516,1.5436344146728516,-0.11874580383300781,0.11874580383300781,-1.4248886108398438,1.4248886108398438,8.098489,6.925217,14.297330975286243,0.24988706,99.92533598805376,99.92533598805376,99.97511199601792,59.93031358885017,99.94192799070849,True,True,True,True,True,True,Tipo A (Desplazamiento Regional),0.29743415,0.10417381,0.21814638,0.13319713,0.09518814086914062,0.05908203125,6.441526,5.375957,141,2
2015-06-14,2015,6,14,165,5279,27.566875,27.578,0.18107788,27.138,27.853,28.205915,28.1952,0.0901302,28.0484,28.41,-0.63910806,-0.6169987,0.26117918,-1.2719994,1.2719994,-1.2212205,-1.1202939,-0.31902257,-0.2499226,0.6904159,0.63910806,0.63910806,0.63910806,0.9256856,-13.537533,-1.0188617706298828,1.0188617706298828,0.018613815307617188,0.018613815307617188,-1.0374755859375,1.0374755859375,3.3605297,2.8968098,10.119875470720068,1.5676086,97.26231956197114,97.21254355400697,99.85067197610752,87.95420607267297,98.10851169736186,True,True,True,True,True,True,Tipo A (Desplazamiento Regional),0.31289953,0.103877395,0.20222658,0.13996935,0.10617923736572266,0.07677936553955078,2.4513013,2.1052933,2,3
2015-10-20,2015,10,20,293,5279,28.37248,28.366,0.3243606,27.725,28.916,29.172459,29.18428,0.069965936,29.003,29.27,-0.79999125,-0.78439903,0.2825512,-1.3908997,1.3908997,-1.3404117,-1.2608244,-0.37371653,-0.3441091,0.84842145,0.79999125,0.79999125,0.79999125,0.9429173,-5.8417478,0.9464645385742188,0.9464645385742188,-0.3991584777832031,0.3991584777832031,1.3456230163574219,1.3456230163574219,4.6043262,3.9084318,13.442613986675001,1.9126457,98.92981582877053,98.92981582877053,99.95022399203583,91.28919860627178,99.26995188319229,True,True,True,True,True,True,Tipo A (Desplazamiento Regional),0.29743415,0.10417381,0.21814638,0.13319713,0.09518814086914062,0.05908203125,3.5675082,2.9464176,10,4
2021-11-17,2021,11,17,321,5279,27.315098,27.347,0.30166206,26.689,27.902,28.76508,28.7463,0.11572534,28.567,29.0682,-1.4499811,-1.4025002,0.19796163,-1.9390182,1.9390182,-1.8874073,-1.8187854,-1.1854763,-1.1421443,1.4634314,1.4499811,1.4499811,1.4499811,0.9908091,-22.534409,-0.9260501861572266,0.9260501861572266,-0.06268119812011719,0.06268119812011719,-0.8633689880371094,0.8633689880371094,9.445596,7.9955215,8.242492628561847,0.5470034,99.95022399203583,99.95022399203583,99.80089596814335,68.59133897461423,99.90044798407166,True,True,True,True,True,True,Tipo A (Desplazamiento Regional),0.26972467,0.08221536,0.19029446,0.11150809,0.0838174819946289,0.05781078338623047,9.793245,7.619704,110,5
2021-11-19,2021,11,19,323,5279,28.32998,28.39,0.34203067,27.576,28.755,28.75574,28.738028,0.07469547,28.627,28.9058,-0.42583004,-0.3647995,0.27730304,-1.1245823,1.1245823,-1.0186578,-0.9063284,-0.095378116,-0.07935356,0.50816154,0.42583004,0.42583004,0.42583004,0.83798164,-1.2073619,0.8954944610595703,0.8954944610595703,0.04882240295410156,0.04882240295410156,0.8466720581054688,0.8466720581054688,1.9258494,1.5557331,8.062450458142123,1.8279177,90.741662518666,88.67595818815332,99.77600796416127,90.71677451468392,93.06454289032688,True,True,True,True,True,True,Tipo B (Discrepancia Espacial),0.26972467,0.08221536,0.19029446,0.11150809,0.0838174819946289,0.05781078338623047,1.9561511,1.4247285,110,6
2018-09-12,2018,9,12,255,5279,29.467045,29.496,0.10542901,28.948,29.664,29.26277,29.261393,0.08445718,29.121,29.425665,0.2042523,0.21002007,0.12644403,-0.17740059,0.4939804,-0.07970009,-0.02998352,0.40860844,0.45505723,0.24022311,0.21164109,-0.2042523,0.2042523,0.85026085,-4.1916976,0.85809326171875,0.85809326171875,-0.3024005889892578,0.3024005889892578,1.1604938507080078,1.1604938507080078,-0.18332313,0.16246815,11.446375341129118,-0.6076006,42.60826281732205,55.77401692384271,99.90044798407168,24.415131906421106,66.09424257507881,True,True,True,True,True,True,Tipo A (Desplazamiento Regional),0.3080101,0.08713323,0.19861373,0.111794904,0.09885406494140625,0.06674766540527344,-0.5247404,0.034019575,59,7
2015-10-17,2015,10,17,290,5279,29.06113,29.04,0.12039461,28.875,29.377,29.592928,29.605593,0.04978301,29.44116,29.706999,-0.53177965,-0.54055786,0.12945494,-0.74236107,0.74236107,-0.7322283,-0.71153796,-0.3086132,-0.25511888,0.54731,0.53177965,0.53177965,0.53177965,0.9716242,-19.665823,-0.8243064880371094,0.8243064880371094,0.00348663330078125,0.00348663330078125,-0.8277931213378906,0.8277931213378906,2.2340205,2.2219367,7.858879815828391,-0.5589915,92.55848680935789,94.15131906421105,99.7511199601792,26.455948232951716,95.48697527791605,True,True,True,True,False,True,Tipo A (Desplazamiento Regional),0.29743415,0.10417381,0.21814638,0.13319713,0.09518814086914062,0.05908203125,1.6178851,1.5882146,10,8
2020-08-04,2020,8,4,217,5279,29.057024,29.073,0.23326936,28.554,29.517,29.273317,29.272783,0.20170775,28.8008,29.6752,-0.21631435,-0.26132965,0.28147322,-0.8919773,0.8919773,-0.81155246,-0.64900416,0.31080055,0.38413104,0.3549914,0.30766645,0.21631435,0.21631435,0.6093509,-1.3159027,-0.8161907196044922,0.8161907196044922,0.22448348999023438,0.22448348999023438,-1.0406742095947266,1.0406742095947266,0.72011626,0.23831342,10.154366071564697,1.8952425,71.9761075161772,58.18815331010453,99.8755599800896,91.18964659034346,81.58287705326032,True,True,True,True,True,True,Tipo B (Discrepancia Espacial),0.3096453,0.0967205,0.19737798,0.1264209,0.10391044616699219,0.06667327880859375,0.3162303,0.101032175,84,9
2020-07-03,2020,7,3,185,5279,29.271856,29.271,0.11657402,28.841,29.713,29.340206,29.337,0.02978951,29.269001,29.412445,-0.06836107,-0.07676506,0.12513605,-0.4280014,0.4280014,-0.33019578,-0.2641762,0.13894577,0.2403046,0.14259121,0.11881701,0.06836107,0.06836107,0.47941992,-0.49617362,0.8082923889160156,0.8082923889160156,0.021120071411132812,0.021120071411132812,0.7871723175048828,0.7871723175048828,-0.95186734,-0.6920062,7.420867695263069,-0.6287171,9.35788949726232,20.482827277252362,99.65156794425087,23.419611747137882,43.16409490625518,True,True,True,True,False,True,Tipo B (Discrepancia Espacial),0.3242526,0.09751581,0.20338514,0.13502407,0.10383415222167969,0.06675338745117188,-1.2565205,-0.6745,81,10
2016-08-29,2016,8,29,242,5279,30.496487,30.447,0.3522498,29.85,31.179,29.608427,29.652903,0.15093209,29.24,29.849499,0.88806176,0.8414402,0.41950312,0.12489891,1.7402973,0.17998546,0.28131333,1.5836408,1.6888372,0.98216,0.88806176,-0.88806176,0.88806176,0.90419257,-6.774329,0.7870750427246094,0.7870750427246094,0.03991889953613281,0.03991889953613281,0.7471561431884766,0.7471561431884766,5.657097,4.4622126,6.989375264899148,4.123643,99.57690393230463,99.2284718765555,99.55201592832255,99.30313588850174,99.45246391239424,True,True,True,True,False,True,Tipo A (Desplazamiento Regional),0.3096453,0.0967205,0.19737798,0.1264209,0.10391044616699219,0.06667327880859375,4.689917,3.685041,29,11
2020-07-10,2020,7,10,192,5279,28.805775,28.825,0.21579769,28.293,29.277,29.45962,29.45272,0.068299524,29.32856,29.58454,-0.65391994,-0.6208725,0.19811274,-1.1406784,1.1406784,-1.0467615,-0.9583065,-0.3809803,-0.29273665,0.68326974,0.65391994,0.65391994,0.65391994,0.9570451,-9.025147,-0.7843208312988281,0.7843208312988281,-0.0050907135009765625,0.0050907135009765625,-0.7792301177978516,0.7792301177978516,3.3042758,2.9899461,7.335227348264244,0.549443,97.0383275261324,97.46142359382777,99.62667994026879,68.66600298656049,98.04214368674299,True,True,True,True,False,True,Tipo A (Desplazamiento Regional),0.3242526,0.09751581,0.20338514,0.13502407,0.10383415222167969,0.06675338745117188,2.4832594,2.250604,82,12
2024-10-09,2024,10,9,283,5279,29.229118,29.069,0.426212,28.69,30.251,30.059002,30.053656,0.040682383,29.97094,30.1653,-0.8298562,-0.98329926,0.42311707,-1.3353996,1.3353996,-1.3028319,-1.2888359,-0.025905037,0.13192947,0.9315,0.8376187,0.8298562,0.8298562,0.8908816,-3.7765503,-0.7264270782470703,0.7264270782470703,-0.3169136047363281,0.3169136047363281,-0.4095134735107422,0.4095134735107422,5.258309,4.096221,3.348591041453858,4.1819882,99.17869586859133,99.05425584868094,95.32105525136883,99.37779990044798,99.27824788451966,True,True,True,True,False,True,Tipo A (Desplazamiento Regional),0.29743415,0.10417381,0.21814638,0.13319713,0.09518814086914062,0.05908203125,4.1054215,3.0976515,140,13
2018-09-11,2018,9,11,254,5279,28.608952,28.601,0.27326718,28.091,29.366,29.56517,29.562563,0.15717742,29.286001,29.83418,-0.9561753,-0.9790478,0.33904058,-1.5788422,1.5788422,-1.547896,-1.4800832,-0.3719656,-0.1682328,1.0145051,0.9561753,0.9561753,0.9561753,0.94250417,-12.782677,-0.7241935729980469,0.7241935729980469,-0.07535171508789062,0.07535171508789062,-0.6488418579101562,0.6488418579101562,5.911713,4.890506,5.929257184674727,2.8246293,99.62667994026879,99.62667994026879,99.15380786460926,96.64011946241912,99.46905591504894,True,True,True,True,False,True,Tipo A (Desplazamiento Regional),0.3080101,0.08713323,0.19861373,0.111794904,0.09885406494140625,0.06674766540527344,5.4689918,4.5706487,59,14
2023-11-15,2023,11,15,319,5279,28.773676,28.736,0.2100386,28.407,29.227,28.95069,28.946527,0.06960214,28.788519,29.081959,-0.17698291,-0.19645119,0.20524319,-0.55596924,0.55596924,-0.5337427,-0.48817882,0.19379883,0.22577107,0.27101257,0.23215424,0.17698291,0.17698291,0.65304315,-0.66487134,-0.7210044860839844,0.7210044860839844,-0.24585342407226562,0.24585342407226562,-0.47515106201171875,0.47515106201171875,0.05904707,-0.008999826,4.056357914957845,0.6645593,51.96615231458437,49.502239920358384,96.86411149825784,71.37879542060726,66.11083457773354,True,False,True,False,False,False,Tipo B (Discrepancia Espacial),0.26972467,0.08221536,0.19029446,0.11150809,0.0838174819946289,0.05781078338623047,0.0105660735,-0.080520086,127,15
2025-10-05,2025,10,5,278,5279,30.13839,30.107,0.21550725,29.763,30.595,30.480852,30.507599,0.099297516,30.273499,30.68702,-0.3424767,-0.3679123,0.17422846,-0.6959667,0.6959667,-0.63161075,-0.5923826,-0.044672202,0.021231461,0.38424692,0.34354085,0.3424767,0.3424767,0.8912933,-2.1790473,-0.7196292877197266,0.7196292877197266,-0.10579490661621094,0.10579490661621094,-0.6138343811035156,0.6138343811035156,0.9504114,1.0316132,5.55177329206751,0.1638472,76.9785963165754,79.71627675460428,98.83026381284222,56.421105027376804,85.17504562800731,True,True,True,True,False,False,Tipo A (Desplazamiento Regional),0.29743415,0.10417381,0.21814638,0.13319713,0.09518814086914062,0.05908203125,0.56209147,0.6295991,154,16
2017-08-22,2017,8,22,234,5279,29.238392,29.253,0.1559039,28.761,29.616,29.275574,29.296638,0.15034418,28.8957,29.48,-0.037179906,-0.06580162,0.1893819,-0.51578903,0.51578903,-0.43435138,-0.3323427,0.2989048,0.3791547,0.19299693,0.15948154,0.037179906,0.037179906,0.19264506,-0.53245175,-0.7129421234130859,0.7129421234130859,-0.08669662475585938,0.08669662475585938,-0.6262454986572266,0.6262454986572266,-0.5550808,-0.88807106,5.685601759387721,0.40848935,26.306620209059233,11.025385764061722,98.9795918367347,64.70881035340965,45.50771528123444,True,True,True,True,False,False,Tipo B (Discrepancia Espacial),0.3096453,0.0967205,0.19737798,0.1264209,0.10391044616699219,0.06667327880859375,-0.8134709,-0.85471314,40,17
2024-07-06,2024,7,6,188,5279,28.649122,28.668,0.30646768,27.981,29.494,29.295525,29.278942,0.07476002,29.185898,29.532438,-0.6463126,-0.65041924,0.29716262,-1.3192196,1.3192196,-1.2540431,-1.0746963,-0.17516994,0.14518684,0.711354,0.65200293,0.6463126,0.6463126,0.9085667,-4.387685,-0.7100181579589844,0.7100181579589844,-0.11505508422851562,0.11505508422851562,-0.5949630737304688,0.5949630737304688,3.5253513,2.9421117,5.348284917138021,2.1485374,97.73519163763066,97.31209556993528,98.5813837730214,93.3051269288203,97.87622366019578,True,False,True,True,False,False,Tipo A (Desplazamiento Regional),0.3242526,0.09751581,0.20338514,0.13502407,0.10383415222167969,0.06675338745117188,2.6775136,2.2126024,133,18
2022-05-29,2022,5,29,149,5279,27.347832,27.307,0.30200112,26.831,28.075,28.022814,28.0026,0.05659172,27.960207,28.258438,-0.67499197,-0.7011986,0.3320488,-1.2779999,1.2779999,-1.2437483,-1.1857666,-0.121399306,-0.015681762,0.7522439,0.675196,0.67499197,0.67499197,0.8973047,-5.2044067,-0.7082653045654297,0.7082653045654297,-0.1286029815673828,0.1286029815673828,-0.5796623229980469,0.5796623229980469,3.8472302,3.1224453,5.183297678035096,2.7117515,98.3325037332006,97.78496764559482,98.40716774514684,95.99303135888502,98.17487970798076,True,False,True,True,False,False,Tipo A (Desplazamiento Regional),0.24246086,0.07290666,0.16955584,0.09547052,0.07645606994628906,0.051788330078125,4.7162857,3.5709105,113,19
2019-09-01,2019,9,1,244,5279,29.900667,29.864,0.2798389,29.343,30.556,29.924873,29.907877,0.14137118,29.6204,30.17284,-0.024200939,-0.031526566,0.17288984,-0.4740219,0.4740219,-0.36016262,-0.26835632,0.32225686,0.3849829,0.1745756,0.1413058,0.024200939,0.024200939,0.13862728,0.6108196,0.7076816558837891,0.7076816558837891,0.10686874389648438,0.10686874389648438,0.6008129119873047,0.6008129119873047,-0.7000909,-0.96968186,5.411363434007715,0.14223614,19.437531110004976,7.04330512692882,98.68093578894972,55.5251368840219,41.72059067529451,True,False,True,True,False,False,Tipo B (Discrepancia Espacial),0.3080101,0.08713323,0.19861373,0.111794904,0.09885406494140625,0.06674766540527344,-1.032919,-1.0522968,71,20
2016-07-09,2016,7,9,191,5279,28.556015,28.407,0.35558194,28.02,29.625,28.658342,28.635944,0.066475555,28.580595,28.83,-0.10226228,-0.21712303,0.33057573,-0.6233673,0.9237995,-0.5421923,-0.4297657,0.66402304,0.7965668,0.34603158,0.30143222,0.10226228,0.10226228,0.29552877,0.052995443,-0.6968765258789062,0.6968765258789062,-0.36899757385253906,0.36899757385253906,-0.3278789520263672,0.3278789520263672,0.6495858,-0.4788378,2.468330030034608,2.68797,69.83573917371827,29.815828770532605,91.81184668989548,95.8934793429567,82.86460925833748,False,False,False,False,False,False,Tipo B (Discrepancia Espacial),0.3242526,0.09751581,0.20338514,0.13502407,0.10383415222167969,0.06675338745117188,0.15064138,-0.5051497,0,21
2017-06-19,2017,6,19,170,5279,28.394337,28.375,0.22969206,27.875,28.914,28.773264,28.76278,0.08286685,28.589111,28.93278,-0.378832,-0.35020065,0.28959134,-1.0489807,1.0489807,-1.0205532,-0.9078466,-0.0033727647,0.1360878,0.4768416,0.38693208,0.378832,0.378832,0.7944609,-3.309792,-0.69085693359375,0.69085693359375,0.11915779113769531,0.11915779113769531,-0.8100147247314453,0.8100147247314453,1.6793034,1.2602129,7.667176243691969,2.026304,88.35241413638626,83.99701343952215,99.72623195619711,92.33449477351915,90.69188651070185,True,True,True,True,False,True,Tipo B (Discrepancia Espacial),0.31289953,0.103877395,0.20222658,0.13996935,0.10617923736572266,0.07677936553955078,1.0645138,0.851046,37,22
2025-09-20,2025,9,20,263,5279,30.105053,30.134,0.19863683,29.412,30.433,29.76712,29.754196,0.03853316,29.72,29.870998,0.3378579,0.3802719,0.19040117,-0.42079735,0.6147022,-0.25662094,-0.013326645,0.58946913,0.61014724,0.387815,0.35280806,-0.3378579,0.3378579,0.87118316,-2.8117962,0.6904144287109375,0.6904144287109375,0.07016754150390625,0.07016754150390625,0.6202468872070312,0.6202468872070312,0.9784988,1.0025706,5.620919028525255,0.4249448,77.60079641612742,78.89497262319563,98.92981582877053,65.13190642110503,85.14186162269786,True,True,True,True,False,False,Tipo A (Desplazamiento Regional),0.3080101,0.08713323,0.19861373,0.111794904,0.09885406494140625,0.06674766540527344,0.61777127,0.84011155,153,23
2025-08-08,2025,8,8,220,5279,29.56376,29.492,0.26256135,29.173,30.318,30.088873,30.042011,0.10509343,29.97222,30.516817,-0.52519584,-0.5711918,0.23254679,-1.044527,1.044527,-0.9468167,-0.8302736,0.008807754,0.08075653,0.57437736,0.5308033,0.52519584,0.52519584,0.9143742,-3.785563,-0.6846141815185547,0.6846141815185547,0.0077266693115234375,0.0077266693115234375,-0.6923408508300781,0.6923408508300781,2.4470909,2.1805382,6.398304675946395,1.1053579,93.90243902439023,94.00199104031857,99.40268790443007,81.25933300149329,95.76903932304629,True,True,True,True,False,True,Tipo A (Desplazamiento Regional),0.3096453,0.0967205,0.19737798,0.1264209,0.10391044616699219,0.06667327880859375,1.8461627,1.7490237,149,24
2017-10-08,2017,10,8,281,5279,29.724382,29.742,0.15774709,29.214,29.985,29.5762,29.65446,0.17019059,29.1265,29.728607,0.14819339,0.15369987,0.19326004,-0.48374367,0.48374367,-0.41213128,-0.19325352,0.40455666,0.4231903,0.24353775,0.20453441,-0.14819339,0.14819339,0.60850275,-1.383471,0.6815662384033203,0.6815662384033203,0.11544227600097656,0.11544227600097656,0.5661239624023438,0.5661239624023438,-0.15723075,-0.19002627,5.037314204692716,0.47109944,43.85266301642608,42.21005475360876,98.28272772523644,66.42608262817322,61.4484818317571,True,False,True,True,False,False,Tipo B (Discrepancia Espacial),0.29743415,0.10417381,0.21814638,0.13319713,0.09518814086914062,0.05908203125,-0.348966,-0.35423657,43,25
2017-08-09,2017,8,9,221,5279,29.27513,29.258,0.15770556,28.941,29.646,29.290764,29.284391,0.07270182,29.1562,29.4574,-0.0155891,-0.0350399,0.16397879,-0.30029297,0.32671547,-0.2829425,-0.24730626,0.25407296,0.28393897,0.16471817,0.14367566,0.0155891,0.0155891,0.09464105,-0.09091008,-0.6792621612548828,0.6792621612548828,-0.3316822052001953,0.3316822052001953,-0.3475799560546875,0.3475799560546875,-0.7776872,-1.0238324,2.6807649830007168,-0.0016269705,16.05276256844201,4.479840716774515,93.00647088103534,49.8755599800896,37.84635805541729,False,False,False,False,False,False,Tipo B (Discrepancia Espacial),0.3096453,0.0967205,0.19737798,0.1264209,0.10391044616699219,0.06667327880859375,-1.0106786,-0.96990764,0,26
2020-07-31,2020,7,31,213,5279,28.971195,28.983,0.16989782,28.522,29.502,29.33775,29.328926,0.074504025,29.19,29.5108,-0.36659074,-0.34160042,0.19174506,-0.85032463,0.85032463,-0.8111889,-0.72483885,-0.09035893,0.0006921768,0.4137088,0.36792254,0.36659074,0.36659074,0.88610816,-4.9294424,-0.6755084991455078,0.6755084991455078,0.03323554992675781,0.03323554992675781,-0.7087440490722656,0.7087440490722656,1.1823312,1.1832407,6.575179552072693,0.446641,81.28422100547536,82.62817322050772,99.4773519163763,65.6794425087108,87.79658204745313,True,True,True,True,False,True,Tipo A (Desplazamiento Regional),0.3242526,0.09751581,0.20338514,0.13502407,0.10383415222167969,0.06675338745117188,0.6187531,0.8152781,83,27
2020-06-02,2020,6,2,154,5279,28.093042,28.075,0.20283154,27.715,28.503,28.410444,28.393764,0.07042172,28.321188,28.728498,-0.3173508,-0.33909988,0.20284936,-0.6923809,0.6923809,-0.6589386,-0.6106316,0.024807548,0.08101776,0.37664205,0.3238355,0.3173508,0.3173508,0.8425793,-2.448154,-0.6670246124267578,0.6670246124267578,0.010969161987304688,0.010969161987304688,-0.6779937744140625,0.6779937744140625,0.89054704,0.87362343,6.243600859874068,0.62591255,75.65953210552514,76.50572424091587,99.3529118964659,70.75659532105524,83.83938941430232,True,True,True,True,False,True,Tipo B (Discrepancia Espacial),0.31289953,0.103877395,0.20222658,0.13996935,0.10617923736572266,0.07677936553955078,0.41389492,0.55477357,76,28
2020-05-29,2020,5,29,150,5279,28.624308,28.572,0.36673012,27.965,29.478,28.353807,28.330196,0.14888802,28.14159,28.7092,0.27052656,0.19522095,0.4631177,-0.50815964,1.2145805,-0.44468555,-0.3680479,1.0277584,1.1488078,0.536342,0.42894977,-0.27052656,0.27052656,0.50439185,-1.1388998,-0.6624088287353516,0.6624088287353516,-0.10033035278320312,0.10033035278320312,-0.5620784759521484,0.5620784759521484,2.1476822,0.5791959,4.993691924196916,4.8277717,92.25983076157293,68.6411149825784,98.25783972125436,99.70134395221503,95.98058735689398,True,False,True,False,False,False,Tipo B (Discrepancia Espacial),0.24246086,0.07290666,0.16955584,0.09547052,0.07645606994628906,0.051788330078125,2.718858,0.7133589,75,29
2020-08-07,2020,8,7,220,5279,29.930014,30.008,0.30703595,28.956,30.329,29.648714,29.606623,0.15169656,29.42635,29.9802,0.28132436,0.3144951,0.25281638,-0.50180054,0.7478409,-0.39651752,-0.18899918,0.6886894,0.7354516,0.3782324,0.32703128,-0.28132436,0.28132436,0.74378705,-0.5175357,0.6605949401855469,0.6605949401855469,0.09147453308105469,0.09147453308105469,0.5691204071044922,0.5691204071044922,0.9030659,0.6470917,5.0696247198548585,1.4325969,76.03285216525634,70.50771528123444,98.35739173718268,86.36137381781981,81.6326530612245,True,False,True,True,False,False,Tipo B (Discrepancia Espacial),0.3096453,0.0967205,0.19737798,0.1264209,0.10391044616699219,0.06667327880859375,0.478306,0.44788346,85,30
