date,year,month,day,doy,N_valid,mean_MUR,median_MUR,std_MUR,min_MUR,max_MUR,mean_BIL,median_BIL,std_BIL,min_BIL,max_BIL,mean_residual,median_residual,std_residual,min_residual,max_residual,P01_residual,P05_residual,P95_residual,P99_residual,RMSE,MAE,Bias,abs_Bias,bias_fraction,R2,delta_MUR,abs_delta_MUR,delta_BIL,abs_delta_BIL,delta_difference,abs_delta_difference,z_robust_RMSE,z_robust_absBias,z_robust_delta_diff,z_robust_std_resid,pct_rank_RMSE,pct_rank_absBias,pct_rank_delta_diff,pct_rank_std_resid,priority_score,flag_iqr_mild,flag_iqr_extreme,flag_mad_moderate,flag_mad_strong,flag_mad_extreme,flag_p99,typology,med_RMSE,mad_RMSE,med_absBias,mad_absBias,med_delta_mur,mad_delta_mur,z_monthly_RMSE,z_monthly_absBias,event_id,rank_bias
2015-10-18,2015,10,18,291,5279,27.301504,27.222,0.24356765,27.045,28.095,29.565779,29.575352,0.054986652,29.41356,29.692356,-2.2643058,-2.3329983,0.23502532,-2.5405998,2.5405998,-2.5362,-2.5241973,-1.7781616,-1.6129853,2.276469,2.2643058,2.2643058,2.2643058,0.994657,-86.354294,-1.7596263885498047,1.7596263885498047,-0.027149200439453125,0.027149200439453125,-1.7324771881103516,1.7324771881103516,15.845711,13.115937,17.614043405345242,1.145372,100.0,100.0,100.0,82.08063713290194,100.0,True,True,True,True,True,True,Tipo A (Desplazamiento Regional),0.29743415,0.10417381,0.21814638,0.13319713,0.09518814086914062,0.05908203125,12.813767,10.361594,10,1
2015-10-19,2015,10,19,292,5279,27.426016,27.394,0.15519698,27.21,27.953,29.571617,29.57038,0.056670737,29.43144,29.71,-2.1455867,-2.1660004,0.17203793,-2.4174404,2.4174404,-2.4077349,-2.3823478,-1.8114084,-1.5972512,2.1524782,2.1455867,2.1455867,2.1455867,0.99679834,-191.35829,0.12451171875,0.12451171875,0.0058383941650390625,0.0058383941650390625,0.11867332458496094,0.11867332458496094,14.869673,12.369439,0.21247608665823056,0.12848255,99.97511199601792,99.97511199601792,57.491289198606275,54.95271279243404,85.81383773021405,True,True,True,True,True,True,Tipo A (Desplazamiento Regional),0.29743415,0.10417381,0.21814638,0.13319713,0.09518814086914062,0.05908203125,12.010958,9.760409,10,2
2021-11-17,2021,11,17,321,5279,27.315098,27.347,0.30166206,26.689,27.902,28.76508,28.7463,0.11572534,28.567,29.0682,-1.4499811,-1.4025002,0.19796163,-1.9390182,1.9390182,-1.8874073,-1.8187854,-1.1854763,-1.1421443,1.4634314,1.4499811,1.4499811,1.4499811,0.9908091,-22.534409,-0.9260501861572266,0.9260501861572266,-0.06268119812011719,0.06268119812011719,-0.8633689880371094,0.8633689880371094,9.445596,7.9955215,8.242492628561847,0.5470034,99.95022399203583,99.95022399203583,99.80089596814335,68.59133897461423,99.90044798407166,True,True,True,True,True,True,Tipo A (Desplazamiento Regional),0.26972467,0.08221536,0.19029446,0.11150809,0.0838174819946289,0.05781078338623047,9.793245,7.619704,110,3
2024-10-19,2024,10,19,293,5279,28.538057,28.529,0.106401235,28.346,28.819,29.817825,29.858719,0.10868064,29.531498,29.9579,-1.2797654,-1.3447437,0.17955787,-1.5239983,1.5239983,-1.5099983,-1.4810221,-0.90512884,-0.8322043,1.2923019,1.2797654,1.2797654,1.2797654,0.99029905,-146.51448,-1.5436344146728516,1.5436344146728516,-0.11874580383300781,0.11874580383300781,-1.4248886108398438,1.4248886108398438,8.098489,6.925217,14.297330975286243,0.24988706,99.92533598805376,99.92533598805376,99.97511199601792,59.93031358885017,99.94192799070849,True,True,True,True,True,True,Tipo A (Desplazamiento Regional),0.29743415,0.10417381,0.21814638,0.13319713,0.09518814086914062,0.05908203125,6.441526,5.375957,141,4
2021-11-18,2021,11,18,322,5279,27.434486,27.463,0.28402188,26.843,27.987,28.706917,28.704502,0.085613295,28.5204,28.8909,-1.2724545,-1.23633,0.20993818,-1.7740383,1.7740383,-1.7244654,-1.6454182,-0.9656061,-0.90964437,1.289659,1.2724545,1.2724545,1.2724545,0.98665965,-19.617985,0.11938858032226562,0.11938858032226562,-0.058162689208984375,0.058162689208984375,0.17755126953125,0.17755126953125,8.077684,6.879247,0.8473540577213337,0.7403569,99.90044798407168,99.90044798407168,73.44449975111996,73.19561971129916,91.08179857308778,True,True,True,True,True,True,Tipo A (Desplazamiento Regional),0.26972467,0.08221536,0.19029446,0.11150809,0.0838174819946289,0.05781078338623047,8.367605,6.5458655,110,5
2019-06-15,2019,6,15,166,5279,28.206034,28.18,0.34694484,27.488,29.168,29.286549,29.274336,0.17809471,28.98,29.612698,-1.0805051,-1.071598,0.2874163,-1.743885,1.743885,-1.686243,-1.5622075,-0.56826097,-0.37253192,1.1180758,1.0805051,1.0805051,1.0805051,0.966397,-9.385364,-0.2637767791748047,0.2637767791748047,-0.07927513122558594,0.07927513122558594,-0.18450164794921875,0.18450164794921875,6.727007,5.6722827,0.922299644768337,1.9911897,99.8755599800896,99.8755599800896,75.11199601791935,92.06072672971628,95.96814335490294,True,True,True,True,False,True,Tipo A (Desplazamiento Regional),0.31289953,0.103877395,0.20222658,0.13996935,0.10617923736572266,0.07677936553955078,5.228196,4.232347,65,6
2020-07-01,2020,7,1,183,5279,28.093626,28.074,0.16077644,27.825,28.813,29.17012,29.177343,0.024097499,29.110441,29.214,-1.0765495,-1.0928612,0.156731,-1.3558598,1.3558598,-1.3332433,-1.2940819,-0.7296904,-0.55941063,1.0878999,1.0765495,1.0765495,1.0765495,0.9895667,-44.786037,0.042072296142578125,0.042072296142578125,0.5633907318115234,0.5633907318115234,-0.5213184356689453,0.5213184356689453,6.489466,5.64741,4.554178423869128,-0.11863773,99.82578397212544,99.85067197610752,97.73519163763066,45.495271279243404,99.13721586195454,True,True,True,True,False,True,Tipo A (Desplazamiento Regional),0.3242526,0.09751581,0.20338514,0.13502407,0.10383415222167969,0.06675338745117188,5.2820163,4.36181,81,7
2021-05-23,2021,5,23,143,5279,27.95469,27.974,0.13478859,27.487,28.317,29.01194,29.035799,0.082928084,28.8125,29.119999,-1.0572582,-1.0503292,0.17646378,-1.5976009,1.5976009,-1.530011,-1.4139093,-0.7187792,-0.62525856,1.0718824,1.0572582,1.0572582,1.0572582,0.9863566,-62.23945,-0.24490928649902344,0.24490928649902344,-0.01647186279296875,0.01647186279296875,-0.2284374237060547,0.2284374237060547,6.3633785,5.5261083,1.3960569437880197,0.199935,99.80089596814335,99.82578397212544,82.57839721254355,57.86460925833749,94.06835905093745,True,True,True,True,False,True,Tipo A (Desplazamiento Regional),0.24246086,0.07290666,0.16955584,0.09547052,0.07645606994628906,0.051788330078125,7.673439,6.2716246,96,8
2016-06-05,2016,6,5,157,5279,28.659994,28.625,0.16518295,28.293,29.077,29.707497,29.714472,0.19443828,29.301,30.114798,-1.0474347,-1.0612183,0.15332754,-1.4310703,1.4310703,-1.3558569,-1.3028797,-0.7829336,-0.64337426,1.0585961,1.0474347,1.0474347,1.0474347,0.98945636,-40.07052,-0.24782180786132812,0.24782180786132812,0.42627716064453125,0.42627716064453125,-0.6740989685058594,0.6740989685058594,6.258791,5.4643383,6.201603360217103,-0.17358424,99.7511199601792,99.80089596814335,99.27824788451967,43.47934295669487,99.61008793761407,True,True,True,True,False,True,Tipo A (Desplazamiento Regional),0.31289953,0.103877395,0.20222658,0.13996935,0.10617923736572266,0.07677936553955078,4.841981,4.0729837,23,9
2016-06-06,2016,6,6,158,5279,28.749544,28.72,0.104544215,28.445,29.075,29.756918,29.77,0.19563025,29.359,30.126898,-1.007362,-1.029501,0.16734333,-1.259491,1.259491,-1.2416778,-1.2219416,-0.71446323,-0.6161773,1.0211647,1.007362,1.007362,1.007362,0.98648345,-94.40947,0.08955001831054688,0.08955001831054688,0.04942131042480469,0.04942131042480469,0.04012870788574219,0.04012870788574219,5.9641356,5.2123637,-0.6344666341418792,0.052691422,99.70134395221503,99.77600796416127,22.324539571926334,52.01592832254853,75.85863613738178,True,True,True,True,False,True,Tipo A (Desplazamiento Regional),0.31289953,0.103877395,0.20222658,0.13996935,0.10617923736572266,0.07677936553955078,4.5989294,3.8798766,23,10
2015-08-03,2015,8,3,215,5279,28.48251,28.394,0.31932485,27.998,29.194,29.48914,29.497953,0.16660346,29.098,29.8409,-1.0066062,-1.2354755,0.44961876,-1.5112553,1.5112553,-1.498485,-1.4639194,-0.09077015,0.023208313,1.1024562,1.0076364,1.0066062,1.0066062,0.9130578,-10.919479,-0.0075511932373046875,0.0075511932373046875,0.41065025329589844,0.41065025329589844,-0.4182014465332031,0.4182014465332031,6.6040516,5.207612,3.442273025262612,4.6098404,99.85067197610752,99.7511199601792,95.66948730711798,99.60179193628672,99.72623195619713,True,True,True,True,False,True,Tipo A (Desplazamiento Regional),0.3096453,0.0967205,0.19737798,0.1264209,0.10391044616699219,0.06667327880859375,5.528827,4.3175178,7,11
2024-07-17,2024,7,17,199,5279,28.910793,28.91,0.15442942,28.544,29.249,29.914629,29.901772,0.10263532,29.744,30.226439,-1.0037035,-1.0315971,0.17978889,-1.4034557,1.4034557,-1.3440592,-1.282436,-0.71575433,-0.7016421,1.0196782,1.0037035,1.0037035,1.0037035,0.9843335,-42.59796,-0.18248367309570312,0.18248367309570312,0.10985374450683594,0.10985374450683594,-0.29233741760253906,0.29233741760253906,5.952435,5.1893597,2.0850874205302556,0.2536166,99.67645594823296,99.72623195619711,89.24838227974116,60.004977600796416,96.21702339472375,True,True,True,True,False,True,Tipo A (Desplazamiento Regional),0.3242526,0.09751581,0.20338514,0.13502407,0.10383415222167969,0.06675338745117188,4.810139,3.9979146,134,12
2024-10-10,2024,10,10,284,5279,29.07833,28.932,0.45601824,28.458,30.204,30.071993,30.065538,0.0842883,29.914,30.20772,-0.9936577,-1.1288109,0.3923515,-1.5332985,1.5332985,-1.4978796,-1.4406093,-0.2490015,-0.06712803,1.0683135,0.99368805,0.9936577,0.9936577,0.9301181,-4.4882383,-0.1507892608642578,0.1507892608642578,0.012990951538085938,0.012990951538085938,-0.16378021240234375,0.16378021240234375,6.335284,5.126192,0.6988614291594883,3.6852987,99.77600796416127,99.70134395221503,70.70681931309109,98.90492782478844,99.34046789447486,True,True,True,True,False,True,Tipo A (Desplazamiento Regional),0.29743415,0.10417381,0.21814638,0.13319713,0.09518814086914062,0.05908203125,4.9912553,3.9271295,140,13
2022-07-24,2022,7,24,205,5279,28.741117,28.728,0.2176161,28.142,29.366,29.732685,29.718355,0.06476004,29.64,30.029799,-0.9917098,-1.0103741,0.22533391,-1.6442356,1.6442356,-1.526127,-1.3697191,-0.665201,-0.5843742,1.016987,0.9917098,0.9917098,0.9917098,0.9751451,-20.839802,-0.3569927215576172,0.3569927215576172,-0.04818534851074219,0.04818534851074219,-0.308807373046875,0.308807373046875,5.9312496,5.1139445,2.2626821362686953,0.98891073,99.65156794425087,99.67645594823296,90.6172224987556,78.82030861124937,96.64841546374647,True,True,True,True,False,True,Tipo A (Desplazamiento Regional),0.3242526,0.09751581,0.20338514,0.13502407,0.10383415222167969,0.06675338745117188,4.791524,3.9380014,116,14
2024-06-10,2024,6,10,162,5279,28.932669,28.876,0.17940176,28.519,29.763,29.919321,29.909239,0.059201747,29.8079,30.09986,-0.9866778,-1.0211067,0.20701589,-1.3879986,1.3879986,-1.3483678,-1.2809569,-0.5660936,-0.43405402,1.0081596,0.9866778,0.9866778,0.9866778,0.97869205,-30.5795,-0.05518150329589844,0.05518150329589844,0.1743030548095703,0.1743030548095703,-0.22948455810546875,0.22948455810546875,5.8617625,5.082304,1.407348142275617,0.69317836,99.60179193628672,99.65156794425087,82.70283723245396,72.00099552015928,93.98539903766384,True,True,True,True,False,True,Tipo A (Desplazamiento Regional),0.31289953,0.103877395,0.20222658,0.13996935,0.10617923736572266,0.07677936553955078,4.514485,3.7802014,130,15
2018-09-11,2018,9,11,254,5279,28.608952,28.601,0.27326718,28.091,29.366,29.56517,29.562563,0.15717742,29.286001,29.83418,-0.9561753,-0.9790478,0.33904058,-1.5788422,1.5788422,-1.547896,-1.4800832,-0.3719656,-0.1682328,1.0145051,0.9561753,0.9561753,0.9561753,0.94250417,-12.782677,-0.7241935729980469,0.7241935729980469,-0.07535171508789062,0.07535171508789062,-0.6488418579101562,0.6488418579101562,5.911713,4.890506,5.929257184674727,2.8246293,99.62667994026879,99.62667994026879,99.15380786460926,96.64011946241912,99.46905591504894,True,True,True,True,False,True,Tipo A (Desplazamiento Regional),0.3080101,0.08713323,0.19861373,0.111794904,0.09885406494140625,0.06674766540527344,5.4689918,4.5706487,59,16
2025-06-20,2025,6,20,171,5279,28.233183,28.256,0.19190958,27.808,28.669,29.188545,29.186226,0.03986266,29.0977,29.378498,-0.9554384,-0.9388981,0.2185405,-1.4038181,1.4038181,-1.3739091,-1.3156265,-0.66358167,-0.54285467,0.980113,0.9554384,0.9554384,0.9554384,0.97482467,-25.08309,-0.2553825378417969,0.2553825378417969,0.09925651550292969,0.09925651550292969,-0.35463905334472656,0.35463905334472656,5.640983,4.8858724,2.756882880273208,0.8792357,99.55201592832255,99.60179193628672,93.25535092085615,76.50572424091587,97.46971959515514,True,True,True,True,False,True,Tipo A (Desplazamiento Regional),0.31289953,0.103877395,0.20222658,0.13996935,0.10617923736572266,0.07677936553955078,4.3323717,3.6296613,145,17
2021-06-12,2021,6,12,163,5279,27.959974,27.964,0.24082214,27.474,28.856,28.908255,28.909836,0.041278113,28.731499,28.994,-0.9483476,-0.9556103,0.21393403,-1.3392467,1.3392467,-1.3215885,-1.2806803,-0.5861988,-0.37997398,0.9721758,0.9483476,0.9483476,0.9483476,0.97548985,-15.296593,-0.20966529846191406,0.20966529846191406,-0.0038700103759765625,0.0038700103759765625,-0.2057952880859375,0.2057952880859375,5.5785027,4.8412867,1.151907914195545,0.80486727,99.50223992035838,99.57690393230463,78.94474863115978,74.73867595818815,92.67463082794093,True,True,True,True,False,True,Tipo A (Desplazamiento Regional),0.31289953,0.103877395,0.20222658,0.13996935,0.10617923736572266,0.07677936553955078,4.2808332,3.595492,97,18
2021-09-07,2021,9,7,250,5279,29.453247,29.438,0.211618,28.941,29.955,28.517193,28.581656,0.15442297,28.050499,28.680899,0.93605113,0.9606018,0.1922624,0.45000076,1.2975903,0.52060795,0.58259696,1.2048041,1.2557524,0.95559067,0.93605113,-0.93605113,0.93605113,0.9795524,-19.391003,0.09769821166992188,0.09769821166992188,-0.3000907897949219,0.3000907897949219,0.39778900146484375,0.39778900146484375,5.447947,4.7639666,3.2221666387156773,0.45499313,99.3529118964659,99.55201592832255,95.02239920358387,65.97809855649577,97.9757756761241,True,True,True,True,False,True,Tipo A (Desplazamiento Regional),0.3080101,0.08713323,0.19861373,0.111794904,0.09885406494140625,0.06674766540527344,5.0129337,4.4492326,105,19
2016-08-08,2016,8,8,221,5279,29.944876,29.99,0.2219378,29.239,30.247,29.012783,28.993189,0.15324606,28.8,29.42,0.932172,0.99679565,0.21553555,0.11610222,1.1889477,0.25770873,0.46594542,1.1631603,1.1764193,0.9567663,0.932172,-0.932172,0.932172,0.97429436,-17.584429,0.15878868103027344,0.15878868103027344,-0.38785743713378906,0.38785743713378906,0.5466461181640625,0.5466461181640625,5.4572015,4.7395754,4.827285572715769,0.83072275,99.40268790443007,99.52712792434046,98.08362369337979,75.16177202588352,99.00447984071677,True,True,True,True,False,True,Tipo A (Desplazamiento Regional),0.3096453,0.0967205,0.19737798,0.1264209,0.10391044616699219,0.06667327880859375,4.5128293,3.9203846,27,20
2020-11-20,2020,11,20,325,5279,28.32696,28.331,0.12560546,27.897,28.547,27.395721,27.393032,0.06923785,27.272757,27.5737,0.93122244,0.9098015,0.16181363,0.4822998,1.2702427,0.5854494,0.6884987,1.2094085,1.252381,0.945176,0.93122244,-0.93122244,0.93122244,0.98523706,-55.625008,0.20684242248535156,0.20684242248535156,-0.4444465637207031,0.4444465637207031,0.6512889862060547,0.6512889862060547,5.3659644,4.733604,5.955644448171243,-0.036581933,99.30313588850174,99.50223992035838,99.17869586859133,48.5813837730214,99.32802389248381,True,True,True,True,False,True,Tipo A (Desplazamiento Regional),0.26972467,0.08221536,0.19029446,0.11150809,0.0838174819946289,0.05781078338623047,5.5414453,4.481791,91,21
2020-05-27,2020,5,27,148,5279,29.37064,29.374,0.13619648,29.044,29.643,28.441206,28.411795,0.1573697,28.221775,28.741207,0.9293474,0.9340992,0.27822652,0.3537922,1.366169,0.42661452,0.49396515,1.3140672,1.3447964,0.97009975,0.9293474,-0.9293474,0.9293474,0.9579916,-49.734226,0.041019439697265625,0.041019439697265625,-0.3206062316894531,0.3206062316894531,0.36162567138671875,0.36162567138671875,5.56216,4.7218137,2.8322192373953743,1.8428267,99.42757590841215,99.4773519163763,93.72822299651567,90.76655052264809,97.54438360710138,True,True,True,True,False,True,Tipo A (Desplazamiento Regional),0.24246086,0.07290666,0.16955584,0.09547052,0.07645606994628906,0.051788330078125,6.7317915,5.3679333,75,22
2020-11-04,2020,11,4,309,5279,28.320192,28.314,0.26991385,27.868,28.813,29.248795,29.26,0.11564465,28.9455,29.469,-0.92862064,-0.93871117,0.22722732,-1.3495197,1.3495197,-1.3223296,-1.2727976,-0.61488056,-0.4678406,0.9560163,0.92862064,0.92862064,0.92862064,0.97134393,-11.545278,-0.2997932434082031,0.2997932434082031,0.21743202209472656,0.21743202209472656,-0.5172252655029297,0.5172252655029297,5.4512973,4.717244,4.510041972221798,1.0194784,99.37779990044798,99.45246391239422,97.58586361373818,79.51717272274763,98.80537580886012,True,True,True,True,False,True,Tipo A (Desplazamiento Regional),0.26972467,0.08221536,0.19029446,0.11150809,0.0838174819946289,0.05781078338623047,5.6303797,4.466053,89,23
2021-06-13,2021,6,13,164,5279,27.889477,27.903,0.21948512,27.472,28.662,28.810337,28.818796,0.073487565,28.5908,28.9732,-0.9208986,-0.9139309,0.17669964,-1.2410316,1.2410316,-1.223968,-1.1928866,-0.6252659,-0.4764493,0.9376967,0.9208986,0.9208986,0.9208986,0.9820858,-17.252176,-0.07049751281738281,0.07049751281738281,-0.09791755676269531,0.09791755676269531,0.0274200439453125,0.0274200439453125,5.307088,4.668689,-0.7715035294476377,0.20374274,99.2284718765555,99.42757590841215,15.206570433051269,58.06371329019413,78.64609258337481,True,True,True,True,False,True,Tipo A (Desplazamiento Regional),0.31289953,0.103877395,0.20222658,0.13996935,0.10617923736572266,0.07677936553955078,4.0569525,3.4632173,97,24
2020-11-05,2020,11,5,310,5279,28.149368,28.146,0.05533216,28.025,28.352,29.06891,29.152681,0.29636008,28.3525,29.572401,-0.9194758,-1.0207596,0.31200832,-1.4153004,1.4153004,-1.3866596,-1.3149153,-0.27961272,-0.100516774,0.9709722,0.9194758,0.9194758,0.9194758,0.9469641,-306.93448,-0.1708240509033203,0.1708240509033203,-0.1798839569091797,0.1798839569091797,0.009059906005859375,0.009059906005859375,5.569028,4.659742,-0.969479989632724,2.3882113,99.4773519163763,99.40268790443007,4.629168740666999,94.5993031358885,97.0383275261324,True,True,True,True,False,True,Tipo A (Desplazamiento Regional),0.26972467,0.08221536,0.19029446,0.11150809,0.0838174819946289,0.05781078338623047,5.7530785,4.410737,89,25
2024-07-28,2024,7,28,210,5279,29.084263,29.049,0.17323728,28.721,29.592,29.997646,29.982,0.06606828,29.907223,30.230259,-0.9132901,-0.9805393,0.19697109,-1.2822952,1.2822952,-1.2404221,-1.1763102,-0.55305827,-0.43760517,0.93429,0.9132901,0.9132901,0.9132901,0.97752315,-28.085775,-0.2906837463378906,0.2906837463378906,-0.16159820556640625,0.16159820556640625,-0.12908554077148438,0.12908554077148438,5.280271,4.620847,0.3247504993063072,0.5310118,99.20358387257342,99.37779990044798,61.19960179193629,68.14335490293678,86.5936618549859,True,True,True,True,False,True,Tipo A (Desplazamiento Regional),0.3242526,0.09751581,0.20338514,0.13502407,0.10383415222167969,0.06675338745117188,4.219523,3.5462627,136,26
2024-08-27,2024,8,27,240,5279,29.382772,29.328,0.24137509,28.95,30.064,30.29055,30.289284,0.049472615,30.19,30.479439,-0.90782934,-0.96100044,0.26867193,-1.312603,1.312603,-1.2821149,-1.2310082,-0.3232464,-0.21027008,0.9467505,0.90782934,0.90782934,0.90782934,0.9588897,-14.384599,-0.019916534423828125,0.019916534423828125,-0.0068874359130859375,0.0068874359130859375,-0.013029098510742188,0.013029098510742188,5.3783584,4.58651,-0.9266803829793722,1.6885742,99.32802389248381,99.3529118964659,6.669985067197611,89.29815828770533,94.31309109009457,True,True,True,True,False,True,Tipo A (Desplazamiento Regional),0.3096453,0.0967205,0.19737798,0.1264209,0.10391044616699219,0.06667327880859375,4.442982,3.790508,138,27
2024-07-18,2024,7,18,200,5279,29.157698,29.205,0.43254113,28.316,29.934,30.064987,30.057419,0.10366121,29.8975,30.378498,-0.9074155,-0.8690567,0.34939888,-1.6040001,1.6040001,-1.5571947,-1.483762,-0.41725025,-0.36727846,0.97235996,0.9074155,0.9074155,0.9074155,0.9332095,-4.0535817,0.2469043731689453,0.2469043731689453,0.1503582000732422,0.1503582000732422,0.09654617309570312,0.09654617309570312,5.5799522,4.5839076,-0.026119894497720723,2.991857,99.52712792434046,99.32802389248381,49.153807864609256,97.23743155798905,98.38227974116475,True,True,True,True,False,True,Tipo A (Desplazamiento Regional),0.3242526,0.09751581,0.20338514,0.13502407,0.10383415222167969,0.06675338745117188,4.4828467,3.5169175,134,28
2022-07-25,2022,7,25,206,5279,28.85305,28.829,0.3523565,27.981,29.472,29.754818,29.747913,0.05321309,29.661196,29.9928,-0.9016585,-0.9461231,0.35943565,-1.7851677,1.7851677,-1.7072418,-1.5238634,-0.3202936,-0.26438722,0.97065955,0.9016585,0.9016585,0.9016585,0.9289132,-6.588734,0.11193275451660156,0.11193275451660156,0.02213287353515625,0.02213287353515625,0.08979988098144531,0.08979988098144531,5.566567,4.5477085,-0.098864829016176,3.153894,99.45246391239422,99.30313588850174,46.366351418616226,97.66052762568442,98.55649576903932,True,True,True,True,False,True,Tipo A (Desplazamiento Regional),0.3242526,0.09751581,0.20338514,0.13502407,0.10383415222167969,0.06675338745117188,4.471085,3.4881582,116,29
2019-06-14,2019,6,14,165,5279,28.46981,28.49,0.50948715,27.454,29.389,29.365824,29.332697,0.12050016,29.196499,29.63122,-0.895986,-0.9142666,0.5070417,-1.8349686,1.8349686,-1.7804451,-1.6917775,-0.15708295,-0.058560982,1.0295081,0.89612585,0.895986,0.895986,0.87030494,-3.083128,-0.5358428955078125,0.5358428955078125,0.059711456298828125,0.059711456298828125,-0.5955543518066406,0.5955543518066406,6.0298142,4.51204,5.354660639416993,5.5368958,99.72623195619711,99.27824788451967,98.60627177700349,99.92533598805376,99.82578397212544,True,True,True,True,False,True,Tipo A (Desplazamiento Regional),0.31289953,0.103877395,0.20222658,0.13996935,0.10617923736572266,0.07677936553955078,4.6531057,3.3431659,65,30
