date,year,month,day,doy,N_valid,mean_MUR,median_MUR,std_MUR,min_MUR,max_MUR,mean_BIL,median_BIL,std_BIL,min_BIL,max_BIL,mean_residual,median_residual,std_residual,min_residual,max_residual,P01_residual,P05_residual,P95_residual,P99_residual,RMSE,MAE,Bias,abs_Bias,bias_fraction,R2,delta_MUR,abs_delta_MUR,delta_BIL,abs_delta_BIL,delta_difference,abs_delta_difference,z_robust_RMSE,z_robust_absBias,z_robust_delta_diff,z_robust_std_resid,pct_rank_RMSE,pct_rank_absBias,pct_rank_delta_diff,pct_rank_std_resid,priority_score,flag_iqr_mild,flag_iqr_extreme,flag_mad_moderate,flag_mad_strong,flag_mad_extreme,flag_p99,typology,med_RMSE,mad_RMSE,med_absBias,mad_absBias,med_delta_mur,mad_delta_mur,z_monthly_RMSE,z_monthly_absBias,event_id,rank_delta_diff
2015-10-18,2015,10,18,291,5279,27.301504,27.222,0.24356765,27.045,28.095,29.565779,29.575352,0.054986652,29.41356,29.692356,-2.2643058,-2.3329983,0.23502532,-2.5405998,2.5405998,-2.5362,-2.5241973,-1.7781616,-1.6129853,2.276469,2.2643058,2.2643058,2.2643058,0.994657,-86.354294,-1.7596263885498047,1.7596263885498047,-0.027149200439453125,0.027149200439453125,-1.7324771881103516,1.7324771881103516,15.845711,13.115937,17.614043405345242,1.145372,100.0,100.0,100.0,82.08063713290194,100.0,True,True,True,True,True,True,Tipo A (Desplazamiento Regional),0.29743415,0.10417381,0.21814638,0.13319713,0.09518814086914062,0.05908203125,12.813767,10.361594,10,1
2024-10-19,2024,10,19,293,5279,28.538057,28.529,0.106401235,28.346,28.819,29.817825,29.858719,0.10868064,29.531498,29.9579,-1.2797654,-1.3447437,0.17955787,-1.5239983,1.5239983,-1.5099983,-1.4810221,-0.90512884,-0.8322043,1.2923019,1.2797654,1.2797654,1.2797654,0.99029905,-146.51448,-1.5436344146728516,1.5436344146728516,-0.11874580383300781,0.11874580383300781,-1.4248886108398438,1.4248886108398438,8.098489,6.925217,14.297330975286243,0.24988706,99.92533598805376,99.92533598805376,99.97511199601792,59.93031358885017,99.94192799070849,True,True,True,True,True,True,Tipo A (Desplazamiento Regional),0.29743415,0.10417381,0.21814638,0.13319713,0.09518814086914062,0.05908203125,6.441526,5.375957,141,2
2015-10-20,2015,10,20,293,5279,28.37248,28.366,0.3243606,27.725,28.916,29.172459,29.18428,0.069965936,29.003,29.27,-0.79999125,-0.78439903,0.2825512,-1.3908997,1.3908997,-1.3404117,-1.2608244,-0.37371653,-0.3441091,0.84842145,0.79999125,0.79999125,0.79999125,0.9429173,-5.8417478,0.9464645385742188,0.9464645385742188,-0.3991584777832031,0.3991584777832031,1.3456230163574219,1.3456230163574219,4.6043262,3.9084318,13.442613986675001,1.9126457,98.92981582877053,98.92981582877053,99.95022399203583,91.28919860627178,99.26995188319229,True,True,True,True,True,True,Tipo A (Desplazamiento Regional),0.29743415,0.10417381,0.21814638,0.13319713,0.09518814086914062,0.05908203125,3.5675082,2.9464176,10,3
2021-09-08,2021,9,8,251,5279,28.913385,28.925,0.26601845,28.23,29.37,29.172325,29.19589,0.066323236,28.918362,29.24744,-0.258931,-0.26553917,0.2611883,-0.86011696,0.86011696,-0.7967264,-0.700585,0.1536911,0.22012562,0.3677841,0.29926053,0.258931,0.258931,0.7040299,-0.911448,-0.5398616790771484,0.5398616790771484,0.6551322937011719,0.6551322937011719,-1.1949939727783203,1.1949939727783203,0.8208186,0.50628394,11.818388452684058,1.5677559,74.01692384270781,66.4509706321553,99.92533598805376,87.97909407665504,80.99800895968143,True,True,True,True,True,True,Tipo B (Discrepancia Espacial),0.3080101,0.08713323,0.19861373,0.111794904,0.09885406494140625,0.06674766540527344,0.46271175,0.36391643,105,4
2018-09-12,2018,9,12,255,5279,29.467045,29.496,0.10542901,28.948,29.664,29.26277,29.261393,0.08445718,29.121,29.425665,0.2042523,0.21002007,0.12644403,-0.17740059,0.4939804,-0.07970009,-0.02998352,0.40860844,0.45505723,0.24022311,0.21164109,-0.2042523,0.2042523,0.85026085,-4.1916976,0.85809326171875,0.85809326171875,-0.3024005889892578,0.3024005889892578,1.1604938507080078,1.1604938507080078,-0.18332313,0.16246815,11.446375341129118,-0.6076006,42.60826281732205,55.77401692384271,99.90044798407168,24.415131906421106,66.09424257507881,True,True,True,True,True,True,Tipo A (Desplazamiento Regional),0.3080101,0.08713323,0.19861373,0.111794904,0.09885406494140625,0.06674766540527344,-0.5247404,0.034019575,59,5
2020-08-04,2020,8,4,217,5279,29.057024,29.073,0.23326936,28.554,29.517,29.273317,29.272783,0.20170775,28.8008,29.6752,-0.21631435,-0.26132965,0.28147322,-0.8919773,0.8919773,-0.81155246,-0.64900416,0.31080055,0.38413104,0.3549914,0.30766645,0.21631435,0.21631435,0.6093509,-1.3159027,-0.8161907196044922,0.8161907196044922,0.22448348999023438,0.22448348999023438,-1.0406742095947266,1.0406742095947266,0.72011626,0.23831342,10.154366071564697,1.8952425,71.9761075161772,58.18815331010453,99.8755599800896,91.18964659034346,81.58287705326032,True,True,True,True,True,True,Tipo B (Discrepancia Espacial),0.3096453,0.0967205,0.19737798,0.1264209,0.10391044616699219,0.06667327880859375,0.3162303,0.101032175,84,6
2015-06-14,2015,6,14,165,5279,27.566875,27.578,0.18107788,27.138,27.853,28.205915,28.1952,0.0901302,28.0484,28.41,-0.63910806,-0.6169987,0.26117918,-1.2719994,1.2719994,-1.2212205,-1.1202939,-0.31902257,-0.2499226,0.6904159,0.63910806,0.63910806,0.63910806,0.9256856,-13.537533,-1.0188617706298828,1.0188617706298828,0.018613815307617188,0.018613815307617188,-1.0374755859375,1.0374755859375,3.3605297,2.8968098,10.119875470720068,1.5676086,97.26231956197114,97.21254355400697,99.85067197610752,87.95420607267297,98.10851169736186,True,True,True,True,True,True,Tipo A (Desplazamiento Regional),0.31289953,0.103877395,0.20222658,0.13996935,0.10617923736572266,0.07677936553955078,2.4513013,2.1052933,2,7
2015-08-05,2015,8,5,217,5279,29.271584,29.287,0.3408811,28.414,29.915,28.767126,28.77462,0.09305282,28.516693,28.9588,0.5044776,0.53012085,0.30258325,-0.3140278,1.1445999,-0.18399265,-0.024477195,1.005626,1.0955987,0.58826274,0.5177834,-0.5044776,0.5044776,0.85757196,-1.9780827,0.15623855590820312,0.15623855590820312,-0.85198974609375,0.85198974609375,1.0082283020019531,1.0082283020019531,2.5563946,2.0502634,9.804503453217666,2.23605,94.30064708810353,93.37979094076655,99.82578397212544,93.80288700846192,95.83540733366517,True,True,True,True,True,True,Tipo A (Desplazamiento Regional),0.3096453,0.0967205,0.19737798,0.1264209,0.10391044616699219,0.06667327880859375,1.9429951,1.6384846,7,8
2021-11-17,2021,11,17,321,5279,27.315098,27.347,0.30166206,26.689,27.902,28.76508,28.7463,0.11572534,28.567,29.0682,-1.4499811,-1.4025002,0.19796163,-1.9390182,1.9390182,-1.8874073,-1.8187854,-1.1854763,-1.1421443,1.4634314,1.4499811,1.4499811,1.4499811,0.9908091,-22.534409,-0.9260501861572266,0.9260501861572266,-0.06268119812011719,0.06268119812011719,-0.8633689880371094,0.8633689880371094,9.445596,7.9955215,8.242492628561847,0.5470034,99.95022399203583,99.95022399203583,99.80089596814335,68.59133897461423,99.90044798407166,True,True,True,True,True,True,Tipo A (Desplazamiento Regional),0.26972467,0.08221536,0.19029446,0.11150809,0.0838174819946289,0.05781078338623047,9.793245,7.619704,110,9
2021-11-19,2021,11,19,323,5279,28.32998,28.39,0.34203067,27.576,28.755,28.75574,28.738028,0.07469547,28.627,28.9058,-0.42583004,-0.3647995,0.27730304,-1.1245823,1.1245823,-1.0186578,-0.9063284,-0.095378116,-0.07935356,0.50816154,0.42583004,0.42583004,0.42583004,0.83798164,-1.2073619,0.8954944610595703,0.8954944610595703,0.04882240295410156,0.04882240295410156,0.8466720581054688,0.8466720581054688,1.9258494,1.5557331,8.062450458142123,1.8279177,90.741662518666,88.67595818815332,99.77600796416127,90.71677451468392,93.06454289032688,True,True,True,True,True,True,Tipo B (Discrepancia Espacial),0.26972467,0.08221536,0.19029446,0.11150809,0.0838174819946289,0.05781078338623047,1.9561511,1.4247285,110,10
2015-10-17,2015,10,17,290,5279,29.06113,29.04,0.12039461,28.875,29.377,29.592928,29.605593,0.04978301,29.44116,29.706999,-0.53177965,-0.54055786,0.12945494,-0.74236107,0.74236107,-0.7322283,-0.71153796,-0.3086132,-0.25511888,0.54731,0.53177965,0.53177965,0.53177965,0.9716242,-19.665823,-0.8243064880371094,0.8243064880371094,0.00348663330078125,0.00348663330078125,-0.8277931213378906,0.8277931213378906,2.2340205,2.2219367,7.858879815828391,-0.5589915,92.55848680935789,94.15131906421105,99.7511199601792,26.455948232951716,95.48697527791605,True,True,True,True,False,True,Tipo A (Desplazamiento Regional),0.29743415,0.10417381,0.21814638,0.13319713,0.09518814086914062,0.05908203125,1.6178851,1.5882146,10,11
2017-06-19,2017,6,19,170,5279,28.394337,28.375,0.22969206,27.875,28.914,28.773264,28.76278,0.08286685,28.589111,28.93278,-0.378832,-0.35020065,0.28959134,-1.0489807,1.0489807,-1.0205532,-0.9078466,-0.0033727647,0.1360878,0.4768416,0.38693208,0.378832,0.378832,0.7944609,-3.309792,-0.69085693359375,0.69085693359375,0.11915779113769531,0.11915779113769531,-0.8100147247314453,0.8100147247314453,1.6793034,1.2602129,7.667176243691969,2.026304,88.35241413638626,83.99701343952215,99.72623195619711,92.33449477351915,90.69188651070185,True,True,True,True,False,True,Tipo B (Discrepancia Espacial),0.31289953,0.103877395,0.20222658,0.13996935,0.10617923736572266,0.07677936553955078,1.0645138,0.851046,37,12
2021-07-17,2021,7,17,198,5279,28.648457,28.618,0.2210348,28.283,29.346,28.970251,28.960962,0.029244881,28.93,29.02939,-0.32185864,-0.35406685,0.21342838,-0.65997696,0.65997696,-0.63030744,-0.6039993,0.07376995,0.26151142,0.38619292,0.34363016,0.32185864,0.32185864,0.83341414,-2.0527225,-0.013162612915039062,0.013162612915039062,0.7872390747070312,0.7872390747070312,-0.8004016876220703,0.8004016876220703,0.96573013,0.90196836,7.563519339543535,0.79670376,77.30214036834245,77.15281234444997,99.70134395221503,74.41513190642111,84.71876555500249,True,True,True,True,False,True,Tipo B (Discrepancia Espacial),0.3242526,0.09751581,0.20338514,0.13502407,0.10383415222167969,0.06675338745117188,0.42843044,0.59182316,101,13
2016-08-31,2016,8,31,244,5279,30.416595,30.438,0.34397855,29.698,30.938,30.426514,30.402653,0.31310406,29.853,31.127499,-0.009948217,-0.058979034,0.29887006,-0.51387596,0.7191372,-0.4992634,-0.4371155,0.52000046,0.6476054,0.29903528,0.25483915,0.009948217,0.009948217,0.033267703,0.24424309,-0.34093666076660156,0.34093666076660156,0.45890235900878906,0.45890235900878906,-0.7998390197753906,0.7998390197753906,0.27963775,-1.059302,7.557452119955482,2.1761029,59.78098556495769,2.687904430064709,99.67645594823296,93.47934295669488,76.63016426082629,True,True,True,True,False,True,Tipo B (Discrepancia Espacial),0.3096453,0.0967205,0.19737798,0.1264209,0.10391044616699219,0.06667327880859375,-0.07399108,-1.0000037,29,14
2020-07-03,2020,7,3,185,5279,29.271856,29.271,0.11657402,28.841,29.713,29.340206,29.337,0.02978951,29.269001,29.412445,-0.06836107,-0.07676506,0.12513605,-0.4280014,0.4280014,-0.33019578,-0.2641762,0.13894577,0.2403046,0.14259121,0.11881701,0.06836107,0.06836107,0.47941992,-0.49617362,0.8082923889160156,0.8082923889160156,0.021120071411132812,0.021120071411132812,0.7871723175048828,0.7871723175048828,-0.95186734,-0.6920062,7.420867695263069,-0.6287171,9.35788949726232,20.482827277252362,99.65156794425087,23.419611747137882,43.16409490625518,True,True,True,True,False,True,Tipo B (Discrepancia Espacial),0.3242526,0.09751581,0.20338514,0.13502407,0.10383415222167969,0.06675338745117188,-1.2565205,-0.6745,81,15
2020-07-10,2020,7,10,192,5279,28.805775,28.825,0.21579769,28.293,29.277,29.45962,29.45272,0.068299524,29.32856,29.58454,-0.65391994,-0.6208725,0.19811274,-1.1406784,1.1406784,-1.0467615,-0.9583065,-0.3809803,-0.29273665,0.68326974,0.65391994,0.65391994,0.65391994,0.9570451,-9.025147,-0.7843208312988281,0.7843208312988281,-0.0050907135009765625,0.0050907135009765625,-0.7792301177978516,0.7792301177978516,3.3042758,2.9899461,7.335227348264244,0.549443,97.0383275261324,97.46142359382777,99.62667994026879,68.66600298656049,98.04214368674299,True,True,True,True,False,True,Tipo A (Desplazamiento Regional),0.3242526,0.09751581,0.20338514,0.13502407,0.10383415222167969,0.06675338745117188,2.4832594,2.250604,82,16
2018-07-23,2018,7,23,204,5279,29.292883,29.235,0.2688077,28.748,30.012,28.98158,28.959908,0.08846058,28.824,29.205198,0.31115133,0.2729435,0.2264317,-0.19407845,0.84077454,-0.11488011,0.0059886933,0.7661047,0.82857466,0.38482037,0.31779975,-0.31115133,0.31115133,0.8085625,-1.0494282,0.5894451141357422,0.5894451141357422,-0.18190574645996094,0.18190574645996094,0.7713508605957031,0.7713508605957031,0.9549256,0.8346415,7.250265707185437,1.0066338,77.12792434046789,75.53509208561474,99.60179193628672,79.29318068690891,84.08826945412311,True,True,True,True,False,True,Tipo B (Discrepancia Espacial),0.3242526,0.09751581,0.20338514,0.13502407,0.10383415222167969,0.06675338745117188,0.41893676,0.5383358,56,17
2016-01-22,2016,1,22,22,5279,27.482042,27.478,0.20009364,26.454,28.042,27.087605,27.077179,0.069824524,26.969536,27.3401,0.39442974,0.4208603,0.18045358,-0.5750923,0.74550056,-0.23199433,0.05826931,0.641947,0.7147045,0.43374935,0.40560305,-0.39442974,0.39442974,0.9093495,-3.6990614,-0.019662857055664062,0.019662857055664062,-0.7800941467285156,0.7800941467285156,0.7604312896728516,0.7604312896728516,1.3400874,1.3582902,7.1325205134850815,0.2643477,83.87257341961175,85.44051767048283,99.57690393230463,60.32852165256346,89.62999834079973,True,True,True,True,False,True,Tipo A (Desplazamiento Regional),0.23735332,0.06493652,0.1487393,0.085642576,0.06709098815917969,0.04588508605957031,2.0399787,1.934998,17,18
2016-08-29,2016,8,29,242,5279,30.496487,30.447,0.3522498,29.85,31.179,29.608427,29.652903,0.15093209,29.24,29.849499,0.88806176,0.8414402,0.41950312,0.12489891,1.7402973,0.17998546,0.28131333,1.5836408,1.6888372,0.98216,0.88806176,-0.88806176,0.88806176,0.90419257,-6.774329,0.7870750427246094,0.7870750427246094,0.03991889953613281,0.03991889953613281,0.7471561431884766,0.7471561431884766,5.657097,4.4622126,6.989375264899148,4.123643,99.57690393230463,99.2284718765555,99.55201592832255,99.30313588850174,99.45246391239424,True,True,True,True,False,True,Tipo A (Desplazamiento Regional),0.3096453,0.0967205,0.19737798,0.1264209,0.10391044616699219,0.06667327880859375,4.689917,3.685041,29,19
2015-11-24,2015,11,24,328,5279,28.382254,28.396,0.35898933,27.68,28.957,27.901987,27.8744,0.115595825,27.747955,28.290998,0.48025873,0.51296234,0.3850033,-0.13419914,1.1000996,-0.11048965,-0.087107085,1.0470774,1.0889351,0.61552954,0.50537366,-0.48025873,0.48025873,0.7802367,-1.9399147,-0.03877830505371094,0.03877830505371094,-0.7518882751464844,0.7518882751464844,0.7131099700927734,0.7131099700927734,2.7710347,1.8979768,6.622257062706773,3.5666666,95.34594325535092,92.23494275759084,99.52712792434046,98.7058237929318,97.02588352414136,True,True,True,True,False,True,Tipo B (Discrepancia Espacial),0.26972467,0.08221536,0.19029446,0.11150809,0.0838174819946289,0.05781078338623047,2.837005,1.7539614,14,20
2019-08-18,2019,8,18,230,5279,29.112518,29.123,0.21757184,28.533,29.732,29.100986,29.164036,0.2082535,28.533442,29.453499,0.011583501,-0.021141052,0.29783103,-0.5945778,0.87711906,-0.5336769,-0.37983266,0.62014675,0.831968,0.29805604,0.22664033,-0.011583501,0.011583501,0.0388635,-0.87668097,0.06326103210449219,0.06326103210449219,-0.6458110809326172,0.6458110809326172,0.7090721130371094,0.7090721130371094,0.2719293,-1.0490193,6.578717049595219,2.1593285,59.53210552513688,3.2354405176704826,99.50223992035838,93.37979094076655,76.45594823295171,True,True,True,True,False,True,Tipo B (Discrepancia Espacial),0.3096453,0.0967205,0.19737798,0.1264209,0.10391044616699219,0.06667327880859375,-0.08082005,-0.9912788,70,21
2020-07-31,2020,7,31,213,5279,28.971195,28.983,0.16989782,28.522,29.502,29.33775,29.328926,0.074504025,29.19,29.5108,-0.36659074,-0.34160042,0.19174506,-0.85032463,0.85032463,-0.8111889,-0.72483885,-0.09035893,0.0006921768,0.4137088,0.36792254,0.36659074,0.36659074,0.88610816,-4.9294424,-0.6755084991455078,0.6755084991455078,0.03323554992675781,0.03323554992675781,-0.7087440490722656,0.7087440490722656,1.1823312,1.1832407,6.575179552072693,0.446641,81.28422100547536,82.62817322050772,99.4773519163763,65.6794425087108,87.79658204745313,True,True,True,True,False,True,Tipo A (Desplazamiento Regional),0.3242526,0.09751581,0.20338514,0.13502407,0.10383415222167969,0.06675338745117188,0.6187531,0.8152781,83,22
2016-06-10,2016,6,10,162,5279,29.429037,29.473,0.2793592,28.616,30.072,29.159716,29.154829,0.14978595,28.839502,29.4,0.2693255,0.36485863,0.38214594,-0.7799988,1.0048027,-0.7480344,-0.53619957,0.7815493,0.9367997,0.46751723,0.4103869,-0.2693255,0.2693255,0.5760761,-1.8007178,0.2209186553955078,0.2209186553955078,-0.479278564453125,0.479278564453125,0.7001972198486328,0.7001972198486328,1.6059033,0.5716437,6.483019514872467,3.5205367,87.50622200099552,68.3922349427576,99.45246391239422,98.5813837730214,93.04380288700847,True,True,True,True,False,True,Tipo B (Discrepancia Espacial),0.31289953,0.103877395,0.20222658,0.13996935,0.10617923736572266,0.07677936553955078,1.0039685,0.32334375,24,23
2021-07-10,2021,7,10,191,5279,28.678526,28.635,0.19718732,28.19,29.226,28.054192,28.029999,0.069844045,27.961191,28.219511,0.6243268,0.6055813,0.23887292,0.09059906,1.1834602,0.16326073,0.25571308,1.0245562,1.1165653,0.6684645,0.6243268,-0.6243268,0.6243268,0.9339716,-10.492081,0.054195404052734375,0.054195404052734375,-0.6437149047851562,0.6437149047851562,0.6979103088378906,0.6979103088378906,3.187731,2.8038669,6.458359866445091,1.2074889,96.71478347436535,96.93877551020408,99.42757590841215,83.10104529616724,97.69371163099386,True,True,True,True,False,True,Tipo A (Desplazamiento Regional),0.3242526,0.09751581,0.20338514,0.13502407,0.10383415222167969,0.06675338745117188,2.3808541,2.1027744,99,24
2025-08-08,2025,8,8,220,5279,29.56376,29.492,0.26256135,29.173,30.318,30.088873,30.042011,0.10509343,29.97222,30.516817,-0.52519584,-0.5711918,0.23254679,-1.044527,1.044527,-0.9468167,-0.8302736,0.008807754,0.08075653,0.57437736,0.5308033,0.52519584,0.52519584,0.9143742,-3.785563,-0.6846141815185547,0.6846141815185547,0.0077266693115234375,0.0077266693115234375,-0.6923408508300781,0.6923408508300781,2.4470909,2.1805382,6.398304675946395,1.1053579,93.90243902439023,94.00199104031857,99.40268790443007,81.25933300149329,95.76903932304629,True,True,True,True,False,True,Tipo A (Desplazamiento Regional),0.3096453,0.0967205,0.19737798,0.1264209,0.10391044616699219,0.06667327880859375,1.8461627,1.7490237,149,25
2025-05-10,2025,5,10,130,5279,27.49419,27.52,0.23695949,27.044,27.881,28.34353,28.317095,0.068738766,28.237667,28.62856,-0.84929913,-0.83462524,0.20983489,-1.2679005,1.2679005,-1.2343711,-1.1807019,-0.5325867,-0.4968357,0.8748371,0.84929913,0.84929913,0.84929913,0.9708083,-12.630324,-0.5962028503417969,0.5962028503417969,0.08404350280761719,0.08404350280761719,-0.6802463531494141,0.6802463531494141,4.8122663,4.218477,6.267890305072342,0.7386893,99.07914385266302,99.1040318566451,99.37779990044798,73.1209556993529,99.1869918699187,True,True,True,True,False,True,Tipo A (Desplazamiento Regional),0.24246086,0.07290666,0.16955584,0.09547052,0.07645606994628906,0.051788330078125,5.850464,4.802392,144,26
2020-06-02,2020,6,2,154,5279,28.093042,28.075,0.20283154,27.715,28.503,28.410444,28.393764,0.07042172,28.321188,28.728498,-0.3173508,-0.33909988,0.20284936,-0.6923809,0.6923809,-0.6589386,-0.6106316,0.024807548,0.08101776,0.37664205,0.3238355,0.3173508,0.3173508,0.8425793,-2.448154,-0.6670246124267578,0.6670246124267578,0.010969161987304688,0.010969161987304688,-0.6779937744140625,0.6779937744140625,0.89054704,0.87362343,6.243600859874068,0.62591255,75.65953210552514,76.50572424091587,99.3529118964659,70.75659532105524,83.83938941430232,True,True,True,True,False,True,Tipo B (Discrepancia Espacial),0.31289953,0.103877395,0.20222658,0.13996935,0.10617923736572266,0.07677936553955078,0.41389492,0.55477357,76,27
2015-08-06,2015,8,6,218,5279,29.03094,28.972,0.30173418,28.334,29.753,29.202347,29.204485,0.037429895,29.10904,29.29362,-0.17135504,-0.22640038,0.2980867,-0.7770004,0.7770004,-0.7015199,-0.6305092,0.4195448,0.5607788,0.3438284,0.2966307,0.17135504,0.17135504,0.49837372,-0.29847765,-0.2406444549560547,0.2406444549560547,0.43522071838378906,0.43522071838378906,-0.6758651733398438,0.6758651733398438,0.6322428,-0.04438747,6.220648259669772,2.163456,69.5370831259333,47.93429566948731,99.32802389248381,93.40467894474862,81.47088103534097,True,True,True,True,False,True,Tipo B (Discrepancia Espacial),0.3096453,0.0967205,0.19737798,0.1264209,0.10391044616699219,0.06667327880859375,0.23838288,-0.13884154,7,28
2020-08-02,2020,8,2,215,5279,29.482231,29.5,0.27012718,28.806,30.053,29.15152,29.126379,0.10764643,28.9702,29.4303,0.33069983,0.34129333,0.26264372,-0.31980133,0.8886814,-0.24196057,-0.13785248,0.72810173,0.8058242,0.42230725,0.36082652,-0.33069983,0.33069983,0.78307873,-1.4441087,0.5894393920898438,0.5894393920898438,-0.08575820922851562,0.08575820922851562,0.6751976013183594,0.6751976013183594,1.2500169,0.9575612,6.213449863548353,1.5912527,82.27974116475859,78.07366849178696,99.30313588850174,88.20308611249378,86.5521818483491,True,True,True,True,False,True,Tipo B (Discrepancia Espacial),0.3096453,0.0967205,0.19737798,0.1264209,0.10391044616699219,0.06667327880859375,0.785671,0.71131897,84,29
2016-06-05,2016,6,5,157,5279,28.659994,28.625,0.16518295,28.293,29.077,29.707497,29.714472,0.19443828,29.301,30.114798,-1.0474347,-1.0612183,0.15332754,-1.4310703,1.4310703,-1.3558569,-1.3028797,-0.7829336,-0.64337426,1.0585961,1.0474347,1.0474347,1.0474347,0.98945636,-40.07052,-0.24782180786132812,0.24782180786132812,0.42627716064453125,0.42627716064453125,-0.6740989685058594,0.6740989685058594,6.258791,5.4643383,6.201603360217103,-0.17358424,99.7511199601792,99.80089596814335,99.27824788451967,43.47934295669487,99.61008793761407,True,True,True,True,False,True,Tipo A (Desplazamiento Regional),0.31289953,0.103877395,0.20222658,0.13996935,0.10617923736572266,0.07677936553955078,4.841981,4.0729837,23,30
