claim_id,document,section,original_claim,claim_type,evidence_source,support_level,replacement_text,status
CLM-01,THESIS_DISCUSSION_NOTES_A_D.md,2. Category I,"lags introduce spurious seasonal persistence, while spatial neighborhoods amplify coastal-edge noise",Mechanistic causal assertion,feature_ablation.csv (D32),SPECULATIVE,The evaluated temporal-lag and spatial-neighborhood extensions did not provide incremental predictive skill relative to E3b-C0. The specific mechanism responsible for their lower performance was not isolated.,CORRECTED
CLM-02,THESIS_DISCUSSION_NOTES_A_D.md,2. Category I,discrepancia residual dominada por ruido radiométrico de sensor y piso de ruido,Physical sensor noise claim,residual_regime_metrics.csv (D35),SPECULATIVE,"When the MUR–BIL discrepancy was small, there was less margin for a beneficial correction and lower residual-sign agreement was associated with relative degradation.",CORRECTED
CLM-03,THESIS_DISCUSSION_NOTES_A_D.md,2. Category I,cuando existen gradientes térmicos verdaderos / genuinos,True physical gradient assertion,residual_regime_metrics.csv (D35),SPECULATIVE,Sign agreement and RMSE improvement increased across larger MUR–BIL discrepancy regimes.,CORRECTED
CLM-04,THESIS_DISCUSSION_NOTES_A_D.md,2. Category I,"Due to squared loss, the model compresses amplitude / MSE causes shrinkage",Causal loss assertion,residual_metrics.csv (D35),REQUIRES_LITERATURE,"The fitted model exhibited pronounced amplitude compression (std(Rhat)/std(R) ≈ 0.25), consistent with regression toward the conditional mean under the selected regularized MSE-based formulation.",CORRECTED
CLM-05,THESIS_DISCUSSION_NOTES_A_D.md,2. Category I,bathymetry causes skill / coastal geometry explains skill / land contamination causes improvement,Causal spatial claim,spatial_depth_diagnostics.csv (D35),DIRECTLY_SUPPORTED (as association only),The magnitude of improvement decreased toward deeper and more offshore cells. These associations are descriptive and do not establish physical causality.,CORRECTED
CLM-06,THESIS_DISCUSSION_NOTES_A_D.md,5. Jury Q&A,"OISST bilineal ya explica el 89.3% de la varianza total, por lo que el modelo opera exclusivamente sobre el 10.7% restante",Variance decomposition claim,final_test_summary.csv (D35),UNSUPPORTED (in exact variance terms),"The bilinear baseline already showed high agreement with MUR (R² ≈ 0.893), so the residual learner was evaluated against a strong baseline. The 7.22% final-test RMSE reduction therefore represents incremental improvement over an already competitive interpolation.",CORRECTED
CLM-07,THESIS_DISCUSSION_NOTES_A_D.md,5. Jury Q&A,La presencia de geometrías continentales complejas e islas (Cozumel) produce problemas severos de convolución en fronteras,CNN convolution defect claim,D31 & D32 gates,SPECULATIVE,CNNs were not pursued because the prespecified predictability diagnostics and tabular ablation results supported a parsimonious tabular formulation. The incremental gain from engineered spatial predictors did not exceed the predefined threshold required to justify substantially greater model complexity.,CORRECTED
CLM-08,THESIS_LIMITATIONS_A_D.md,4. Stage D,La mayor parte de la varianza residual instantánea diaria permanece no explicada debido a la falta de forzantes dinámicos de alta resolución,Attribution of unexplained variance,residual_metrics.csv (D35),SPECULATIVE,"Most residual variance remained unexplained by the selected predictor set. Potential contributors include unrepresented dynamic processes, differences among SST products, retrieval uncertainty, and variability not captured by the available predictors.",CORRECTED
CLM-09,THESIS_LIMITATIONS_A_D.md,4. Stage D,No es adecuado para predecir anomalías térmicas extremas instantáneas aisladas,Extreme anomaly suitability assertion without metric,residual_metrics.csv (D35),UNSUPPORTED (without dedicated extreme metric),"The model underrepresented residual amplitude, which may limit its ability to reproduce large instantaneous MUR–BIL discrepancies.",CORRECTED
CLM-10,THESIS_LIMITATIONS_A_D.md,4. Stage D,reflejando sensibilidad a ciclos interanuales o anomalías térmicas regionales no capturadas,Interannual physical cycle assertion,yearly_metrics.csv (D35),SPECULATIVE,"Month-level skill remained variable, indicating that aggregate final-test improvement was not temporally uniform.",CORRECTED
CLM-11,THESIS_METHODS_MASTER_A_D.md,1. Study Area,El dominio abarca el canal de Yucatán,Geographic coordinate mismatch,config.py (Lat 19.90–20.75°N),UNSUPPORTED,"Tulum–Cozumel sector, Cozumel Channel, Mexican Caribbean (the Yucatán Channel proper is located north of 21.5°N and is not within the domain).",CORRECTED
CLM-12,THESIS_METHODS_MASTER_A_D.md,11. Residual Formulation,garantiza que en ausencia de señal aprendible el modelo converja naturalmente al baseline,Theoretical convergence guarantee,Mathematical algebraic identity,REQUIRES_LITERATURE,"If Rhat = 0, the reconstructed SST is exactly equal to the bilinear baseline.",CORRECTED
CLM-13,THESIS_METHODS_MASTER_A_D.md,14. Predictability,evaluó si el residual fino exhibe estructura determinística,Deterministic physical claim,D31 reports,SPECULATIVE,evaluated whether the fine residual R exhibits reproducible predictive structure beyond a null/no-skill baseline.,CORRECTED
CLM-14,THESIS_METHODS_MASTER_A_D.md,20. Bootstrap,bloques temporales continuos de 14 días para estimar el intervalo de confianza preservando la dependencia serial de mesoescala,Physical mesoscale scale assertion,bootstrap_sensitivity.csv (D35),SPECULATIVE,moving block bootstrap with 14-day blocks to preserve short-range temporal dependence under the evaluated block lengths.,CORRECTED
CLM-15,THESIS_RESULTS_MASTER_A_D.md,12. Bootstrap,confirmando significancia estadística al 95%,Classical hypothesis testing phrasing,bootstrap_sensitivity.csv (D35),REQUIRES_LITERATURE,"The 95% bootstrap interval remained entirely below zero, supporting the robustness of the aggregate RMSE improvement under short-range temporal dependence at the evaluated block length.",CORRECTED
