audit_id,stage,metric,document_value_before,canonical_value,canonical_source,document_value_after,status,notes
NUM-01,Stage A,total_expected_days,4018,4018,"config.py, reports/inspeccion_previa.txt",4018,MATCH,Continuidad diaria 100% verificada (2015-01-01 a 2025-12-31)
NUM-02,Stage B,total_master_grid_cells,8256,8256,"reporte_fase_b.txt, config.py",8256,MATCH,Dimensiones 86 latitud × 96 longitud a 0.01°
NUM-03,Stage B / C,harmonized_ocean_cells,5279,5279,"reporte_fase_b.txt, faseC2_2015_2025.nc",5279,MATCH,Censo físico de celdas marinas en Fase B y C.2
NUM-04,Stage D,frozen_ml_cells,5275,5275,ml_results/E3b_D32/tables/frozen_cell_ids.csv,5275,MATCH,4 celdas excluidas por grad_mag NaN en ablaciones espaciales D32
NUM-05,Stage C.2,c2_global_pooled_rmse,0.3426,0.342596,"outputs/faseC2_2015_2025.nc, fase_c2_reporte.md",0.3426,ROUNDING_ONLY,"RMSE espacio-temporal agrupado sobre las 21,211,022 observaciones (GAP-12)"
NUM-06,Stage C.2,c2_mean_daily_rmse,0.3019,0.301914,diagnostico_extremos/metricas_diarias_2015_2025.csv,0.3019,ROUNDING_ONLY,"Promedio temporal de los RMSEs diarios sobre los 4,018 días (GAP-12)"
NUM-07,Stage C.2,c2_annual_min_mean_daily_rmse,0.2724,0.272415,fase_c2_reporte.md (Año 2018),0.2724,ROUNDING_ONLY,Promedio diario anual mínimo registrado en 2018
NUM-08,Stage C.2,c2_annual_max_mean_daily_rmse,0.3257,0.325670,fase_c2_reporte.md (Año 2024),0.3257,ROUNDING_ONLY,Promedio diario anual máximo en 2024 (aclara paradoja de GAP-12)
NUM-09,Stage C.2,c2_annual_min_pooled_rmse,0.3034,0.303423,metricas_diarias_2015_2025.csv (Año 2018),0.3034,MATCH,RMSE espacio-temporal agrupado anual mínimo (2018)
NUM-10,Stage C.2,c2_annual_max_pooled_rmse,0.3811,0.381112,metricas_diarias_2015_2025.csv (Año 2015),0.3811,MATCH,RMSE agrupado anual máximo (2015). Supera al global 0.3426 °C.
NUM-11,Stage D32,d32_b0_rmse,0.359493,0.359493,ml_results/E3b_D32/tables/model_summary.csv,0.359493,MATCH,"Holdout 2021 sobre 5,275 celdas"
NUM-12,Stage D32,d32_c0_rmse,0.349274,0.349274,ml_results/E3b_D32/tables/model_summary.csv,0.349274,MATCH,Modelo parsimonioso E3b-C0 seleccionado
NUM-13,Stage D32,d32_c0_improvement_pct,2.84243,2.842435,ml_results/E3b_D32/tables/model_summary.csv,2.8424,ROUNDING_ONLY,Mejora relativa en holdout de desarrollo
NUM-14,Stage D33,d33_b0_rmse,0.335666,0.335666,ml_results/E3b_D33_external_validation/tables/validation_summary.csv,0.335666,MATCH,Validación externa 2022–2023
NUM-15,Stage D33,d33_c0_rmse,0.323838,0.323838,ml_results/E3b_D33_external_validation/tables/validation_summary.csv,0.323838,MATCH,E3b-C0 reajustado en 2015–2021
NUM-16,Stage D33,d33_improvement_pct,3.5237,3.523713,ml_results/E3b_D33_external_validation/tables/validation_summary.csv,3.5237,ROUNDING_ONLY,Mejora global out-of-sample en validación
NUM-17,Stage D33,d33_months_improved,16 / 24,16 / 24,ml_results/E3b_D33_external_validation/tables/validation_summary.csv,16 / 24,MATCH,Dictamen formal D33-B
NUM-18,Stage D33,d33_cells_improved,4755 / 5275,4755 / 5275,ml_results/E3b_D33_external_validation/tables/validation_summary.csv,4755 / 5275,MATCH,90.14% de celdas marinas mejoradas
NUM-19,Stage D35,d35_b0_rmse,0.357317,0.357317,ml_results/E3b_D35_final_test/tables/final_test_summary.csv,0.357317,MATCH,Final Test 2024–2025
NUM-20,Stage D35,d35_c0_rmse,0.331502,0.331502,ml_results/E3b_D35_final_test/tables/final_test_summary.csv,0.331502,MATCH,E3b-C0 reajustado en 2015–2023
NUM-21,Stage D35,d35_improvement_pct,7.2247,7.224660,ml_results/E3b_D35_final_test/tables/final_test_summary.csv,7.2247,ROUNDING_ONLY,Mejora global terminal confirmada (+7.2247%)
NUM-22,Stage D35,d35_improvement_2024_pct,9.3986,9.398561,ml_results/E3b_D35_final_test/tables/yearly_metrics.csv,9.3986,ROUNDING_ONLY,Año 2024 (B0: 0.379708 -> C0: 0.344023 °C)
NUM-23,Stage D35,d35_improvement_2025_pct,4.4704,4.470369,ml_results/E3b_D35_final_test/tables/yearly_metrics.csv,4.4704,ROUNDING_ONLY,Año 2025 (B0: 0.333355 -> C0: 0.318453 °C)
NUM-24,Stage D35,d35_months_improved_total,18 / 24,18 / 24,ml_results/E3b_D35_final_test/tables/monthly_metrics.csv,18 / 24,MATCH,75.0% de los meses del bienio
NUM-25,Stage D35,d35_months_improved_2024,11 / 12,9 / 12,ml_results/E3b_D35_final_test/tables/monthly_metrics.csv,9 / 12,CORRECTED,"Corregido de 11/12 a 9/12 (GAP-10). Meses no mejorados: 2024-01, 2024-04, 2024-10"
NUM-26,Stage D35,d35_months_improved_2025,7 / 12,9 / 12,ml_results/E3b_D35_final_test/tables/monthly_metrics.csv,9 / 12,CORRECTED,"Corregido de 7/12 a 9/12 (GAP-10). Meses no mejorados: 2025-09, 2025-10, 2025-12"
NUM-27,Stage D35,d35_days_improved,484 / 731,484 / 731,ml_results/E3b_D35_final_test/tables/final_test_summary.csv,484 / 731,MATCH,66.21% de los días astronómicos evaluados
NUM-28,Stage D35,d35_cells_improved,5273 / 5275,5273 / 5275,ml_results/E3b_D35_final_test/tables/final_test_summary.csv,5273 / 5275,MATCH,99.96% de las celdas marinas evaluadas
NUM-29,Stage D35,d35_bootstrap_14d_ci95,"[-0.042485, -0.009792]","[-0.042485, -0.009792]",ml_results/E3b_D35_final_test/tables/bootstrap_sensitivity.csv,"[-0.042485, -0.009792]",MATCH,Intervalo bootstrap de 14 días estrictamente inferior a cero
NUM-30,Stage D35,d35_threshold_dev_p50,0.177,0.2066,"final_test_freeze_manifest.json, residual_regime_metrics.csv",0.2066,CORRECTED,Corregido de 0.177 a 0.2066 °C (GAP-09)
NUM-31,Stage D35,d35_threshold_dev_p75,0.354,0.3604,"final_test_freeze_manifest.json, residual_regime_metrics.csv",0.3604,CORRECTED,Corregido de 0.354 a 0.3604 °C (GAP-09)
NUM-32,Stage D35,d35_threshold_dev_p90,0.536,0.5377,"final_test_freeze_manifest.json, residual_regime_metrics.csv",0.5377,CORRECTED,Corregido de 0.536 a 0.5377 °C (GAP-09)
NUM-33,Stage D35,d35_threshold_dev_p95,0.697,0.6652,"final_test_freeze_manifest.json, residual_regime_metrics.csv",0.6652,CORRECTED,Corregido de 0.697 a 0.6652 °C (GAP-09)
NUM-34,Stage D35,d35_threshold_dev_p99,1.054,0.9659,"final_test_freeze_manifest.json, residual_regime_metrics.csv",0.9659,CORRECTED,Corregido de 1.054 a 0.9659 °C (GAP-09)
NUM-35,Stage D35,d35_spatial_metadata_sha256,a93b4554a9386c9e99551c68d197607a72dd37803e6592233f211333792b0c2a,8cc02f86b14d5bc0bd255bbe896b3d237df5fbf219ce3d1a5eec4283d0a1e365,"final_test_freeze_manifest.json, frozen_spatial_metadata.csv",8cc02f86b14d5bc0bd255bbe896b3d237df5fbf219ce3d1a5eec4283d0a1e365,CORRECTED,Corregido hash de borrador a93b... a hash pre-test canónico (GAP-11)
