correction_id,document,section,issue,original,corrected,canonical_source,experimental_result_changed,status
CORR-01,DOCUMENTATION_GAPS_A_D.md,2. Tabla Maestra de Gaps,Inclusión formal de GAP-09 a GAP-12 con estado RESOLVED & DOCUMENTED,GAPs 01 a 08,"GAPs 01 a 12 (GAP-09 DEV thresholds, GAP-10 monthly allocation, GAP-11 spatial hash, GAP-12 C2 RMSE)","final_test_freeze_manifest.json, monthly_metrics.csv, metricas_diarias_2015_2025.csv",NO,APPLIED
CORR-02,THESIS_RESULTS_MASTER_A_D.md,14. Residual-Regime Dependence,Umbrales no canónicos en descripción de regímenes (GAP-09),"0.177, 0.354, 0.536, 0.697, 1.054 °C","0.2066, 0.3604, 0.5377, 0.6652, 0.9659 °C","final_test_freeze_manifest.json, residual_regime_metrics.csv",NO,APPLIED
CORR-03,THESIS_RESULTS_MASTER_A_D.md,12. Temporal Robustness,Desglose anual erróneo de meses mejorados (GAP-10),"11 de 12 en 2024, 7 de 12 en 2025","9 de 12 en 2024 (75.0%), 9 de 12 en 2025 (75.0%) [Total: 18/24 (75.0%)]",monthly_metrics.csv (columna DeltaRMSE),NO,APPLIED
CORR-04,REPRODUCIBILITY_MAP_A_D.md,3. Cryptographic Hashes,Hash de frozen_spatial_metadata.csv incorrecto (GAP-11),a93b4554a9386c9e99551c68d197607a72dd37803e6592233f211333792b0c2a,8cc02f86b14d5bc0bd255bbe896b3d237df5fbf219ce3d1a5eec4283d0a1e365,"final_test_freeze_manifest.json, frozen_spatial_metadata.csv",NO,APPLIED
CORR-05,THESIS_RESULTS_MASTER_A_D.md,5. Full Harmonization Results,Aclaración de C2 Pooled RMSE vs Mean Daily RMSE (GAP-12),RMSE = 0.3426 °C; osciló entre 0.2724 °C (2018) y 0.3257 °C (2024),RMSE global agrupado (pooled) = 0.3426 °C; promedio diario decenal = 0.3019 °C; promedio diario anual osciló entre 0.2724 °C (2018) y 0.3257 °C (2024); RMSE agrupado anual osciló entre 0.3034 °C (2018) y 0.3811 °C (2015),"fase_c2_reporte.md, metricas_diarias_2015_2025.csv",NO,APPLIED
CORR-06,THESIS_DISCUSSION_NOTES_A_D.md,2. Category I,Eliminación de lenguaje mecanicista no demostrado en parsimonia (D32),"lags introducen persistencia estacional espuria, vecindades amplifican ruido costero",The evaluated temporal-lag and spatial-neighborhood extensions did not provide incremental predictive skill relative to E3b-C0. The specific mechanism responsible for their lower performance was not isolated.,feature_ablation.csv (D32),NO,APPLIED
CORR-07,THESIS_DISCUSSION_NOTES_A_D.md,2. Category I & 5. Jury Q&A,Sustitución de afirmaciones de 'ruido' y respuestas imprecisas a jurado,"ruido radiométrico de sensor, piso de ruido, gradientes físicos verdaderos, OISST explica 89.3% operando sobre 10.7%","Régimen de discrepancia reducida MUR–BIL, discrepancias mayores MUR–BIL, baseline bilineal altamente competitivo (R² ≈ 0.893)","residual_regime_metrics.csv, final_test_summary.csv",NO,APPLIED
CORR-08,THESIS_METHODS_MASTER_A_D.md,1. Study Area,Inclusión errónea del Canal de Yucatán en el área de estudio,El dominio abarca el canal de Yucatán,"Sector Tulum–Cozumel, canal de Cozumel y Caribe mexicano (el canal de Yucatán propiamente dicho se sitúa al norte de 21.5°N y no forma parte del dominio)",config.py,NO,APPLIED
CORR-09,REPRODUCIBILITY_MAP_A_D.md,4. Documentation Layer Status,Actualización del estado formal de congelamiento documental,No especificado / PENDING,EXPERIMENTAL LAYER: CLOSED | FINAL TEST: CONSUMED | DOCUMENTATION LAYER: AUDITED AND FROZEN,Auditoría final de evidencia,NO,APPLIED
