stage,substage,scientific_purpose,input_data,processing,key_output,key_metric,decision,status,canonical_source
A,A.1,Ingestión y auditoría de integridad de MUR SST L4 (0.01°),MUR NetCDF históricos (2015–2019) y gránulos diarios L4 (2019–2025),"Verificación de 4,018 fechas, continuidad temporal, conversión Kelvin a Celsius",Campos de referencia de alta resolución sst_mur (~1 km),"4,018/4,018 días válidos, 0 faltantes, 0 duplicados",Aprobar producto MUR como referencia de alta resolución,COMPLETED,"reports/inspeccion_previa.txt, config.py"
A,A.2,Ingestión y auditoría de predictor de baja resolución NOAA OISST v2.1 (0.25°),NOAA ERDDAP OISST diario + recuperación local 2025-01-14,Descarga de cuadrícula gruesa con halo espacial de 0.5°,Campos coarse de SST para downscaling,"4,018/4,018 días disponibles, unidades °C verificadas",Adoptar OISST como predictor térmico base de baja resolución,COMPLETED,"reports/inspeccion_previa.txt, config.py"
A,A.3,Ingestión de batimetría global GEBCO 2026 Grid (15 arc-sec),gebco_2026_n20.75_s19.9_w-87.6_e-86.65.nc,"Extracción de cota topobatimétrica, conversión depth = -elevation",Capa estática de profundidad marina (m),"Resolución 15 arc-sec (~450 m), cobertura 100% del dominio",Adoptar GEBCO 2026 como fuente estática de batimetría,COMPLETED,"config.py, GEBCO NetCDF metadata"
A,A.4,Ingestión de observaciones infrarrojas independientes (VIIRS S-NPP y MODIS Aqua),Gránulos satelitales L2P infrarrojos en eventos anómalos E1–E6,"Filtro de flags de calidad (QL=5, nubes, hielo)",Observaciones independientes de validación L2P,Cobertura QL=5 de 0.0% a 0.1% en eventos nubosos,Mantener exclusivamente como auditoría satelital independiente (no inputs ML),COMPLETED / HETEROGENEOUS,reports/validacion_infrarroja_integrada_FINAL.md
B,B,Definición del marco espacial y cuadrícula maestra del corredor,"Cuadrícula MUR SST (Lat: 19.90–20.75°N, Lon: -87.60–-86.65°W)",Fijación de dimensiones 86 × 96 celdas a 0.01° de resolución,"Cuadrícula espacial maestra (8,256 celdas)","8,256 celdas totales, proyección UTM Zona 16N (EPSG:32616)",Adoptar la grilla de MUR como soporte espacial estándar del proyecto,COMPLETED,"config.py, reports/reporte_fase_b.txt"
B,B.1,Construcción de máscara oceánica corregida y covariables fisiográficas,"Máscara MUR nativa (5,662 celdas mar) y GEBCO","ocean_fraction >= 0.5, reasignación continental Cozumel, distance_coast_km","ocean_mask_final, depth, distance_coast_km, ocean_fraction","5,279 celdas oceánicas, 2,977 terrestres (383 celdas corregidas)","Congelar máscara corregida de 5,279 celdas para armonización",COMPLETED,"reports/reporte_fase_b.txt, dataset_intermedio_fase_b.nc"
C,C.1,Prueba de concepto de interpolación bilineal directa OISST -> MUR (2015-01-01),OISST v2.1 (0.25°) y MUR SST (0.01°) del 2015-01-01,Interpolación bilineal estándar en halo 7 × 7,sst_bil preliminar y residual inicial,"1,292 NaNs costeros (pérdida del 24.47% del dominio oceánico)",Identificar necesidad matemática de soporte costero para evitar NaNs,COMPLETED,reports/reporte_faseC1_2015-01-01.txt
C,C.1b,Diagnóstico y comparación de estrategias de interpolación costera,Campos OISST con 20 nodos terrestres en halo occidental,Estrategia A (extensión auxiliar nearest-ocean) vs Estrategia B (triangulación Delaunay),Campos interpolados con 100% de cobertura oceánica,"5,279/5,279 celdas válidas; MAE A vs B = 0.0038 °C, P95 = 0.0214 °C, Max = 0.0626 °C","Seleccionar Estrategia A (regularidad cartesiana, soporte rastreable, re-enmascarado)",COMPLETED,reports/reporte_faseC1b_2015-01-01.txt
C,C.1c,Cierre de validación de prueba única de armonización (2015-01-01),Campos del 2015-01-01 procesados con Estrategia A,"Re-aplicación estricta de ocean_mask_final, verificación de identidad residual","sst_mur, sst_bil, residual en 5,279 celdas","100% cobertura, Baseline E0: RMSE = 0.2367 °C, MAE = 0.2004 °C, Bias = +0.1872 °C",Aprobar protocolo de Estrategia A para la serie decenal completa,COMPLETED,reports/reporte_faseC1c_2015-01-01.txt
C,C.2,"Armonización espaciotemporal completa 2015–2025 (4,018 días)",Serie diaria completa de MUR SST y OISST v2.1,"Interpolación bilineal diaria con Estrategia A, cálculo R = MUR - BIL",faseC2_2015_2025.nc (540.82 MB) y 11 NetCDFs anuales,"21,211,022 obs; Baseline E0 global: RMSE = 0.3426 °C, MAE = 0.2631 °C, R² = 0.9016",Congelar cubo decenal armonizado como verdad de referencia experimental,COMPLETED,"reports/fase_c2_reporte.md, outputs/faseC2_2015_2025.nc"
C,Satellite Audit,Auditoría de eventos extremos de discrepancia contra radiometría infrarroja L2P,Observaciones VIIRS S-NPP y MODIS Aqua en eventos E1–E6,"Filtro QL=5, evaluación de bloqueo por nubes y cobertura espacial",Reporte consolidado de validación infrarroja,Evidencia heterogénea/inconclusa (bloqueo nuboso >80–100% en eventos pico),Mantener C.2 intacto; MUR actúa como referencia operacional de alta resolución,COMPLETED / HETEROGENEOUS,reports/validacion_infrarroja_integrada_FINAL.md
C,MUR Uncertainty Audit,Auditoría de incertidumbre interna del algoritmo MUR (analysis_error) 2015–2025,"Variable analysis_error de MUR L4 en las 4,018 fechas","Correlación con discrepancia MUR–BIL, análisis de cambios abruptos y saturación",mur_analysis_error_2015_2025_completo.nc y reportes de auditoría,"Spearman rho = +0.2853, Pearson r = +0.3338; techo asintótico en 0.4100 °C",Utilizar analysis_error exclusivamente como variable de control/diagnóstico (NO feature),CLOSED,auditoria_analysis_error/reports/auditoria_analysis_error_FINAL_4018dias.md
D,D Dataset,Construcción del dataset analítico tabular para Machine Learning,faseC2_2015_2025.nc y analysis_error consolidado,"Aplanado tabular date × cell_id, codificación cíclica DOY, exportación Parquet","ml_dataset/ (train 2015–2021, validation 2022–2023, test 2024–2025)","13 columnas, 5,279 celdas en tablas parquet, partición cronológica estricta",Adoptar partición temporal out-of-sample; bloquear acceso raw a test,COMPLETED,"ml_dataset/METADATA.md, ml_dataset/reports/faseD1_dataset_tabular_QA.md"
D,D31,Diagnóstico de predictibilidad del residual fino,Partición Development (2015–2020),"Autocorrelación espacial/temporal, baselines lineales, mutual information",Reportes y tablas de diagnóstico D31,Residual contiene estructura predictiva reproducible superior a persistencia/climatología,Aprobar desarrollo de modelos de aprendizaje residual tabular,CLOSED,ml_results/diagnostics_D31/
D,D32,Selección de modelo y ablación sistemática de features en Diagnostic Holdout 2021,"Development 2015–2020 y Holdout 2021 (COMMON_VALID_MASK: 5,275 celdas)","Evaluación prespecificada de 6 variantes E3b (C0, T1, T3, S, TS, ALL), grid search",Modelo parsimonioso E3b-C0 seleccionado; frozen_cell_ids.csv congelado,"Holdout 2021: B0 RMSE = 0.359493 °C, C0 RMSE = 0.349274 °C (+2.84243%)","Seleccionar E3b-C0 (features: sst_bil, doy_sin, doy_cos, depth; XGBoost n=19, d=4)",METHODOLOGICALLY CLOSED,"ml_results/E3b_D32/tables/model_summary.csv, feature_ablation.csv"
D,D33,Validación temporal externa de la especificación congelada E3b-C0 (2022–2023),"Pre-validation refit 2015–2021 (13.49M obs), Validation 2022–2023 (3.85M obs)",Reajuste estricto de la especificación E3b-C0 sin modificar hiperparámetros ni features,Predicciones y métricas de validación externa 2022–2023,"B0 RMSE = 0.335666 °C, C0 RMSE = 0.323838 °C (+3.5237%); 16/24 meses; 4,755/5,275 celdas (90.14%)",Dictamen formal D33-B (mejora global positiva pero estabilidad mensual sub-umbral predeclarado),D33-B — UNCHANGED,ml_results/E3b_D33_external_validation/tables/validation_summary.csv
D,D34,Auditoría diagnóstica post-validación sin modificación adaptativa,Predicciones persistidas de validación 2022–2023 y covariables espaciales,"Diagnóstico por regímenes de discrepancia MUR–BIL, compresión de amplitud, microauditoría espacial",Reportes diagnósticos D34 y microauditoría consolidada,Compresión de amplitud (ratio std ~0.25); degradación en discrepancias bajas; ganancias costeras,Cerrar diagnósticos; congelar protocolo final sin alterar modelo ni features; proceder a Test,INTERPRETATIONALLY CLOSED,ml_results/E3b_D34_postvalidation_diagnostics/
D,D35,Evaluación final out-of-sample en conjunto ciego Final Test 2024–2025,"Final refit 2015–2023 (17.34M obs) y Test 2024–2025 (3.86M obs, 5,275 celdas)","Reajuste final en 2015–2023, inferencia única en test, bootstrap en bloques de 14 días",Resultados definitivos de generalización fuera de muestra,"B0 RMSE = 0.357317 °C, C0 RMSE = 0.331502 °C (+7.2247%); 18/24 meses, 484/731 días, 5,273/5,275 celdas (99.96%)",Dictamen formal D35-A (Generalización final confirmada); TEST CONSUMIDO,D35-A — FINAL GENERALIZATION CONFIRMED,ml_results/E3b_D35_final_test/tables/final_test_summary.csv
D,D36,Consolidación científica definitiva y archivo reproducible del bloque de Machine Learning,"Tablas, reportes, figuras y predicciones persistidas de D31–D35",Síntesis transversal sin reentrenamiento ni acceso a datos raw de test,"ml_results/E3b_FINAL_SYNTHESIS/ (reportes, tablas consolidadas, guía de figuras)","Cero llamadas a fit/train, cero accesos lógicos raw a test, consistencia numérica completa",Cierre científico definitivo del bloque de Machine Learning de la tesis,FINAL SYNTHESIS COMPLETED,ml_results/E3b_FINAL_SYNTHESIS/reports/ML_FINAL_SYNTHESIS.md
