issue,original_status,audit_result,correction_required,correction_applied,effect_on_metrics,effect_on_conclusion
2020_row_count,"Report audited stated 2020 N = 1,933,109 valid observations (exceeding theoretical maximum of 366 * 5279 = 1,932,114 by 995).","Audited train_2020.parquet and full DEV dataset. Raw 2020 dataset has exactly 1,932,114 rows (366 x 5279) and 0 duplicate date-cells. Under COMMON_VALID_MASK, valid training rows are 1,930,650 (366 x 5275). Discrepancy was strictly a typographical reporting error in markdown.",YES (reporting only),"Corrected markdown reports (faseD32_E3b_tabular_AUDITED.md and faseD32_E3b_tabular_FINAL.md), generated tables/date_cell_integrity_audit.csv, and documented: 'Reporting-only error; model training data were unaffected.'",None. Model training and evaluation datasets were 100% correct and unaffected.,None. Complete data integrity confirmed across 2015-2021.
bootstrap_probability_label,Report and table labeled P(Delta RMSE < 0) as p_value_improvement.,"The value corresponds to empirical proportion of bootstrap replicates where Delta RMSE < 0 (evaluated model has lower RMSE than reference), which is not a statistical p-value.",YES,"Renamed column to prob_delta_rmse_lt_zero and added two-sided bootstrap p-value bootstrap_p_two_sided = 2 * min(P(Delta<0), P(Delta>0)).",None (statistical nomenclature update).,Rigorous alignment with statistical bootstrap terminology.
feature_importance_text,"Section 5 of report discussed spatial variables (grad_mag_sst_bil, local_std_3x3, local_contrast) in relation to E3b-C0 feature importance table.","E3b-C0 contains only 4 features (sst_bil, doy_sin, doy_cos, depth). Spatial variables belong to S, TS, and ALL ablations.",YES,Removed spatial variable references from C0 section. Documented that doy_cos permutation importance is ~0 due to joint annual harmonic phase encoding with doy_sin.,None (interpretative correction).,Aligns post-hoc interpretation strictly with the 4 predictors of E3b-C0.
xgboost_best_iteration,Verified potential zero-indexed off-by-one in XGBoost best_iteration = 18.,"XGBoost best_iteration is 0-indexed (best_iteration = 18 corresponds to round index 18, i.e. 19 boosting trees). Inspection of E3b-C0.json confirmed exactly 19 trees were persisted (n_estimators = best_iteration + 1).",NO (protocol was already correctly implemented with best_iteration + 1),Verified and confirmed n_estimators = 19; documented zero-index convention.,None (models already trained with 19 trees).,Zero-index convention confirmed; no off-by-one error.
final_training_sample,"Models trained on 10% Hamilton subsample (N=1,154,678)","Discovered line 1515 passed df_train_sample instead of df_dev. Full DEV contains N=11,546,975 valid rows under COMMON_VALID_MASK.",YES,"Modified train_and_evaluate_ablations call to pass df_dev and enforced assert len(df_train_clean) > 10,000,000",E3b-C0 RMSE improved from 0.350061 °C to 0.349274 °C (+2.84% vs B0); all ablations recomputed on full DEV.,None. Relative ablation rankings preserved; D32-C and SPATIAL-NO confirmed.
figure10_abs_calculation,Audited whether mean(abs(R_hat)) or abs(mean(R_hat)) was used in Figure 10,np.mean(np.abs(r_hat)) was computed mathematically in code; no bug in absolute value ordering.,NO,Retained np.mean(np.abs(r_hat)) and added explicit automated assertion and diagnostic logging.,None,None
figure10_identity_line,Diagonal line labeled 'Magnitud Real Media |R|',"Diagonal line y=x represents ideal calibration reference, not sample mean of residual.",YES,Re-labeled to 'Ideal magnitude calibration (y = x)',Visual/interpretative,Prevents confusing theoretical calibration reference with empirical sample statistics.
figure10_low_residual_label,Regime 0–P50 labeled 'Zona 0 - P50 (Sobre-corrección)',|R| < P50 does not mathematically imply |R_hat| > |R|; labeling whole regime as over-correction is unjustified.,YES,Re-labeled to 'Low-residual regime (P0–P50): B0 superior',Visual/interpretative,Distinguishes operational regime where B0 outperforms ML from individual over-correction events.
figure10_two_panel_diagnostic,Single panel showing predicted magnitude curve vs bin centers,Single panel could not decouple magnitude shrinkage from over-correction frequency.,YES,Replaced with 2 panels: Panel A (Mean magnitude calibration E[|R_hat|] vs E[|R|]) and Panel B (Over-correction frequency % per regime).,Visual/diagnostic,Clearly proves strong shrinkage toward zero across high residuals while isolating overcorrection to small residuals.
D31_D32_discrepancy,D31 A4 RMSE = 0.341734 °C vs D32 C0 RMSE = 0.350061 °C (Δ ≈ +0.0083 °C),"Reconciliation proved data, grid, target, bathymetry, and mask are 100% identical. Discrepancy caused exclusively by hyperparameters (D31 used 352 trees depth 5; D32 used 19 trees depth 4).",NO (methodologically expected under frozen protocol),Documented exact quantitative cause in reconciliation table and report; re-evaluated C0 on full DEV (RMSE = 0.349274 °C).,D32 C0 audited RMSE = 0.349274 °C,D32 C0 reflects conservative regularized model selected by early stopping on validation year 2020.
bootstrap_interpretation,Text stated 'confirmando de manera incontrovertible la hipótesis nula' and 'bloques de 24 horas',"CI95 crossing zero indicates lack of evidence to reject H0, not proof of null. Daily units are complete daily SST fields.",YES,Rewrote text to 'The analysis did not provide sufficient evidence of an incremental improvement' and specified 'temporal block bootstrap using complete daily SST fields as resampling units'.,Textual/epistemological,Rigorous statistical interpretation adhering to null-hypothesis significance testing standards.
monthly_physical_claims,Report attributed March improvements to 'upwelling' and December degradation to 'thermal inversion / nortes',No in-situ oceanographic or meteorological data were analyzed in D32 to demonstrate these mechanisms.,YES,Removed physical attributions; described monthly variations strictly as empirical holdout behavior.,Textual/scientific,Avoids unverified causal speculation in thesis report.
gating_recommendation,Suggested operational gating using |R| < 0.20 °C,Operational gating cannot use true residual R because SST_MUR is unavailable at inference time.,YES,"Clarified that future gating requires predictors computable from operational covariates X, not from unknown true residual R.",Methodological,Ensures operational feasibility of proposed future research directions.
CNN_claim,Implied that CNN would be redundant or useless,"D32 evaluated only tabular manual spatial features with XGBoost, which cannot rule out hierarchical representations of 2D CNNs.",YES,Revised conclusion to: 'D32 does not provide empirical evidence to prioritize a CNN based solely on SST_BIL as the next experiment'.,Textual/methodological,Scientific recommendation framed accurately relative to the tested hypothesis.
feature_importance_claim,Report claimed spatial features 'no aportan información ortogonal',Permutation importance can be negligible due to collinearity with core features even if spatial features are used by trees.,YES,"Clarified that low permutation importance suggests substantial collinearity/redundancy with core predictors, not absolute absence of signal.",Textual/interpretative,Correct interpretation of tree-based importance metrics.
runtime_measurement,Report cited ~14.67 s for total execution without component breakdown,Previous measurement reflected partial execution / cached steps without itemized wall-clock logging.,YES,"Implemented itemized timing tracking: data loading, feature engineering, tuning, final fit, prediction, bootstrap, plotting, and total wall clock.",Computational reporting,Transparent computational reproducibility.
