cell_id,lat,lon
1,19.9,-87.45
2,19.9,-87.44
3,19.9,-87.42
4,19.9,-87.41
5,19.9,-87.4
6,19.9,-87.39
7,19.9,-87.38
8,19.9,-87.37
9,19.9,-87.36
10,19.9,-87.35
11,19.9,-87.34
12,19.9,-87.33
13,19.9,-87.32
14,19.9,-87.31
15,19.9,-87.3
16,19.9,-87.29
17,19.9,-87.28
18,19.9,-87.27
19,19.9,-87.26
20,19.9,-87.25
21,19.9,-87.24
22,19.9,-87.23
23,19.9,-87.22
24,19.9,-87.21
25,19.9,-87.2
26,19.9,-87.19
27,19.9,-87.18
28,19.9,-87.17
29,19.9,-87.16
30,19.9,-87.15
31,19.9,-87.14
32,19.9,-87.13
33,19.9,-87.12
34,19.9,-87.11
35,19.9,-87.1
36,19.9,-87.09
37,19.9,-87.08
38,19.9,-87.07
39,19.9,-87.06
40,19.9,-87.05
41,19.9,-87.04
42,19.9,-87.03
43,19.9,-87.02
44,19.9,-87.01
45,19.9,-87.0
46,19.9,-86.99
47,19.9,-86.98
48,19.9,-86.97
49,19.9,-86.96
50,19.9,-86.95
51,19.9,-86.94
52,19.9,-86.93
53,19.9,-86.92
54,19.9,-86.91
55,19.9,-86.9
56,19.9,-86.89
57,19.9,-86.88
58,19.9,-86.87
59,19.9,-86.86
60,19.9,-86.85
61,19.9,-86.84
62,19.9,-86.83
63,19.9,-86.82
64,19.9,-86.81
65,19.9,-86.8
66,19.9,-86.79
67,19.9,-86.78
68,19.9,-86.77
69,19.9,-86.76
70,19.9,-86.75
71,19.9,-86.74
72,19.9,-86.73
73,19.9,-86.72
74,19.9,-86.71
75,19.9,-86.7
76,19.9,-86.69
77,19.9,-86.68
78,19.9,-86.67
79,19.9,-86.66
80,19.9,-86.65
81,19.91,-87.45
82,19.91,-87.44
83,19.91,-87.42
84,19.91,-87.41
85,19.91,-87.4
86,19.91,-87.39
87,19.91,-87.38
88,19.91,-87.37
89,19.91,-87.36
90,19.91,-87.35
91,19.91,-87.34
92,19.91,-87.33
93,19.91,-87.32
94,19.91,-87.31
95,19.91,-87.3
96,19.91,-87.29
97,19.91,-87.28
98,19.91,-87.27
99,19.91,-87.26
100,19.91,-87.25
101,19.91,-87.24
102,19.91,-87.23
103,19.91,-87.22
104,19.91,-87.21
105,19.91,-87.2
106,19.91,-87.19
107,19.91,-87.18
108,19.91,-87.17
109,19.91,-87.16
110,19.91,-87.15
111,19.91,-87.14
112,19.91,-87.13
113,19.91,-87.12
114,19.91,-87.11
115,19.91,-87.1
116,19.91,-87.09
117,19.91,-87.08
118,19.91,-87.07
119,19.91,-87.06
120,19.91,-87.05
121,19.91,-87.04
122,19.91,-87.03
123,19.91,-87.02
124,19.91,-87.01
125,19.91,-87.0
126,19.91,-86.99
127,19.91,-86.98
128,19.91,-86.97
129,19.91,-86.96
130,19.91,-86.95
131,19.91,-86.94
132,19.91,-86.93
133,19.91,-86.92
134,19.91,-86.91
135,19.91,-86.9
136,19.91,-86.89
137,19.91,-86.88
138,19.91,-86.87
139,19.91,-86.86
140,19.91,-86.85
141,19.91,-86.84
142,19.91,-86.83
143,19.91,-86.82
144,19.91,-86.81
145,19.91,-86.8
146,19.91,-86.79
147,19.91,-86.78
148,19.91,-86.77
149,19.91,-86.76
150,19.91,-86.75
151,19.91,-86.74
152,19.91,-86.73
153,19.91,-86.72
154,19.91,-86.71
155,19.91,-86.7
156,19.91,-86.69
157,19.91,-86.68
158,19.91,-86.67
159,19.91,-86.66
160,19.91,-86.65
162,19.92,-87.42
163,19.92,-87.41
164,19.92,-87.4
165,19.92,-87.39
166,19.92,-87.38
167,19.92,-87.37
168,19.92,-87.36
169,19.92,-87.35
170,19.92,-87.34
171,19.92,-87.33
172,19.92,-87.32
173,19.92,-87.31
174,19.92,-87.3
175,19.92,-87.29
176,19.92,-87.28
177,19.92,-87.27
178,19.92,-87.26
179,19.92,-87.25
180,19.92,-87.24
181,19.92,-87.23
182,19.92,-87.22
183,19.92,-87.21
184,19.92,-87.2
185,19.92,-87.19
186,19.92,-87.18
187,19.92,-87.17
188,19.92,-87.16
189,19.92,-87.15
190,19.92,-87.14
191,19.92,-87.13
192,19.92,-87.12
193,19.92,-87.11
194,19.92,-87.1
195,19.92,-87.09
196,19.92,-87.08
197,19.92,-87.07
198,19.92,-87.06
199,19.92,-87.05
200,19.92,-87.04
201,19.92,-87.03
202,19.92,-87.02
203,19.92,-87.01
204,19.92,-87.0
205,19.92,-86.99
206,19.92,-86.98
207,19.92,-86.97
208,19.92,-86.96
209,19.92,-86.95
210,19.92,-86.94
211,19.92,-86.93
212,19.92,-86.92
213,19.92,-86.91
214,19.92,-86.9
215,19.92,-86.89
216,19.92,-86.88
217,19.92,-86.87
218,19.92,-86.86
219,19.92,-86.85
220,19.92,-86.84
221,19.92,-86.83
222,19.92,-86.82
223,19.92,-86.81
224,19.92,-86.8
225,19.92,-86.79
226,19.92,-86.78
227,19.92,-86.77
228,19.92,-86.76
229,19.92,-86.75
230,19.92,-86.74
231,19.92,-86.73
232,19.92,-86.72
233,19.92,-86.71
234,19.92,-86.7
235,19.92,-86.69
236,19.92,-86.68
237,19.92,-86.67
238,19.92,-86.66
239,19.92,-86.65
240,19.93,-87.43
241,19.93,-87.42
242,19.93,-87.41
243,19.93,-87.4
244,19.93,-87.39
245,19.93,-87.38
246,19.93,-87.37
247,19.93,-87.36
248,19.93,-87.35
249,19.93,-87.34
250,19.93,-87.33
251,19.93,-87.32
252,19.93,-87.31
253,19.93,-87.3
254,19.93,-87.29
255,19.93,-87.28
256,19.93,-87.27
257,19.93,-87.26
258,19.93,-87.25
259,19.93,-87.24
260,19.93,-87.23
261,19.93,-87.22
262,19.93,-87.21
263,19.93,-87.2
264,19.93,-87.19
265,19.93,-87.18
266,19.93,-87.17
267,19.93,-87.16
268,19.93,-87.15
269,19.93,-87.14
270,19.93,-87.13
271,19.93,-87.12
272,19.93,-87.11
273,19.93,-87.1
274,19.93,-87.09
275,19.93,-87.08
276,19.93,-87.07
277,19.93,-87.06
278,19.93,-87.05
279,19.93,-87.04
280,19.93,-87.03
281,19.93,-87.02
282,19.93,-87.01
283,19.93,-87.0
284,19.93,-86.99
285,19.93,-86.98
286,19.93,-86.97
287,19.93,-86.96
288,19.93,-86.95
289,19.93,-86.94
290,19.93,-86.93
291,19.93,-86.92
292,19.93,-86.91
293,19.93,-86.9
294,19.93,-86.89
295,19.93,-86.88
296,19.93,-86.87
297,19.93,-86.86
298,19.93,-86.85
299,19.93,-86.84
300,19.93,-86.83
301,19.93,-86.82
302,19.93,-86.81
303,19.93,-86.8
304,19.93,-86.79
305,19.93,-86.78
306,19.93,-86.77
307,19.93,-86.76
308,19.93,-86.75
309,19.93,-86.74
310,19.93,-86.73
311,19.93,-86.72
312,19.93,-86.71
313,19.93,-86.7
314,19.93,-86.69
315,19.93,-86.68
316,19.93,-86.67
317,19.93,-86.66
318,19.93,-86.65
319,19.94,-87.45
320,19.94,-87.44
321,19.94,-87.43
322,19.94,-87.42
323,19.94,-87.41
324,19.94,-87.4
325,19.94,-87.39
326,19.94,-87.38
327,19.94,-87.37
328,19.94,-87.36
329,19.94,-87.35
330,19.94,-87.34
331,19.94,-87.33
332,19.94,-87.32
333,19.94,-87.31
334,19.94,-87.3
335,19.94,-87.29
336,19.94,-87.28
337,19.94,-87.27
338,19.94,-87.26
339,19.94,-87.25
340,19.94,-87.24
341,19.94,-87.23
342,19.94,-87.22
343,19.94,-87.21
344,19.94,-87.2
345,19.94,-87.19
346,19.94,-87.18
347,19.94,-87.17
348,19.94,-87.16
349,19.94,-87.15
350,19.94,-87.14
351,19.94,-87.13
352,19.94,-87.12
353,19.94,-87.11
354,19.94,-87.1
355,19.94,-87.09
356,19.94,-87.08
357,19.94,-87.07
358,19.94,-87.06
359,19.94,-87.05
360,19.94,-87.04
361,19.94,-87.03
362,19.94,-87.02
363,19.94,-87.01
364,19.94,-87.0
365,19.94,-86.99
366,19.94,-86.98
367,19.94,-86.97
368,19.94,-86.96
369,19.94,-86.95
370,19.94,-86.94
371,19.94,-86.93
372,19.94,-86.92
373,19.94,-86.91
374,19.94,-86.9
375,19.94,-86.89
376,19.94,-86.88
377,19.94,-86.87
378,19.94,-86.86
379,19.94,-86.85
380,19.94,-86.84
381,19.94,-86.83
382,19.94,-86.82
383,19.94,-86.81
384,19.94,-86.8
385,19.94,-86.79
386,19.94,-86.78
387,19.94,-86.77
388,19.94,-86.76
389,19.94,-86.75
390,19.94,-86.74
391,19.94,-86.73
392,19.94,-86.72
393,19.94,-86.71
394,19.94,-86.7
395,19.94,-86.69
396,19.94,-86.68
397,19.94,-86.67
398,19.94,-86.66
399,19.94,-86.65
400,19.95,-87.45
401,19.95,-87.44
402,19.95,-87.43
403,19.95,-87.42
404,19.95,-87.41
405,19.95,-87.4
406,19.95,-87.39
407,19.95,-87.38
408,19.95,-87.37
409,19.95,-87.36
410,19.95,-87.35
411,19.95,-87.34
412,19.95,-87.33
413,19.95,-87.32
414,19.95,-87.31
415,19.95,-87.3
416,19.95,-87.29
417,19.95,-87.28
418,19.95,-87.27
419,19.95,-87.26
420,19.95,-87.25
421,19.95,-87.24
422,19.95,-87.23
423,19.95,-87.22
424,19.95,-87.21
425,19.95,-87.2
426,19.95,-87.19
427,19.95,-87.18
428,19.95,-87.17
429,19.95,-87.16
430,19.95,-87.15
431,19.95,-87.14
432,19.95,-87.13
433,19.95,-87.12
434,19.95,-87.11
435,19.95,-87.1
436,19.95,-87.09
437,19.95,-87.08
438,19.95,-87.07
439,19.95,-87.06
440,19.95,-87.05
441,19.95,-87.04
442,19.95,-87.03
443,19.95,-87.02
444,19.95,-87.01
445,19.95,-87.0
446,19.95,-86.99
447,19.95,-86.98
448,19.95,-86.97
449,19.95,-86.96
450,19.95,-86.95
451,19.95,-86.94
452,19.95,-86.93
453,19.95,-86.92
454,19.95,-86.91
455,19.95,-86.9
456,19.95,-86.89
457,19.95,-86.88
458,19.95,-86.87
459,19.95,-86.86
460,19.95,-86.85
461,19.95,-86.84
462,19.95,-86.83
463,19.95,-86.82
464,19.95,-86.81
465,19.95,-86.8
466,19.95,-86.79
467,19.95,-86.78
468,19.95,-86.77
469,19.95,-86.76
470,19.95,-86.75
471,19.95,-86.74
472,19.95,-86.73
473,19.95,-86.72
474,19.95,-86.71
475,19.95,-86.7
476,19.95,-86.69
477,19.95,-86.68
478,19.95,-86.67
479,19.95,-86.66
480,19.95,-86.65
481,19.96,-87.46
482,19.96,-87.45
483,19.96,-87.44
484,19.96,-87.43
485,19.96,-87.42
486,19.96,-87.41
487,19.96,-87.4
488,19.96,-87.39
489,19.96,-87.38
490,19.96,-87.37
491,19.96,-87.36
492,19.96,-87.35
493,19.96,-87.34
494,19.96,-87.33
495,19.96,-87.32
496,19.96,-87.31
497,19.96,-87.3
498,19.96,-87.29
499,19.96,-87.28
500,19.96,-87.27
501,19.96,-87.26
502,19.96,-87.25
503,19.96,-87.24
504,19.96,-87.23
505,19.96,-87.22
506,19.96,-87.21
507,19.96,-87.2
508,19.96,-87.19
509,19.96,-87.18
510,19.96,-87.17
511,19.96,-87.16
512,19.96,-87.15
513,19.96,-87.14
514,19.96,-87.13
515,19.96,-87.12
516,19.96,-87.11
517,19.96,-87.1
518,19.96,-87.09
519,19.96,-87.08
520,19.96,-87.07
521,19.96,-87.06
522,19.96,-87.05
523,19.96,-87.04
524,19.96,-87.03
525,19.96,-87.02
526,19.96,-87.01
527,19.96,-87.0
528,19.96,-86.99
529,19.96,-86.98
530,19.96,-86.97
531,19.96,-86.96
532,19.96,-86.95
533,19.96,-86.94
534,19.96,-86.93
535,19.96,-86.92
536,19.96,-86.91
537,19.96,-86.9
538,19.96,-86.89
539,19.96,-86.88
540,19.96,-86.87
541,19.96,-86.86
542,19.96,-86.85
543,19.96,-86.84
544,19.96,-86.83
545,19.96,-86.82
546,19.96,-86.81
547,19.96,-86.8
548,19.96,-86.79
549,19.96,-86.78
550,19.96,-86.77
551,19.96,-86.76
552,19.96,-86.75
553,19.96,-86.74
554,19.96,-86.73
555,19.96,-86.72
556,19.96,-86.71
557,19.96,-86.7
558,19.96,-86.69
559,19.96,-86.68
560,19.96,-86.67
561,19.96,-86.66
562,19.96,-86.65
563,19.97,-87.46
564,19.97,-87.45
565,19.97,-87.44
566,19.97,-87.43
567,19.97,-87.42
568,19.97,-87.41
569,19.97,-87.4
570,19.97,-87.39
571,19.97,-87.38
572,19.97,-87.37
573,19.97,-87.36
574,19.97,-87.35
575,19.97,-87.34
576,19.97,-87.33
577,19.97,-87.32
578,19.97,-87.31
579,19.97,-87.3
580,19.97,-87.29
581,19.97,-87.28
582,19.97,-87.27
583,19.97,-87.26
584,19.97,-87.25
585,19.97,-87.24
586,19.97,-87.23
587,19.97,-87.22
588,19.97,-87.21
589,19.97,-87.2
590,19.97,-87.19
591,19.97,-87.18
592,19.97,-87.17
593,19.97,-87.16
594,19.97,-87.15
595,19.97,-87.14
596,19.97,-87.13
597,19.97,-87.12
598,19.97,-87.11
599,19.97,-87.1
600,19.97,-87.09
601,19.97,-87.08
602,19.97,-87.07
603,19.97,-87.06
604,19.97,-87.05
605,19.97,-87.04
606,19.97,-87.03
607,19.97,-87.02
608,19.97,-87.01
609,19.97,-87.0
610,19.97,-86.99
611,19.97,-86.98
612,19.97,-86.97
613,19.97,-86.96
614,19.97,-86.95
615,19.97,-86.94
616,19.97,-86.93
617,19.97,-86.92
618,19.97,-86.91
619,19.97,-86.9
620,19.97,-86.89
621,19.97,-86.88
622,19.97,-86.87
623,19.97,-86.86
624,19.97,-86.85
625,19.97,-86.84
626,19.97,-86.83
627,19.97,-86.82
628,19.97,-86.81
629,19.97,-86.8
630,19.97,-86.79
631,19.97,-86.78
632,19.97,-86.77
633,19.97,-86.76
634,19.97,-86.75
635,19.97,-86.74
636,19.97,-86.73
637,19.97,-86.72
638,19.97,-86.71
639,19.97,-86.7
640,19.97,-86.69
641,19.97,-86.68
642,19.97,-86.67
643,19.97,-86.66
644,19.97,-86.65
645,19.98,-87.46
646,19.98,-87.45
647,19.98,-87.44
648,19.98,-87.43
649,19.98,-87.42
650,19.98,-87.41
651,19.98,-87.4
652,19.98,-87.39
653,19.98,-87.38
654,19.98,-87.37
655,19.98,-87.36
656,19.98,-87.35
657,19.98,-87.34
658,19.98,-87.33
659,19.98,-87.32
660,19.98,-87.31
661,19.98,-87.3
662,19.98,-87.29
663,19.98,-87.28
664,19.98,-87.27
665,19.98,-87.26
666,19.98,-87.25
667,19.98,-87.24
668,19.98,-87.23
669,19.98,-87.22
670,19.98,-87.21
671,19.98,-87.2
672,19.98,-87.19
673,19.98,-87.18
674,19.98,-87.17
675,19.98,-87.16
676,19.98,-87.15
677,19.98,-87.14
678,19.98,-87.13
679,19.98,-87.12
680,19.98,-87.11
681,19.98,-87.1
682,19.98,-87.09
683,19.98,-87.08
684,19.98,-87.07
685,19.98,-87.06
686,19.98,-87.05
687,19.98,-87.04
688,19.98,-87.03
689,19.98,-87.02
690,19.98,-87.01
691,19.98,-87.0
692,19.98,-86.99
693,19.98,-86.98
694,19.98,-86.97
695,19.98,-86.96
696,19.98,-86.95
697,19.98,-86.94
698,19.98,-86.93
699,19.98,-86.92
700,19.98,-86.91
701,19.98,-86.9
702,19.98,-86.89
703,19.98,-86.88
704,19.98,-86.87
705,19.98,-86.86
706,19.98,-86.85
707,19.98,-86.84
708,19.98,-86.83
709,19.98,-86.82
710,19.98,-86.81
711,19.98,-86.8
712,19.98,-86.79
713,19.98,-86.78
714,19.98,-86.77
715,19.98,-86.76
716,19.98,-86.75
717,19.98,-86.74
718,19.98,-86.73
719,19.98,-86.72
720,19.98,-86.71
721,19.98,-86.7
722,19.98,-86.69
723,19.98,-86.68
724,19.98,-86.67
725,19.98,-86.66
726,19.98,-86.65
727,19.99,-87.46
728,19.99,-87.45
729,19.99,-87.44
730,19.99,-87.43
731,19.99,-87.42
732,19.99,-87.41
733,19.99,-87.4
734,19.99,-87.39
735,19.99,-87.38
736,19.99,-87.37
737,19.99,-87.36
738,19.99,-87.35
739,19.99,-87.34
740,19.99,-87.33
741,19.99,-87.32
742,19.99,-87.31
743,19.99,-87.3
744,19.99,-87.29
745,19.99,-87.28
746,19.99,-87.27
747,19.99,-87.26
748,19.99,-87.25
749,19.99,-87.24
750,19.99,-87.23
751,19.99,-87.22
752,19.99,-87.21
753,19.99,-87.2
754,19.99,-87.19
755,19.99,-87.18
756,19.99,-87.17
757,19.99,-87.16
758,19.99,-87.15
759,19.99,-87.14
760,19.99,-87.13
761,19.99,-87.12
762,19.99,-87.11
763,19.99,-87.1
764,19.99,-87.09
765,19.99,-87.08
766,19.99,-87.07
767,19.99,-87.06
768,19.99,-87.05
769,19.99,-87.04
770,19.99,-87.03
771,19.99,-87.02
772,19.99,-87.01
773,19.99,-87.0
774,19.99,-86.99
775,19.99,-86.98
776,19.99,-86.97
777,19.99,-86.96
778,19.99,-86.95
779,19.99,-86.94
780,19.99,-86.93
781,19.99,-86.92
782,19.99,-86.91
783,19.99,-86.9
784,19.99,-86.89
785,19.99,-86.88
786,19.99,-86.87
787,19.99,-86.86
788,19.99,-86.85
789,19.99,-86.84
790,19.99,-86.83
791,19.99,-86.82
792,19.99,-86.81
793,19.99,-86.8
794,19.99,-86.79
795,19.99,-86.78
796,19.99,-86.77
797,19.99,-86.76
798,19.99,-86.75
799,19.99,-86.74
800,19.99,-86.73
801,19.99,-86.72
802,19.99,-86.71
803,19.99,-86.7
804,19.99,-86.69
805,19.99,-86.68
806,19.99,-86.67
807,19.99,-86.66
808,19.99,-86.65
809,20.0,-87.47
810,20.0,-87.46
811,20.0,-87.45
812,20.0,-87.44
813,20.0,-87.43
814,20.0,-87.42
815,20.0,-87.41
816,20.0,-87.4
817,20.0,-87.39
818,20.0,-87.38
819,20.0,-87.37
820,20.0,-87.36
821,20.0,-87.35
822,20.0,-87.34
823,20.0,-87.33
824,20.0,-87.32
825,20.0,-87.31
826,20.0,-87.3
827,20.0,-87.29
828,20.0,-87.28
829,20.0,-87.27
830,20.0,-87.26
831,20.0,-87.25
832,20.0,-87.24
833,20.0,-87.23
834,20.0,-87.22
835,20.0,-87.21
836,20.0,-87.2
837,20.0,-87.19
838,20.0,-87.18
839,20.0,-87.17
840,20.0,-87.16
841,20.0,-87.15
842,20.0,-87.14
843,20.0,-87.13
844,20.0,-87.12
845,20.0,-87.11
846,20.0,-87.1
847,20.0,-87.09
848,20.0,-87.08
849,20.0,-87.07
850,20.0,-87.06
851,20.0,-87.05
852,20.0,-87.04
853,20.0,-87.03
854,20.0,-87.02
855,20.0,-87.01
856,20.0,-87.0
857,20.0,-86.99
858,20.0,-86.98
859,20.0,-86.97
860,20.0,-86.96
861,20.0,-86.95
862,20.0,-86.94
863,20.0,-86.93
864,20.0,-86.92
865,20.0,-86.91
866,20.0,-86.9
867,20.0,-86.89
868,20.0,-86.88
869,20.0,-86.87
870,20.0,-86.86
871,20.0,-86.85
872,20.0,-86.84
873,20.0,-86.83
874,20.0,-86.82
875,20.0,-86.81
876,20.0,-86.8
877,20.0,-86.79
878,20.0,-86.78
879,20.0,-86.77
880,20.0,-86.76
881,20.0,-86.75
882,20.0,-86.74
883,20.0,-86.73
884,20.0,-86.72
885,20.0,-86.71
886,20.0,-86.7
887,20.0,-86.69
888,20.0,-86.68
889,20.0,-86.67
890,20.0,-86.66
891,20.0,-86.65
892,20.01,-87.47
893,20.01,-87.46
894,20.01,-87.45
895,20.01,-87.44
896,20.01,-87.43
897,20.01,-87.42
898,20.01,-87.41
899,20.01,-87.4
900,20.01,-87.39
901,20.01,-87.38
902,20.01,-87.37
903,20.01,-87.36
904,20.01,-87.35
905,20.01,-87.34
906,20.01,-87.33
907,20.01,-87.32
908,20.01,-87.31
909,20.01,-87.3
910,20.01,-87.29
911,20.01,-87.28
912,20.01,-87.27
913,20.01,-87.26
914,20.01,-87.25
915,20.01,-87.24
916,20.01,-87.23
917,20.01,-87.22
918,20.01,-87.21
919,20.01,-87.2
920,20.01,-87.19
921,20.01,-87.18
922,20.01,-87.17
923,20.01,-87.16
924,20.01,-87.15
925,20.01,-87.14
926,20.01,-87.13
927,20.01,-87.12
928,20.01,-87.11
929,20.01,-87.1
930,20.01,-87.09
931,20.01,-87.08
932,20.01,-87.07
933,20.01,-87.06
934,20.01,-87.05
935,20.01,-87.04
936,20.01,-87.03
937,20.01,-87.02
938,20.01,-87.01
939,20.01,-87.0
940,20.01,-86.99
941,20.01,-86.98
942,20.01,-86.97
943,20.01,-86.96
944,20.01,-86.95
945,20.01,-86.94
946,20.01,-86.93
947,20.01,-86.92
948,20.01,-86.91
949,20.01,-86.9
950,20.01,-86.89
951,20.01,-86.88
952,20.01,-86.87
953,20.01,-86.86
954,20.01,-86.85
955,20.01,-86.84
956,20.01,-86.83
957,20.01,-86.82
958,20.01,-86.81
959,20.01,-86.8
960,20.01,-86.79
961,20.01,-86.78
962,20.01,-86.77
963,20.01,-86.76
964,20.01,-86.75
965,20.01,-86.74
966,20.01,-86.73
967,20.01,-86.72
968,20.01,-86.71
969,20.01,-86.7
970,20.01,-86.69
971,20.01,-86.68
972,20.01,-86.67
973,20.01,-86.66
974,20.01,-86.65
975,20.02,-87.47
976,20.02,-87.46
977,20.02,-87.45
978,20.02,-87.44
979,20.02,-87.43
980,20.02,-87.42
981,20.02,-87.41
982,20.02,-87.4
983,20.02,-87.39
984,20.02,-87.38
985,20.02,-87.37
986,20.02,-87.36
987,20.02,-87.35
988,20.02,-87.34
989,20.02,-87.33
990,20.02,-87.32
991,20.02,-87.31
992,20.02,-87.3
993,20.02,-87.29
994,20.02,-87.28
995,20.02,-87.27
996,20.02,-87.26
997,20.02,-87.25
998,20.02,-87.24
999,20.02,-87.23
1000,20.02,-87.22
1001,20.02,-87.21
1002,20.02,-87.2
1003,20.02,-87.19
1004,20.02,-87.18
1005,20.02,-87.17
1006,20.02,-87.16
1007,20.02,-87.15
1008,20.02,-87.14
1009,20.02,-87.13
1010,20.02,-87.12
1011,20.02,-87.11
1012,20.02,-87.1
1013,20.02,-87.09
1014,20.02,-87.08
1015,20.02,-87.07
1016,20.02,-87.06
1017,20.02,-87.05
1018,20.02,-87.04
1019,20.02,-87.03
1020,20.02,-87.02
1021,20.02,-87.01
1022,20.02,-87.0
1023,20.02,-86.99
1024,20.02,-86.98
1025,20.02,-86.97
1026,20.02,-86.96
1027,20.02,-86.95
1028,20.02,-86.94
1029,20.02,-86.93
1030,20.02,-86.92
1031,20.02,-86.91
1032,20.02,-86.9
1033,20.02,-86.89
1034,20.02,-86.88
1035,20.02,-86.87
1036,20.02,-86.86
1037,20.02,-86.85
1038,20.02,-86.84
1039,20.02,-86.83
1040,20.02,-86.82
1041,20.02,-86.81
1042,20.02,-86.8
1043,20.02,-86.79
1044,20.02,-86.78
1045,20.02,-86.77
1046,20.02,-86.76
1047,20.02,-86.75
1048,20.02,-86.74
1049,20.02,-86.73
1050,20.02,-86.72
1051,20.02,-86.71
1052,20.02,-86.7
1053,20.02,-86.69
1054,20.02,-86.68
1055,20.02,-86.67
1056,20.02,-86.66
1057,20.02,-86.65
1058,20.03,-87.47
1059,20.03,-87.46
1060,20.03,-87.45
1061,20.03,-87.44
1062,20.03,-87.43
1063,20.03,-87.42
1064,20.03,-87.41
1065,20.03,-87.4
1066,20.03,-87.39
1067,20.03,-87.38
1068,20.03,-87.37
1069,20.03,-87.36
1070,20.03,-87.35
1071,20.03,-87.34
1072,20.03,-87.33
1073,20.03,-87.32
1074,20.03,-87.31
1075,20.03,-87.3
1076,20.03,-87.29
1077,20.03,-87.28
1078,20.03,-87.27
1079,20.03,-87.26
1080,20.03,-87.25
1081,20.03,-87.24
1082,20.03,-87.23
1083,20.03,-87.22
1084,20.03,-87.21
1085,20.03,-87.2
1086,20.03,-87.19
1087,20.03,-87.18
1088,20.03,-87.17
1089,20.03,-87.16
1090,20.03,-87.15
1091,20.03,-87.14
1092,20.03,-87.13
1093,20.03,-87.12
1094,20.03,-87.11
1095,20.03,-87.1
1096,20.03,-87.09
1097,20.03,-87.08
1098,20.03,-87.07
1099,20.03,-87.06
1100,20.03,-87.05
1101,20.03,-87.04
1102,20.03,-87.03
1103,20.03,-87.02
1104,20.03,-87.01
1105,20.03,-87.0
1106,20.03,-86.99
1107,20.03,-86.98
1108,20.03,-86.97
1109,20.03,-86.96
1110,20.03,-86.95
1111,20.03,-86.94
1112,20.03,-86.93
1113,20.03,-86.92
1114,20.03,-86.91
1115,20.03,-86.9
1116,20.03,-86.89
1117,20.03,-86.88
1118,20.03,-86.87
1119,20.03,-86.86
1120,20.03,-86.85
1121,20.03,-86.84
1122,20.03,-86.83
1123,20.03,-86.82
1124,20.03,-86.81
1125,20.03,-86.8
1126,20.03,-86.79
1127,20.03,-86.78
1128,20.03,-86.77
1129,20.03,-86.76
1130,20.03,-86.75
1131,20.03,-86.74
1132,20.03,-86.73
1133,20.03,-86.72
1134,20.03,-86.71
1135,20.03,-86.7
1136,20.03,-86.69
1137,20.03,-86.68
1138,20.03,-86.67
1139,20.03,-86.66
1140,20.03,-86.65
1141,20.04,-87.47
1142,20.04,-87.46
1143,20.04,-87.45
1144,20.04,-87.44
1145,20.04,-87.43
1146,20.04,-87.42
1147,20.04,-87.41
1148,20.04,-87.4
1149,20.04,-87.39
1150,20.04,-87.38
1151,20.04,-87.37
1152,20.04,-87.36
1153,20.04,-87.35
1154,20.04,-87.34
1155,20.04,-87.33
1156,20.04,-87.32
1157,20.04,-87.31
1158,20.04,-87.3
1159,20.04,-87.29
1160,20.04,-87.28
1161,20.04,-87.27
1162,20.04,-87.26
1163,20.04,-87.25
1164,20.04,-87.24
1165,20.04,-87.23
1166,20.04,-87.22
1167,20.04,-87.21
1168,20.04,-87.2
1169,20.04,-87.19
1170,20.04,-87.18
1171,20.04,-87.17
1172,20.04,-87.16
1173,20.04,-87.15
1174,20.04,-87.14
1175,20.04,-87.13
1176,20.04,-87.12
1177,20.04,-87.11
1178,20.04,-87.1
1179,20.04,-87.09
1180,20.04,-87.08
1181,20.04,-87.07
1182,20.04,-87.06
1183,20.04,-87.05
1184,20.04,-87.04
1185,20.04,-87.03
1186,20.04,-87.02
1187,20.04,-87.01
1188,20.04,-87.0
1189,20.04,-86.99
1190,20.04,-86.98
1191,20.04,-86.97
1192,20.04,-86.96
1193,20.04,-86.95
1194,20.04,-86.94
1195,20.04,-86.93
1196,20.04,-86.92
1197,20.04,-86.91
1198,20.04,-86.9
1199,20.04,-86.89
1200,20.04,-86.88
1201,20.04,-86.87
1202,20.04,-86.86
1203,20.04,-86.85
1204,20.04,-86.84
1205,20.04,-86.83
1206,20.04,-86.82
1207,20.04,-86.81
1208,20.04,-86.8
1209,20.04,-86.79
1210,20.04,-86.78
1211,20.04,-86.77
1212,20.04,-86.76
1213,20.04,-86.75
1214,20.04,-86.74
1215,20.04,-86.73
1216,20.04,-86.72
1217,20.04,-86.71
1218,20.04,-86.7
1219,20.04,-86.69
1220,20.04,-86.68
1221,20.04,-86.67
1222,20.04,-86.66
1223,20.04,-86.65
1224,20.05,-87.47
1225,20.05,-87.46
1226,20.05,-87.45
1227,20.05,-87.44
1228,20.05,-87.43
1229,20.05,-87.42
1230,20.05,-87.41
1231,20.05,-87.4
1232,20.05,-87.39
1233,20.05,-87.38
1234,20.05,-87.37
1235,20.05,-87.36
1236,20.05,-87.35
1237,20.05,-87.34
1238,20.05,-87.33
1239,20.05,-87.32
1240,20.05,-87.31
1241,20.05,-87.3
1242,20.05,-87.29
1243,20.05,-87.28
1244,20.05,-87.27
1245,20.05,-87.26
1246,20.05,-87.25
1247,20.05,-87.24
1248,20.05,-87.23
1249,20.05,-87.22
1250,20.05,-87.21
1251,20.05,-87.2
1252,20.05,-87.19
1253,20.05,-87.18
1254,20.05,-87.17
1255,20.05,-87.16
1256,20.05,-87.15
1257,20.05,-87.14
1258,20.05,-87.13
1259,20.05,-87.12
1260,20.05,-87.11
1261,20.05,-87.1
1262,20.05,-87.09
1263,20.05,-87.08
1264,20.05,-87.07
1265,20.05,-87.06
1266,20.05,-87.05
1267,20.05,-87.04
1268,20.05,-87.03
1269,20.05,-87.02
1270,20.05,-87.01
1271,20.05,-87.0
1272,20.05,-86.99
1273,20.05,-86.98
1274,20.05,-86.97
1275,20.05,-86.96
1276,20.05,-86.95
1277,20.05,-86.94
1278,20.05,-86.93
1279,20.05,-86.92
1280,20.05,-86.91
1281,20.05,-86.9
1282,20.05,-86.89
1283,20.05,-86.88
1284,20.05,-86.87
1285,20.05,-86.86
1286,20.05,-86.85
1287,20.05,-86.84
1288,20.05,-86.83
1289,20.05,-86.82
1290,20.05,-86.81
1291,20.05,-86.8
1292,20.05,-86.79
1293,20.05,-86.78
1294,20.05,-86.77
1295,20.05,-86.76
1296,20.05,-86.75
1297,20.05,-86.74
1298,20.05,-86.73
1299,20.05,-86.72
1300,20.05,-86.71
1301,20.05,-86.7
1302,20.05,-86.69
1303,20.05,-86.68
1304,20.05,-86.67
1305,20.05,-86.66
1306,20.05,-86.65
1307,20.06,-87.47
1308,20.06,-87.46
1309,20.06,-87.45
1310,20.06,-87.44
1311,20.06,-87.43
1312,20.06,-87.42
1313,20.06,-87.41
1314,20.06,-87.4
1315,20.06,-87.39
1316,20.06,-87.38
1317,20.06,-87.37
1318,20.06,-87.36
1319,20.06,-87.35
1320,20.06,-87.34
1321,20.06,-87.33
1322,20.06,-87.32
1323,20.06,-87.31
1324,20.06,-87.3
1325,20.06,-87.29
1326,20.06,-87.28
1327,20.06,-87.27
1328,20.06,-87.26
1329,20.06,-87.25
1330,20.06,-87.24
1331,20.06,-87.23
1332,20.06,-87.22
1333,20.06,-87.21
1334,20.06,-87.2
1335,20.06,-87.19
1336,20.06,-87.18
1337,20.06,-87.17
1338,20.06,-87.16
1339,20.06,-87.15
1340,20.06,-87.14
1341,20.06,-87.13
1342,20.06,-87.12
1343,20.06,-87.11
1344,20.06,-87.1
1345,20.06,-87.09
1346,20.06,-87.08
1347,20.06,-87.07
1348,20.06,-87.06
1349,20.06,-87.05
1350,20.06,-87.04
1351,20.06,-87.03
1352,20.06,-87.02
1353,20.06,-87.01
1354,20.06,-87.0
1355,20.06,-86.99
1356,20.06,-86.98
1357,20.06,-86.97
1358,20.06,-86.96
1359,20.06,-86.95
1360,20.06,-86.94
1361,20.06,-86.93
1362,20.06,-86.92
1363,20.06,-86.91
1364,20.06,-86.9
1365,20.06,-86.89
1366,20.06,-86.88
1367,20.06,-86.87
1368,20.06,-86.86
1369,20.06,-86.85
1370,20.06,-86.84
1371,20.06,-86.83
1372,20.06,-86.82
1373,20.06,-86.81
1374,20.06,-86.8
1375,20.06,-86.79
1376,20.06,-86.78
1377,20.06,-86.77
1378,20.06,-86.76
1379,20.06,-86.75
1380,20.06,-86.74
1381,20.06,-86.73
1382,20.06,-86.72
1383,20.06,-86.71
1384,20.06,-86.7
1385,20.06,-86.69
1386,20.06,-86.68
1387,20.06,-86.67
1388,20.06,-86.66
1389,20.06,-86.65
1390,20.07,-87.47
1391,20.07,-87.46
1392,20.07,-87.45
1393,20.07,-87.44
1394,20.07,-87.43
1395,20.07,-87.42
1396,20.07,-87.41
1397,20.07,-87.4
1398,20.07,-87.39
1399,20.07,-87.38
1400,20.07,-87.37
1401,20.07,-87.36
1402,20.07,-87.35
1403,20.07,-87.34
1404,20.07,-87.33
1405,20.07,-87.32
1406,20.07,-87.31
1407,20.07,-87.3
1408,20.07,-87.29
1409,20.07,-87.28
1410,20.07,-87.27
1411,20.07,-87.26
1412,20.07,-87.25
1413,20.07,-87.24
1414,20.07,-87.23
1415,20.07,-87.22
1416,20.07,-87.21
1417,20.07,-87.2
1418,20.07,-87.19
1419,20.07,-87.18
1420,20.07,-87.17
1421,20.07,-87.16
1422,20.07,-87.15
1423,20.07,-87.14
1424,20.07,-87.13
1425,20.07,-87.12
1426,20.07,-87.11
1427,20.07,-87.1
1428,20.07,-87.09
1429,20.07,-87.08
1430,20.07,-87.07
1431,20.07,-87.06
1432,20.07,-87.05
1433,20.07,-87.04
1434,20.07,-87.03
1435,20.07,-87.02
1436,20.07,-87.01
1437,20.07,-87.0
1438,20.07,-86.99
1439,20.07,-86.98
1440,20.07,-86.97
1441,20.07,-86.96
1442,20.07,-86.95
1443,20.07,-86.94
1444,20.07,-86.93
1445,20.07,-86.92
1446,20.07,-86.91
1447,20.07,-86.9
1448,20.07,-86.89
1449,20.07,-86.88
1450,20.07,-86.87
1451,20.07,-86.86
1452,20.07,-86.85
1453,20.07,-86.84
1454,20.07,-86.83
1455,20.07,-86.82
1456,20.07,-86.81
1457,20.07,-86.8
1458,20.07,-86.79
1459,20.07,-86.78
1460,20.07,-86.77
1461,20.07,-86.76
1462,20.07,-86.75
1463,20.07,-86.74
1464,20.07,-86.73
1465,20.07,-86.72
1466,20.07,-86.71
1467,20.07,-86.7
1468,20.07,-86.69
1469,20.07,-86.68
1470,20.07,-86.67
1471,20.07,-86.66
1472,20.07,-86.65
1473,20.08,-87.47
1474,20.08,-87.46
1475,20.08,-87.45
1476,20.08,-87.44
1477,20.08,-87.43
1478,20.08,-87.42
1479,20.08,-87.41
1480,20.08,-87.4
1481,20.08,-87.39
1482,20.08,-87.38
1483,20.08,-87.37
1484,20.08,-87.36
1485,20.08,-87.35
1486,20.08,-87.34
1487,20.08,-87.33
1488,20.08,-87.32
1489,20.08,-87.31
1490,20.08,-87.3
1491,20.08,-87.29
1492,20.08,-87.28
1493,20.08,-87.27
1494,20.08,-87.26
1495,20.08,-87.25
1496,20.08,-87.24
1497,20.08,-87.23
1498,20.08,-87.22
1499,20.08,-87.21
1500,20.08,-87.2
1501,20.08,-87.19
1502,20.08,-87.18
1503,20.08,-87.17
1504,20.08,-87.16
1505,20.08,-87.15
1506,20.08,-87.14
1507,20.08,-87.13
1508,20.08,-87.12
1509,20.08,-87.11
1510,20.08,-87.1
1511,20.08,-87.09
1512,20.08,-87.08
1513,20.08,-87.07
1514,20.08,-87.06
1515,20.08,-87.05
1516,20.08,-87.04
1517,20.08,-87.03
1518,20.08,-87.02
1519,20.08,-87.01
1520,20.08,-87.0
1521,20.08,-86.99
1522,20.08,-86.98
1523,20.08,-86.97
1524,20.08,-86.96
1525,20.08,-86.95
1526,20.08,-86.94
1527,20.08,-86.93
1528,20.08,-86.92
1529,20.08,-86.91
1530,20.08,-86.9
1531,20.08,-86.89
1532,20.08,-86.88
1533,20.08,-86.87
1534,20.08,-86.86
1535,20.08,-86.85
1536,20.08,-86.84
1537,20.08,-86.83
1538,20.08,-86.82
1539,20.08,-86.81
1540,20.08,-86.8
1541,20.08,-86.79
1542,20.08,-86.78
1543,20.08,-86.77
1544,20.08,-86.76
1545,20.08,-86.75
1546,20.08,-86.74
1547,20.08,-86.73
1548,20.08,-86.72
1549,20.08,-86.71
1550,20.08,-86.7
1551,20.08,-86.69
1552,20.08,-86.68
1553,20.08,-86.67
1554,20.08,-86.66
1555,20.08,-86.65
1556,20.09,-87.47
1557,20.09,-87.46
1558,20.09,-87.45
1559,20.09,-87.44
1560,20.09,-87.43
1561,20.09,-87.42
1562,20.09,-87.41
1563,20.09,-87.4
1564,20.09,-87.39
1565,20.09,-87.38
1566,20.09,-87.37
1567,20.09,-87.36
1568,20.09,-87.35
1569,20.09,-87.34
1570,20.09,-87.33
1571,20.09,-87.32
1572,20.09,-87.31
1573,20.09,-87.3
1574,20.09,-87.29
1575,20.09,-87.28
1576,20.09,-87.27
1577,20.09,-87.26
1578,20.09,-87.25
1579,20.09,-87.24
1580,20.09,-87.23
1581,20.09,-87.22
1582,20.09,-87.21
1583,20.09,-87.2
1584,20.09,-87.19
1585,20.09,-87.18
1586,20.09,-87.17
1587,20.09,-87.16
1588,20.09,-87.15
1589,20.09,-87.14
1590,20.09,-87.13
1591,20.09,-87.12
1592,20.09,-87.11
1593,20.09,-87.1
1594,20.09,-87.09
1595,20.09,-87.08
1596,20.09,-87.07
1597,20.09,-87.06
1598,20.09,-87.05
1599,20.09,-87.04
1600,20.09,-87.03
1601,20.09,-87.02
1602,20.09,-87.01
1603,20.09,-87.0
1604,20.09,-86.99
1605,20.09,-86.98
1606,20.09,-86.97
1607,20.09,-86.96
1608,20.09,-86.95
1609,20.09,-86.94
1610,20.09,-86.93
1611,20.09,-86.92
1612,20.09,-86.91
1613,20.09,-86.9
1614,20.09,-86.89
1615,20.09,-86.88
1616,20.09,-86.87
1617,20.09,-86.86
1618,20.09,-86.85
1619,20.09,-86.84
1620,20.09,-86.83
1621,20.09,-86.82
1622,20.09,-86.81
1623,20.09,-86.8
1624,20.09,-86.79
1625,20.09,-86.78
1626,20.09,-86.77
1627,20.09,-86.76
1628,20.09,-86.75
1629,20.09,-86.74
1630,20.09,-86.73
1631,20.09,-86.72
1632,20.09,-86.71
1633,20.09,-86.7
1634,20.09,-86.69
1635,20.09,-86.68
1636,20.09,-86.67
1637,20.09,-86.66
1638,20.09,-86.65
1639,20.1,-87.47
1640,20.1,-87.46
1641,20.1,-87.45
1642,20.1,-87.44
1643,20.1,-87.43
1644,20.1,-87.42
1645,20.1,-87.41
1646,20.1,-87.4
1647,20.1,-87.39
1648,20.1,-87.38
1649,20.1,-87.37
1650,20.1,-87.36
1651,20.1,-87.35
1652,20.1,-87.34
1653,20.1,-87.33
1654,20.1,-87.32
1655,20.1,-87.31
1656,20.1,-87.3
1657,20.1,-87.29
1658,20.1,-87.28
1659,20.1,-87.27
1660,20.1,-87.26
1661,20.1,-87.25
1662,20.1,-87.24
1663,20.1,-87.23
1664,20.1,-87.22
1665,20.1,-87.21
1666,20.1,-87.2
1667,20.1,-87.19
1668,20.1,-87.18
1669,20.1,-87.17
1670,20.1,-87.16
1671,20.1,-87.15
1672,20.1,-87.14
1673,20.1,-87.13
1674,20.1,-87.12
1675,20.1,-87.11
1676,20.1,-87.1
1677,20.1,-87.09
1678,20.1,-87.08
1679,20.1,-87.07
1680,20.1,-87.06
1681,20.1,-87.05
1682,20.1,-87.04
1683,20.1,-87.03
1684,20.1,-87.02
1685,20.1,-87.01
1686,20.1,-87.0
1687,20.1,-86.99
1688,20.1,-86.98
1689,20.1,-86.97
1690,20.1,-86.96
1691,20.1,-86.95
1692,20.1,-86.94
1693,20.1,-86.93
1694,20.1,-86.92
1695,20.1,-86.91
1696,20.1,-86.9
1697,20.1,-86.89
1698,20.1,-86.88
1699,20.1,-86.87
1700,20.1,-86.86
1701,20.1,-86.85
1702,20.1,-86.84
1703,20.1,-86.83
1704,20.1,-86.82
1705,20.1,-86.81
1706,20.1,-86.8
1707,20.1,-86.79
1708,20.1,-86.78
1709,20.1,-86.77
1710,20.1,-86.76
1711,20.1,-86.75
1712,20.1,-86.74
1713,20.1,-86.73
1714,20.1,-86.72
1715,20.1,-86.71
1716,20.1,-86.7
1717,20.1,-86.69
1718,20.1,-86.68
1719,20.1,-86.67
1720,20.1,-86.66
1721,20.1,-86.65
1722,20.11,-87.46
1723,20.11,-87.45
1724,20.11,-87.44
1725,20.11,-87.43
1726,20.11,-87.42
1727,20.11,-87.41
1728,20.11,-87.4
1729,20.11,-87.39
1730,20.11,-87.38
1731,20.11,-87.37
1732,20.11,-87.36
1733,20.11,-87.35
1734,20.11,-87.34
1735,20.11,-87.33
1736,20.11,-87.32
1737,20.11,-87.31
1738,20.11,-87.3
1739,20.11,-87.29
1740,20.11,-87.28
1741,20.11,-87.27
1742,20.11,-87.26
1743,20.11,-87.25
1744,20.11,-87.24
1745,20.11,-87.23
1746,20.11,-87.22
1747,20.11,-87.21
1748,20.11,-87.2
1749,20.11,-87.19
1750,20.11,-87.18
1751,20.11,-87.17
1752,20.11,-87.16
1753,20.11,-87.15
1754,20.11,-87.14
1755,20.11,-87.13
1756,20.11,-87.12
1757,20.11,-87.11
1758,20.11,-87.1
1759,20.11,-87.09
1760,20.11,-87.08
1761,20.11,-87.07
1762,20.11,-87.06
1763,20.11,-87.05
1764,20.11,-87.04
1765,20.11,-87.03
1766,20.11,-87.02
1767,20.11,-87.01
1768,20.11,-87.0
1769,20.11,-86.99
1770,20.11,-86.98
1771,20.11,-86.97
1772,20.11,-86.96
1773,20.11,-86.95
1774,20.11,-86.94
1775,20.11,-86.93
1776,20.11,-86.92
1777,20.11,-86.91
1778,20.11,-86.9
1779,20.11,-86.89
1780,20.11,-86.88
1781,20.11,-86.87
1782,20.11,-86.86
1783,20.11,-86.85
1784,20.11,-86.84
1785,20.11,-86.83
1786,20.11,-86.82
1787,20.11,-86.81
1788,20.11,-86.8
1789,20.11,-86.79
1790,20.11,-86.78
1791,20.11,-86.77
1792,20.11,-86.76
1793,20.11,-86.75
1794,20.11,-86.74
1795,20.11,-86.73
1796,20.11,-86.72
1797,20.11,-86.71
1798,20.11,-86.7
1799,20.11,-86.69
1800,20.11,-86.68
1801,20.11,-86.67
1802,20.11,-86.66
1803,20.11,-86.65
1804,20.12,-87.46
1805,20.12,-87.45
1806,20.12,-87.44
1807,20.12,-87.43
1808,20.12,-87.42
1809,20.12,-87.41
1810,20.12,-87.4
1811,20.12,-87.39
1812,20.12,-87.38
1813,20.12,-87.37
1814,20.12,-87.36
1815,20.12,-87.35
1816,20.12,-87.34
1817,20.12,-87.33
1818,20.12,-87.32
1819,20.12,-87.31
1820,20.12,-87.3
1821,20.12,-87.29
1822,20.12,-87.28
1823,20.12,-87.27
1824,20.12,-87.26
1825,20.12,-87.25
1826,20.12,-87.24
1827,20.12,-87.23
1828,20.12,-87.22
1829,20.12,-87.21
1830,20.12,-87.2
1831,20.12,-87.19
1832,20.12,-87.18
1833,20.12,-87.17
1834,20.12,-87.16
1835,20.12,-87.15
1836,20.12,-87.14
1837,20.12,-87.13
1838,20.12,-87.12
1839,20.12,-87.11
1840,20.12,-87.1
1841,20.12,-87.09
1842,20.12,-87.08
1843,20.12,-87.07
1844,20.12,-87.06
1845,20.12,-87.05
1846,20.12,-87.04
1847,20.12,-87.03
1848,20.12,-87.02
1849,20.12,-87.01
1850,20.12,-87.0
1851,20.12,-86.99
1852,20.12,-86.98
1853,20.12,-86.97
1854,20.12,-86.96
1855,20.12,-86.95
1856,20.12,-86.94
1857,20.12,-86.93
1858,20.12,-86.92
1859,20.12,-86.91
1860,20.12,-86.9
1861,20.12,-86.89
1862,20.12,-86.88
1863,20.12,-86.87
1864,20.12,-86.86
1865,20.12,-86.85
1866,20.12,-86.84
1867,20.12,-86.83
1868,20.12,-86.82
1869,20.12,-86.81
1870,20.12,-86.8
1871,20.12,-86.79
1872,20.12,-86.78
1873,20.12,-86.77
1874,20.12,-86.76
1875,20.12,-86.75
1876,20.12,-86.74
1877,20.12,-86.73
1878,20.12,-86.72
1879,20.12,-86.71
1880,20.12,-86.7
1881,20.12,-86.69
1882,20.12,-86.68
1883,20.12,-86.67
1884,20.12,-86.66
1885,20.12,-86.65
1886,20.13,-87.46
1887,20.13,-87.45
1888,20.13,-87.44
1889,20.13,-87.43
1890,20.13,-87.42
1891,20.13,-87.41
1892,20.13,-87.4
1893,20.13,-87.39
1894,20.13,-87.38
1895,20.13,-87.37
1896,20.13,-87.36
1897,20.13,-87.35
1898,20.13,-87.34
1899,20.13,-87.33
1900,20.13,-87.32
1901,20.13,-87.31
1902,20.13,-87.3
1903,20.13,-87.29
1904,20.13,-87.28
1905,20.13,-87.27
1906,20.13,-87.26
1907,20.13,-87.25
1908,20.13,-87.24
1909,20.13,-87.23
1910,20.13,-87.22
1911,20.13,-87.21
1912,20.13,-87.2
1913,20.13,-87.19
1914,20.13,-87.18
1915,20.13,-87.17
1916,20.13,-87.16
1917,20.13,-87.15
1918,20.13,-87.14
1919,20.13,-87.13
1920,20.13,-87.12
1921,20.13,-87.11
1922,20.13,-87.1
1923,20.13,-87.09
1924,20.13,-87.08
1925,20.13,-87.07
1926,20.13,-87.06
1927,20.13,-87.05
1928,20.13,-87.04
1929,20.13,-87.03
1930,20.13,-87.02
1931,20.13,-87.01
1932,20.13,-87.0
1933,20.13,-86.99
1934,20.13,-86.98
1935,20.13,-86.97
1936,20.13,-86.96
1937,20.13,-86.95
1938,20.13,-86.94
1939,20.13,-86.93
1940,20.13,-86.92
1941,20.13,-86.91
1942,20.13,-86.9
1943,20.13,-86.89
1944,20.13,-86.88
1945,20.13,-86.87
1946,20.13,-86.86
1947,20.13,-86.85
1948,20.13,-86.84
1949,20.13,-86.83
1950,20.13,-86.82
1951,20.13,-86.81
1952,20.13,-86.8
1953,20.13,-86.79
1954,20.13,-86.78
1955,20.13,-86.77
1956,20.13,-86.76
1957,20.13,-86.75
1958,20.13,-86.74
1959,20.13,-86.73
1960,20.13,-86.72
1961,20.13,-86.71
1962,20.13,-86.7
1963,20.13,-86.69
1964,20.13,-86.68
1965,20.13,-86.67
1966,20.13,-86.66
1967,20.13,-86.65
1968,20.14,-87.46
1969,20.14,-87.45
1970,20.14,-87.44
1971,20.14,-87.43
1972,20.14,-87.42
1973,20.14,-87.41
1974,20.14,-87.4
1975,20.14,-87.39
1976,20.14,-87.38
1977,20.14,-87.37
1978,20.14,-87.36
1979,20.14,-87.35
1980,20.14,-87.34
1981,20.14,-87.33
1982,20.14,-87.32
1983,20.14,-87.31
1984,20.14,-87.3
1985,20.14,-87.29
1986,20.14,-87.28
1987,20.14,-87.27
1988,20.14,-87.26
1989,20.14,-87.25
1990,20.14,-87.24
1991,20.14,-87.23
1992,20.14,-87.22
1993,20.14,-87.21
1994,20.14,-87.2
1995,20.14,-87.19
1996,20.14,-87.18
1997,20.14,-87.17
1998,20.14,-87.16
1999,20.14,-87.15
2000,20.14,-87.14
2001,20.14,-87.13
2002,20.14,-87.12
2003,20.14,-87.11
2004,20.14,-87.1
2005,20.14,-87.09
2006,20.14,-87.08
2007,20.14,-87.07
2008,20.14,-87.06
2009,20.14,-87.05
2010,20.14,-87.04
2011,20.14,-87.03
2012,20.14,-87.02
2013,20.14,-87.01
2014,20.14,-87.0
2015,20.14,-86.99
2016,20.14,-86.98
2017,20.14,-86.97
2018,20.14,-86.96
2019,20.14,-86.95
2020,20.14,-86.94
2021,20.14,-86.93
2022,20.14,-86.92
2023,20.14,-86.91
2024,20.14,-86.9
2025,20.14,-86.89
2026,20.14,-86.88
2027,20.14,-86.87
2028,20.14,-86.86
2029,20.14,-86.85
2030,20.14,-86.84
2031,20.14,-86.83
2032,20.14,-86.82
2033,20.14,-86.81
2034,20.14,-86.8
2035,20.14,-86.79
2036,20.14,-86.78
2037,20.14,-86.77
2038,20.14,-86.76
2039,20.14,-86.75
2040,20.14,-86.74
2041,20.14,-86.73
2042,20.14,-86.72
2043,20.14,-86.71
2044,20.14,-86.7
2045,20.14,-86.69
2046,20.14,-86.68
2047,20.14,-86.67
2048,20.14,-86.66
2049,20.14,-86.65
2050,20.15,-87.45
2051,20.15,-87.44
2052,20.15,-87.43
2053,20.15,-87.42
2054,20.15,-87.41
2055,20.15,-87.4
2056,20.15,-87.39
2057,20.15,-87.38
2058,20.15,-87.37
2059,20.15,-87.36
2060,20.15,-87.35
2061,20.15,-87.34
2062,20.15,-87.33
2063,20.15,-87.32
2064,20.15,-87.31
2065,20.15,-87.3
2066,20.15,-87.29
2067,20.15,-87.28
2068,20.15,-87.27
2069,20.15,-87.26
2070,20.15,-87.25
2071,20.15,-87.24
2072,20.15,-87.23
2073,20.15,-87.22
2074,20.15,-87.21
2075,20.15,-87.2
2076,20.15,-87.19
2077,20.15,-87.18
2078,20.15,-87.17
2079,20.15,-87.16
2080,20.15,-87.15
2081,20.15,-87.14
2082,20.15,-87.13
2083,20.15,-87.12
2084,20.15,-87.11
2085,20.15,-87.1
2086,20.15,-87.09
2087,20.15,-87.08
2088,20.15,-87.07
2089,20.15,-87.06
2090,20.15,-87.05
2091,20.15,-87.04
2092,20.15,-87.03
2093,20.15,-87.02
2094,20.15,-87.01
2095,20.15,-87.0
2096,20.15,-86.99
2097,20.15,-86.98
2098,20.15,-86.97
2099,20.15,-86.96
2100,20.15,-86.95
2101,20.15,-86.94
2102,20.15,-86.93
2103,20.15,-86.92
2104,20.15,-86.91
2105,20.15,-86.9
2106,20.15,-86.89
2107,20.15,-86.88
2108,20.15,-86.87
2109,20.15,-86.86
2110,20.15,-86.85
2111,20.15,-86.84
2112,20.15,-86.83
2113,20.15,-86.82
2114,20.15,-86.81
2115,20.15,-86.8
2116,20.15,-86.79
2117,20.15,-86.78
2118,20.15,-86.77
2119,20.15,-86.76
2120,20.15,-86.75
2121,20.15,-86.74
2122,20.15,-86.73
2123,20.15,-86.72
2124,20.15,-86.71
2125,20.15,-86.7
2126,20.15,-86.69
2127,20.15,-86.68
2128,20.15,-86.67
2129,20.15,-86.66
2130,20.15,-86.65
2131,20.16,-87.45
2132,20.16,-87.44
2133,20.16,-87.43
2134,20.16,-87.42
2135,20.16,-87.41
2136,20.16,-87.4
2137,20.16,-87.39
2138,20.16,-87.38
2139,20.16,-87.37
2140,20.16,-87.36
2141,20.16,-87.35
2142,20.16,-87.34
2143,20.16,-87.33
2144,20.16,-87.32
2145,20.16,-87.31
2146,20.16,-87.3
2147,20.16,-87.29
2148,20.16,-87.28
2149,20.16,-87.27
2150,20.16,-87.26
2151,20.16,-87.25
2152,20.16,-87.24
2153,20.16,-87.23
2154,20.16,-87.22
2155,20.16,-87.21
2156,20.16,-87.2
2157,20.16,-87.19
2158,20.16,-87.18
2159,20.16,-87.17
2160,20.16,-87.16
2161,20.16,-87.15
2162,20.16,-87.14
2163,20.16,-87.13
2164,20.16,-87.12
2165,20.16,-87.11
2166,20.16,-87.1
2167,20.16,-87.09
2168,20.16,-87.08
2169,20.16,-87.07
2170,20.16,-87.06
2171,20.16,-87.05
2172,20.16,-87.04
2173,20.16,-87.03
2174,20.16,-87.02
2175,20.16,-87.01
2176,20.16,-87.0
2177,20.16,-86.99
2178,20.16,-86.98
2179,20.16,-86.97
2180,20.16,-86.96
2181,20.16,-86.95
2182,20.16,-86.94
2183,20.16,-86.93
2184,20.16,-86.92
2185,20.16,-86.91
2186,20.16,-86.9
2187,20.16,-86.89
2188,20.16,-86.88
2189,20.16,-86.87
2190,20.16,-86.86
2191,20.16,-86.85
2192,20.16,-86.84
2193,20.16,-86.83
2194,20.16,-86.82
2195,20.16,-86.81
2196,20.16,-86.8
2197,20.16,-86.79
2198,20.16,-86.78
2199,20.16,-86.77
2200,20.16,-86.76
2201,20.16,-86.75
2202,20.16,-86.74
2203,20.16,-86.73
2204,20.16,-86.72
2205,20.16,-86.71
2206,20.16,-86.7
2207,20.16,-86.69
2208,20.16,-86.68
2209,20.16,-86.67
2210,20.16,-86.66
2211,20.16,-86.65
2212,20.17,-87.44
2213,20.17,-87.43
2214,20.17,-87.42
2215,20.17,-87.41
2216,20.17,-87.4
2217,20.17,-87.39
2218,20.17,-87.38
2219,20.17,-87.37
2220,20.17,-87.36
2221,20.17,-87.35
2222,20.17,-87.34
2223,20.17,-87.33
2224,20.17,-87.32
2225,20.17,-87.31
2226,20.17,-87.3
2227,20.17,-87.29
2228,20.17,-87.28
2229,20.17,-87.27
2230,20.17,-87.26
2231,20.17,-87.25
2232,20.17,-87.24
2233,20.17,-87.23
2234,20.17,-87.22
2235,20.17,-87.21
2236,20.17,-87.2
2237,20.17,-87.19
2238,20.17,-87.18
2239,20.17,-87.17
2240,20.17,-87.16
2241,20.17,-87.15
2242,20.17,-87.14
2243,20.17,-87.13
2244,20.17,-87.12
2245,20.17,-87.11
2246,20.17,-87.1
2247,20.17,-87.09
2248,20.17,-87.08
2249,20.17,-87.07
2250,20.17,-87.06
2251,20.17,-87.05
2252,20.17,-87.04
2253,20.17,-87.03
2254,20.17,-87.02
2255,20.17,-87.01
2256,20.17,-87.0
2257,20.17,-86.99
2258,20.17,-86.98
2259,20.17,-86.97
2260,20.17,-86.96
2261,20.17,-86.95
2262,20.17,-86.94
2263,20.17,-86.93
2264,20.17,-86.92
2265,20.17,-86.91
2266,20.17,-86.9
2267,20.17,-86.89
2268,20.17,-86.88
2269,20.17,-86.87
2270,20.17,-86.86
2271,20.17,-86.85
2272,20.17,-86.84
2273,20.17,-86.83
2274,20.17,-86.82
2275,20.17,-86.81
2276,20.17,-86.8
2277,20.17,-86.79
2278,20.17,-86.78
2279,20.17,-86.77
2280,20.17,-86.76
2281,20.17,-86.75
2282,20.17,-86.74
2283,20.17,-86.73
2284,20.17,-86.72
2285,20.17,-86.71
2286,20.17,-86.7
2287,20.17,-86.69
2288,20.17,-86.68
2289,20.17,-86.67
2290,20.17,-86.66
2291,20.17,-86.65
2292,20.18,-87.44
2293,20.18,-87.43
2294,20.18,-87.42
2295,20.18,-87.41
2296,20.18,-87.4
2297,20.18,-87.39
2298,20.18,-87.38
2299,20.18,-87.37
2300,20.18,-87.36
2301,20.18,-87.35
2302,20.18,-87.34
2303,20.18,-87.33
2304,20.18,-87.32
2305,20.18,-87.31
2306,20.18,-87.3
2307,20.18,-87.29
2308,20.18,-87.28
2309,20.18,-87.27
2310,20.18,-87.26
2311,20.18,-87.25
2312,20.18,-87.24
2313,20.18,-87.23
2314,20.18,-87.22
2315,20.18,-87.21
2316,20.18,-87.2
2317,20.18,-87.19
2318,20.18,-87.18
2319,20.18,-87.17
2320,20.18,-87.16
2321,20.18,-87.15
2322,20.18,-87.14
2323,20.18,-87.13
2324,20.18,-87.12
2325,20.18,-87.11
2326,20.18,-87.1
2327,20.18,-87.09
2328,20.18,-87.08
2329,20.18,-87.07
2330,20.18,-87.06
2331,20.18,-87.05
2332,20.18,-87.04
2333,20.18,-87.03
2334,20.18,-87.02
2335,20.18,-87.01
2336,20.18,-87.0
2337,20.18,-86.99
2338,20.18,-86.98
2339,20.18,-86.97
2340,20.18,-86.96
2341,20.18,-86.95
2342,20.18,-86.94
2343,20.18,-86.93
2344,20.18,-86.92
2345,20.18,-86.91
2346,20.18,-86.9
2347,20.18,-86.89
2348,20.18,-86.88
2349,20.18,-86.87
2350,20.18,-86.86
2351,20.18,-86.85
2352,20.18,-86.84
2353,20.18,-86.83
2354,20.18,-86.82
2355,20.18,-86.81
2356,20.18,-86.8
2357,20.18,-86.79
2358,20.18,-86.78
2359,20.18,-86.77
2360,20.18,-86.76
2361,20.18,-86.75
2362,20.18,-86.74
2363,20.18,-86.73
2364,20.18,-86.72
2365,20.18,-86.71
2366,20.18,-86.7
2367,20.18,-86.69
2368,20.18,-86.68
2369,20.18,-86.67
2370,20.18,-86.66
2371,20.18,-86.65
2372,20.19,-87.43
2373,20.19,-87.42
2374,20.19,-87.41
2375,20.19,-87.4
2376,20.19,-87.39
2377,20.19,-87.38
2378,20.19,-87.37
2379,20.19,-87.36
2380,20.19,-87.35
2381,20.19,-87.34
2382,20.19,-87.33
2383,20.19,-87.32
2384,20.19,-87.31
2385,20.19,-87.3
2386,20.19,-87.29
2387,20.19,-87.28
2388,20.19,-87.27
2389,20.19,-87.26
2390,20.19,-87.25
2391,20.19,-87.24
2392,20.19,-87.23
2393,20.19,-87.22
2394,20.19,-87.21
2395,20.19,-87.2
2396,20.19,-87.19
2397,20.19,-87.18
2398,20.19,-87.17
2399,20.19,-87.16
2400,20.19,-87.15
2401,20.19,-87.14
2402,20.19,-87.13
2403,20.19,-87.12
2404,20.19,-87.11
2405,20.19,-87.1
2406,20.19,-87.09
2407,20.19,-87.08
2408,20.19,-87.07
2409,20.19,-87.06
2410,20.19,-87.05
2411,20.19,-87.04
2412,20.19,-87.03
2413,20.19,-87.02
2414,20.19,-87.01
2415,20.19,-87.0
2416,20.19,-86.99
2417,20.19,-86.98
2418,20.19,-86.97
2419,20.19,-86.96
2420,20.19,-86.95
2421,20.19,-86.94
2422,20.19,-86.93
2423,20.19,-86.92
2424,20.19,-86.91
2425,20.19,-86.9
2426,20.19,-86.89
2427,20.19,-86.88
2428,20.19,-86.87
2429,20.19,-86.86
2430,20.19,-86.85
2431,20.19,-86.84
2432,20.19,-86.83
2433,20.19,-86.82
2434,20.19,-86.81
2435,20.19,-86.8
2436,20.19,-86.79
2437,20.19,-86.78
2438,20.19,-86.77
2439,20.19,-86.76
2440,20.19,-86.75
2441,20.19,-86.74
2442,20.19,-86.73
2443,20.19,-86.72
2444,20.19,-86.71
2445,20.19,-86.7
2446,20.19,-86.69
2447,20.19,-86.68
2448,20.19,-86.67
2449,20.19,-86.66
2450,20.19,-86.65
2451,20.2,-87.43
2452,20.2,-87.42
2453,20.2,-87.41
2454,20.2,-87.4
2455,20.2,-87.39
2456,20.2,-87.38
2457,20.2,-87.37
2458,20.2,-87.36
2459,20.2,-87.35
2460,20.2,-87.34
2461,20.2,-87.33
2462,20.2,-87.32
2463,20.2,-87.31
2464,20.2,-87.3
2465,20.2,-87.29
2466,20.2,-87.28
2467,20.2,-87.27
2468,20.2,-87.26
2469,20.2,-87.25
2470,20.2,-87.24
2471,20.2,-87.23
2472,20.2,-87.22
2473,20.2,-87.21
2474,20.2,-87.2
2475,20.2,-87.19
2476,20.2,-87.18
2477,20.2,-87.17
2478,20.2,-87.16
2479,20.2,-87.15
2480,20.2,-87.14
2481,20.2,-87.13
2482,20.2,-87.12
2483,20.2,-87.11
2484,20.2,-87.1
2485,20.2,-87.09
2486,20.2,-87.08
2487,20.2,-87.07
2488,20.2,-87.06
2489,20.2,-87.05
2490,20.2,-87.04
2491,20.2,-87.03
2492,20.2,-87.02
2493,20.2,-87.01
2494,20.2,-87.0
2495,20.2,-86.99
2496,20.2,-86.98
2497,20.2,-86.97
2498,20.2,-86.96
2499,20.2,-86.95
2500,20.2,-86.94
2501,20.2,-86.93
2502,20.2,-86.92
2503,20.2,-86.91
2504,20.2,-86.9
2505,20.2,-86.89
2506,20.2,-86.88
2507,20.2,-86.87
2508,20.2,-86.86
2509,20.2,-86.85
2510,20.2,-86.84
2511,20.2,-86.83
2512,20.2,-86.82
2513,20.2,-86.81
2514,20.2,-86.8
2515,20.2,-86.79
2516,20.2,-86.78
2517,20.2,-86.77
2518,20.2,-86.76
2519,20.2,-86.75
2520,20.2,-86.74
2521,20.2,-86.73
2522,20.2,-86.72
2523,20.2,-86.71
2524,20.2,-86.7
2525,20.2,-86.69
2526,20.2,-86.68
2527,20.2,-86.67
2528,20.2,-86.66
2529,20.2,-86.65
2530,20.21,-87.42
2531,20.21,-87.41
2532,20.21,-87.4
2533,20.21,-87.39
2534,20.21,-87.38
2535,20.21,-87.37
2536,20.21,-87.36
2537,20.21,-87.35
2538,20.21,-87.34
2539,20.21,-87.33
2540,20.21,-87.32
2541,20.21,-87.31
2542,20.21,-87.3
2543,20.21,-87.29
2544,20.21,-87.28
2545,20.21,-87.27
2546,20.21,-87.26
2547,20.21,-87.25
2548,20.21,-87.24
2549,20.21,-87.23
2550,20.21,-87.22
2551,20.21,-87.21
2552,20.21,-87.2
2553,20.21,-87.19
2554,20.21,-87.18
2555,20.21,-87.17
2556,20.21,-87.16
2557,20.21,-87.15
2558,20.21,-87.14
2559,20.21,-87.13
2560,20.21,-87.12
2561,20.21,-87.11
2562,20.21,-87.1
2563,20.21,-87.09
2564,20.21,-87.08
2565,20.21,-87.07
2566,20.21,-87.06
2567,20.21,-87.05
2568,20.21,-87.04
2569,20.21,-87.03
2570,20.21,-87.02
2571,20.21,-87.01
2572,20.21,-87.0
2573,20.21,-86.99
2574,20.21,-86.98
2575,20.21,-86.97
2576,20.21,-86.96
2577,20.21,-86.95
2578,20.21,-86.94
2579,20.21,-86.93
2580,20.21,-86.92
2581,20.21,-86.91
2582,20.21,-86.9
2583,20.21,-86.89
2584,20.21,-86.88
2585,20.21,-86.87
2586,20.21,-86.86
2587,20.21,-86.85
2588,20.21,-86.84
2589,20.21,-86.83
2590,20.21,-86.82
2591,20.21,-86.81
2592,20.21,-86.8
2593,20.21,-86.79
2594,20.21,-86.78
2595,20.21,-86.77
2596,20.21,-86.76
2597,20.21,-86.75
2598,20.21,-86.74
2599,20.21,-86.73
2600,20.21,-86.72
2601,20.21,-86.71
2602,20.21,-86.7
2603,20.21,-86.69
2604,20.21,-86.68
2605,20.21,-86.67
2606,20.21,-86.66
2607,20.21,-86.65
2608,20.22,-87.42
2609,20.22,-87.41
2610,20.22,-87.4
2611,20.22,-87.39
2612,20.22,-87.38
2613,20.22,-87.37
2614,20.22,-87.36
2615,20.22,-87.35
2616,20.22,-87.34
2617,20.22,-87.33
2618,20.22,-87.32
2619,20.22,-87.31
2620,20.22,-87.3
2621,20.22,-87.29
2622,20.22,-87.28
2623,20.22,-87.27
2624,20.22,-87.26
2625,20.22,-87.25
2626,20.22,-87.24
2627,20.22,-87.23
2628,20.22,-87.22
2629,20.22,-87.21
2630,20.22,-87.2
2631,20.22,-87.19
2632,20.22,-87.18
2633,20.22,-87.17
2634,20.22,-87.16
2635,20.22,-87.15
2636,20.22,-87.14
2637,20.22,-87.13
2638,20.22,-87.12
2639,20.22,-87.11
2640,20.22,-87.1
2641,20.22,-87.09
2642,20.22,-87.08
2643,20.22,-87.07
2644,20.22,-87.06
2645,20.22,-87.05
2646,20.22,-87.04
2647,20.22,-87.03
2648,20.22,-87.02
2649,20.22,-87.01
2650,20.22,-87.0
2651,20.22,-86.99
2652,20.22,-86.98
2653,20.22,-86.97
2654,20.22,-86.96
2655,20.22,-86.95
2656,20.22,-86.94
2657,20.22,-86.93
2658,20.22,-86.92
2659,20.22,-86.91
2660,20.22,-86.9
2661,20.22,-86.89
2662,20.22,-86.88
2663,20.22,-86.87
2664,20.22,-86.86
2665,20.22,-86.85
2666,20.22,-86.84
2667,20.22,-86.83
2668,20.22,-86.82
2669,20.22,-86.81
2670,20.22,-86.8
2671,20.22,-86.79
2672,20.22,-86.78
2673,20.22,-86.77
2674,20.22,-86.76
2675,20.22,-86.75
2676,20.22,-86.74
2677,20.22,-86.73
2678,20.22,-86.72
2679,20.22,-86.71
2680,20.22,-86.7
2681,20.22,-86.69
2682,20.22,-86.68
2683,20.22,-86.67
2684,20.22,-86.66
2685,20.22,-86.65
2686,20.23,-87.41
2687,20.23,-87.4
2688,20.23,-87.39
2689,20.23,-87.38
2690,20.23,-87.37
2691,20.23,-87.36
2692,20.23,-87.35
2693,20.23,-87.34
2694,20.23,-87.33
2695,20.23,-87.32
2696,20.23,-87.31
2697,20.23,-87.3
2698,20.23,-87.29
2699,20.23,-87.28
2700,20.23,-87.27
2701,20.23,-87.26
2702,20.23,-87.25
2703,20.23,-87.24
2704,20.23,-87.23
2705,20.23,-87.22
2706,20.23,-87.21
2707,20.23,-87.2
2708,20.23,-87.19
2709,20.23,-87.18
2710,20.23,-87.17
2711,20.23,-87.16
2712,20.23,-87.15
2713,20.23,-87.14
2714,20.23,-87.13
2715,20.23,-87.12
2716,20.23,-87.11
2717,20.23,-87.1
2718,20.23,-87.09
2719,20.23,-87.08
2720,20.23,-87.07
2721,20.23,-87.06
2722,20.23,-87.05
2723,20.23,-87.04
2724,20.23,-87.03
2725,20.23,-87.02
2726,20.23,-87.01
2727,20.23,-87.0
2728,20.23,-86.99
2729,20.23,-86.98
2730,20.23,-86.97
2731,20.23,-86.96
2732,20.23,-86.95
2733,20.23,-86.94
2734,20.23,-86.93
2735,20.23,-86.92
2736,20.23,-86.91
2737,20.23,-86.9
2738,20.23,-86.89
2739,20.23,-86.88
2740,20.23,-86.87
2741,20.23,-86.86
2742,20.23,-86.85
2743,20.23,-86.84
2744,20.23,-86.83
2745,20.23,-86.82
2746,20.23,-86.81
2747,20.23,-86.8
2748,20.23,-86.79
2749,20.23,-86.78
2750,20.23,-86.77
2751,20.23,-86.76
2752,20.23,-86.75
2753,20.23,-86.74
2754,20.23,-86.73
2755,20.23,-86.72
2756,20.23,-86.71
2757,20.23,-86.7
2758,20.23,-86.69
2759,20.23,-86.68
2760,20.23,-86.67
2761,20.23,-86.66
2762,20.23,-86.65
2763,20.24,-87.41
2764,20.24,-87.4
2765,20.24,-87.39
2766,20.24,-87.38
2767,20.24,-87.37
2768,20.24,-87.36
2769,20.24,-87.35
2770,20.24,-87.34
2771,20.24,-87.33
2772,20.24,-87.32
2773,20.24,-87.31
2774,20.24,-87.3
2775,20.24,-87.29
2776,20.24,-87.28
2777,20.24,-87.27
2778,20.24,-87.26
2779,20.24,-87.25
2780,20.24,-87.24
2781,20.24,-87.23
2782,20.24,-87.22
2783,20.24,-87.21
2784,20.24,-87.2
2785,20.24,-87.19
2786,20.24,-87.18
2787,20.24,-87.17
2788,20.24,-87.16
2789,20.24,-87.15
2790,20.24,-87.14
2791,20.24,-87.13
2792,20.24,-87.12
2793,20.24,-87.11
2794,20.24,-87.1
2795,20.24,-87.09
2796,20.24,-87.08
2797,20.24,-87.07
2798,20.24,-87.06
2799,20.24,-87.05
2800,20.24,-87.04
2801,20.24,-87.03
2802,20.24,-87.02
2803,20.24,-87.01
2804,20.24,-87.0
2805,20.24,-86.99
2806,20.24,-86.98
2807,20.24,-86.97
2808,20.24,-86.96
2809,20.24,-86.95
2810,20.24,-86.94
2811,20.24,-86.93
2812,20.24,-86.92
2813,20.24,-86.91
2814,20.24,-86.9
2815,20.24,-86.89
2816,20.24,-86.88
2817,20.24,-86.87
2818,20.24,-86.86
2819,20.24,-86.85
2820,20.24,-86.84
2821,20.24,-86.83
2822,20.24,-86.82
2823,20.24,-86.81
2824,20.24,-86.8
2825,20.24,-86.79
2826,20.24,-86.78
2827,20.24,-86.77
2828,20.24,-86.76
2829,20.24,-86.75
2830,20.24,-86.74
2831,20.24,-86.73
2832,20.24,-86.72
2833,20.24,-86.71
2834,20.24,-86.7
2835,20.24,-86.69
2836,20.24,-86.68
2837,20.24,-86.67
2838,20.24,-86.66
2839,20.24,-86.65
2840,20.25,-87.4
2841,20.25,-87.39
2842,20.25,-87.38
2843,20.25,-87.37
2844,20.25,-87.36
2845,20.25,-87.35
2846,20.25,-87.34
2847,20.25,-87.33
2848,20.25,-87.32
2849,20.25,-87.31
2850,20.25,-87.3
2851,20.25,-87.29
2852,20.25,-87.28
2853,20.25,-87.27
2854,20.25,-87.26
2855,20.25,-87.25
2856,20.25,-87.24
2857,20.25,-87.23
2858,20.25,-87.22
2859,20.25,-87.21
2860,20.25,-87.2
2861,20.25,-87.19
2862,20.25,-87.18
2863,20.25,-87.17
2864,20.25,-87.16
2865,20.25,-87.15
2866,20.25,-87.14
2867,20.25,-87.13
2868,20.25,-87.12
2869,20.25,-87.11
2870,20.25,-87.1
2871,20.25,-87.09
2872,20.25,-87.08
2873,20.25,-87.07
2874,20.25,-87.06
2875,20.25,-87.05
2876,20.25,-87.04
2877,20.25,-87.03
2878,20.25,-87.02
2879,20.25,-87.01
2880,20.25,-87.0
2881,20.25,-86.99
2882,20.25,-86.98
2883,20.25,-86.97
2884,20.25,-86.96
2885,20.25,-86.95
2886,20.25,-86.94
2887,20.25,-86.93
2888,20.25,-86.92
2889,20.25,-86.91
2890,20.25,-86.9
2891,20.25,-86.89
2892,20.25,-86.88
2893,20.25,-86.87
2894,20.25,-86.86
2895,20.25,-86.85
2896,20.25,-86.84
2897,20.25,-86.83
2898,20.25,-86.82
2899,20.25,-86.81
2900,20.25,-86.8
2901,20.25,-86.79
2902,20.25,-86.78
2903,20.25,-86.77
2904,20.25,-86.76
2905,20.25,-86.75
2906,20.25,-86.74
2907,20.25,-86.73
2908,20.25,-86.72
2909,20.25,-86.71
2910,20.25,-86.7
2911,20.25,-86.69
2912,20.25,-86.68
2913,20.25,-86.67
2914,20.25,-86.66
2915,20.25,-86.65
2916,20.26,-87.39
2917,20.26,-87.38
2918,20.26,-87.37
2919,20.26,-87.36
2920,20.26,-87.35
2921,20.26,-87.34
2922,20.26,-87.33
2923,20.26,-87.32
2924,20.26,-87.31
2925,20.26,-87.3
2926,20.26,-87.29
2927,20.26,-87.28
2928,20.26,-87.27
2929,20.26,-87.26
2930,20.26,-87.25
2931,20.26,-87.24
2932,20.26,-87.23
2933,20.26,-87.22
2934,20.26,-87.21
2935,20.26,-87.2
2936,20.26,-87.19
2937,20.26,-87.18
2938,20.26,-87.17
2939,20.26,-87.16
2940,20.26,-87.15
2941,20.26,-87.14
2942,20.26,-87.13
2943,20.26,-87.12
2944,20.26,-87.11
2945,20.26,-87.1
2946,20.26,-87.09
2947,20.26,-87.08
2948,20.26,-87.07
2949,20.26,-87.06
2950,20.26,-87.05
2951,20.26,-87.04
2952,20.26,-87.03
2953,20.26,-87.02
2954,20.26,-87.01
2955,20.26,-87.0
2956,20.26,-86.99
2957,20.26,-86.98
2958,20.26,-86.97
2959,20.26,-86.96
2960,20.26,-86.95
2961,20.26,-86.94
2962,20.26,-86.93
2963,20.26,-86.92
2964,20.26,-86.91
2965,20.26,-86.9
2966,20.26,-86.89
2967,20.26,-86.88
2968,20.26,-86.87
2969,20.26,-86.86
2970,20.26,-86.85
2971,20.26,-86.84
2972,20.26,-86.83
2973,20.26,-86.82
2974,20.26,-86.81
2975,20.26,-86.8
2976,20.26,-86.79
2977,20.26,-86.78
2978,20.26,-86.77
2979,20.26,-86.76
2980,20.26,-86.75
2981,20.26,-86.74
2982,20.26,-86.73
2983,20.26,-86.72
2984,20.26,-86.71
2985,20.26,-86.7
2986,20.26,-86.69
2987,20.26,-86.68
2988,20.26,-86.67
2989,20.26,-86.66
2990,20.26,-86.65
2991,20.27,-87.38
2992,20.27,-87.37
2993,20.27,-87.36
2994,20.27,-87.35
2995,20.27,-87.34
2996,20.27,-87.33
2997,20.27,-87.32
2998,20.27,-87.31
2999,20.27,-87.3
3000,20.27,-87.29
3001,20.27,-87.28
3002,20.27,-87.27
3003,20.27,-87.26
3004,20.27,-87.25
3005,20.27,-87.24
3006,20.27,-87.23
3007,20.27,-87.22
3008,20.27,-87.21
3009,20.27,-87.2
3010,20.27,-87.19
3011,20.27,-87.18
3012,20.27,-87.17
3013,20.27,-87.16
3014,20.27,-87.15
3015,20.27,-87.14
3016,20.27,-87.13
3017,20.27,-87.12
3018,20.27,-87.11
3019,20.27,-87.1
3020,20.27,-87.09
3021,20.27,-87.08
3022,20.27,-87.07
3023,20.27,-87.06
3024,20.27,-87.05
3025,20.27,-87.04
3026,20.27,-87.03
3027,20.27,-87.02
3028,20.27,-87.01
3029,20.27,-87.0
3030,20.27,-86.99
3031,20.27,-86.98
3032,20.27,-86.97
3033,20.27,-86.96
3034,20.27,-86.95
3035,20.27,-86.94
3036,20.27,-86.93
3037,20.27,-86.92
3038,20.27,-86.91
3039,20.27,-86.9
3040,20.27,-86.89
3041,20.27,-86.88
3042,20.27,-86.87
3043,20.27,-86.86
3044,20.27,-86.85
3045,20.27,-86.84
3046,20.27,-86.83
3047,20.27,-86.82
3048,20.27,-86.81
3049,20.27,-86.8
3050,20.27,-86.79
3051,20.27,-86.78
3052,20.27,-86.77
3053,20.27,-86.76
3054,20.27,-86.75
3055,20.27,-86.74
3056,20.27,-86.73
3057,20.27,-86.72
3058,20.27,-86.71
3059,20.27,-86.7
3060,20.27,-86.69
3061,20.27,-86.68
3062,20.27,-86.67
3063,20.27,-86.66
3064,20.27,-86.65
3065,20.28,-87.37
3066,20.28,-87.36
3067,20.28,-87.35
3068,20.28,-87.34
3069,20.28,-87.33
3070,20.28,-87.32
3071,20.28,-87.31
3072,20.28,-87.3
3073,20.28,-87.29
3074,20.28,-87.28
3075,20.28,-87.27
3076,20.28,-87.26
3077,20.28,-87.25
3078,20.28,-87.24
3079,20.28,-87.23
3080,20.28,-87.22
3081,20.28,-87.21
3082,20.28,-87.2
3083,20.28,-87.19
3084,20.28,-87.18
3085,20.28,-87.17
3086,20.28,-87.16
3087,20.28,-87.15
3088,20.28,-87.14
3089,20.28,-87.13
3090,20.28,-87.12
3091,20.28,-87.11
3092,20.28,-87.1
3093,20.28,-87.09
3094,20.28,-87.08
3095,20.28,-87.07
3096,20.28,-87.06
3097,20.28,-87.05
3098,20.28,-87.04
3099,20.28,-87.03
3100,20.28,-87.02
3101,20.28,-87.01
3102,20.28,-87.0
3103,20.28,-86.98
3104,20.28,-86.97
3105,20.28,-86.96
3106,20.28,-86.95
3107,20.28,-86.94
3108,20.28,-86.93
3109,20.28,-86.92
3110,20.28,-86.91
3111,20.28,-86.9
3112,20.28,-86.89
3113,20.28,-86.88
3114,20.28,-86.87
3115,20.28,-86.86
3116,20.28,-86.85
3117,20.28,-86.84
3118,20.28,-86.83
3119,20.28,-86.82
3120,20.28,-86.81
3121,20.28,-86.8
3122,20.28,-86.79
3123,20.28,-86.78
3124,20.28,-86.77
3125,20.28,-86.76
3126,20.28,-86.75
3127,20.28,-86.74
3128,20.28,-86.73
3129,20.28,-86.72
3130,20.28,-86.71
3131,20.28,-86.7
3132,20.28,-86.69
3133,20.28,-86.68
3134,20.28,-86.67
3135,20.28,-86.66
3136,20.28,-86.65
3137,20.29,-87.36
3138,20.29,-87.35
3139,20.29,-87.34
3140,20.29,-87.33
3141,20.29,-87.32
3142,20.29,-87.31
3143,20.29,-87.3
3144,20.29,-87.29
3145,20.29,-87.28
3146,20.29,-87.27
3147,20.29,-87.26
3148,20.29,-87.25
3149,20.29,-87.24
3150,20.29,-87.23
3151,20.29,-87.22
3152,20.29,-87.21
3153,20.29,-87.2
3154,20.29,-87.19
3155,20.29,-87.18
3156,20.29,-87.17
3157,20.29,-87.16
3158,20.29,-87.15
3159,20.29,-87.14
3160,20.29,-87.13
3161,20.29,-87.12
3162,20.29,-87.11
3163,20.29,-87.1
3164,20.29,-87.09
3165,20.29,-87.08
3166,20.29,-87.07
3167,20.29,-87.06
3168,20.29,-87.05
3169,20.29,-87.04
3170,20.29,-87.03
3171,20.29,-87.02
3172,20.29,-87.01
3173,20.29,-87.0
3174,20.29,-86.99
3175,20.29,-86.96
3176,20.29,-86.95
3177,20.29,-86.94
3178,20.29,-86.93
3179,20.29,-86.92
3180,20.29,-86.91
3181,20.29,-86.9
3182,20.29,-86.89
3183,20.29,-86.88
3184,20.29,-86.87
3185,20.29,-86.86
3186,20.29,-86.85
3187,20.29,-86.84
3188,20.29,-86.83
3189,20.29,-86.82
3190,20.29,-86.81
3191,20.29,-86.8
3192,20.29,-86.79
3193,20.29,-86.78
3194,20.29,-86.77
3195,20.29,-86.76
3196,20.29,-86.75
3197,20.29,-86.74
3198,20.29,-86.73
3199,20.29,-86.72
3200,20.29,-86.71
3201,20.29,-86.7
3202,20.29,-86.69
3203,20.29,-86.68
3204,20.29,-86.67
3205,20.29,-86.66
3206,20.29,-86.65
3207,20.3,-87.36
3208,20.3,-87.35
3209,20.3,-87.34
3210,20.3,-87.33
3211,20.3,-87.32
3212,20.3,-87.31
3213,20.3,-87.3
3214,20.3,-87.29
3215,20.3,-87.28
3216,20.3,-87.27
3217,20.3,-87.26
3218,20.3,-87.25
3219,20.3,-87.24
3220,20.3,-87.23
3221,20.3,-87.22
3222,20.3,-87.21
3223,20.3,-87.2
3224,20.3,-87.19
3225,20.3,-87.18
3226,20.3,-87.17
3227,20.3,-87.16
3228,20.3,-87.15
3229,20.3,-87.14
3230,20.3,-87.13
3231,20.3,-87.12
3232,20.3,-87.11
3233,20.3,-87.1
3234,20.3,-87.09
3235,20.3,-87.08
3236,20.3,-87.07
3237,20.3,-87.06
3238,20.3,-87.05
3239,20.3,-87.04
3240,20.3,-87.03
3241,20.3,-87.02
3242,20.3,-87.01
3243,20.3,-87.0
3244,20.3,-86.99
3245,20.3,-86.94
3246,20.3,-86.93
3247,20.3,-86.92
3248,20.3,-86.91
3249,20.3,-86.9
3250,20.3,-86.89
3251,20.3,-86.88
3252,20.3,-86.87
3253,20.3,-86.86
3254,20.3,-86.85
3255,20.3,-86.84
3256,20.3,-86.83
3257,20.3,-86.82
3258,20.3,-86.81
3259,20.3,-86.8
3260,20.3,-86.79
3261,20.3,-86.78
3262,20.3,-86.77
3263,20.3,-86.76
3264,20.3,-86.75
3265,20.3,-86.74
3266,20.3,-86.73
3267,20.3,-86.72
3268,20.3,-86.71
3269,20.3,-86.7
3270,20.3,-86.69
3271,20.3,-86.68
3272,20.3,-86.67
3273,20.3,-86.66
3274,20.3,-86.65
3275,20.31,-87.35
3276,20.31,-87.34
3277,20.31,-87.33
3278,20.31,-87.32
3279,20.31,-87.31
3280,20.31,-87.3
3281,20.31,-87.29
3282,20.31,-87.28
3283,20.31,-87.27
3284,20.31,-87.26
3285,20.31,-87.25
3286,20.31,-87.24
3287,20.31,-87.23
3288,20.31,-87.22
3289,20.31,-87.21
3290,20.31,-87.2
3291,20.31,-87.19
3292,20.31,-87.18
3293,20.31,-87.17
3294,20.31,-87.16
3295,20.31,-87.15
3296,20.31,-87.14
3297,20.31,-87.13
3298,20.31,-87.12
3299,20.31,-87.11
3300,20.31,-87.1
3301,20.31,-87.09
3302,20.31,-87.08
3303,20.31,-87.07
3304,20.31,-87.06
3305,20.31,-87.05
3306,20.31,-87.04
3307,20.31,-87.03
3308,20.31,-87.02
3309,20.31,-87.01
3310,20.31,-87.0
3311,20.31,-86.93
3312,20.31,-86.92
3313,20.31,-86.91
3314,20.31,-86.9
3315,20.31,-86.89
3316,20.31,-86.88
3317,20.31,-86.87
3318,20.31,-86.86
3319,20.31,-86.85
3320,20.31,-86.84
3321,20.31,-86.83
3322,20.31,-86.82
3323,20.31,-86.81
3324,20.31,-86.8
3325,20.31,-86.79
3326,20.31,-86.78
3327,20.31,-86.77
3328,20.31,-86.76
3329,20.31,-86.75
3330,20.31,-86.74
3331,20.31,-86.73
3332,20.31,-86.72
3333,20.31,-86.71
3334,20.31,-86.7
3335,20.31,-86.69
3336,20.31,-86.68
3337,20.31,-86.67
3338,20.31,-86.66
3339,20.31,-86.65
3340,20.32,-87.35
3341,20.32,-87.34
3342,20.32,-87.33
3343,20.32,-87.32
3344,20.32,-87.31
3345,20.32,-87.3
3346,20.32,-87.29
3347,20.32,-87.28
3348,20.32,-87.27
3349,20.32,-87.26
3350,20.32,-87.25
3351,20.32,-87.24
3352,20.32,-87.23
3353,20.32,-87.22
3354,20.32,-87.21
3355,20.32,-87.2
3356,20.32,-87.19
3357,20.32,-87.18
3358,20.32,-87.17
3359,20.32,-87.16
3360,20.32,-87.15
3361,20.32,-87.14
3362,20.32,-87.13
3363,20.32,-87.12
3364,20.32,-87.11
3365,20.32,-87.1
3366,20.32,-87.09
3367,20.32,-87.08
3368,20.32,-87.07
3369,20.32,-87.06
3370,20.32,-87.05
3371,20.32,-87.04
3372,20.32,-87.03
3373,20.32,-87.02
3374,20.32,-87.01
3375,20.32,-86.92
3376,20.32,-86.91
3377,20.32,-86.9
3378,20.32,-86.89
3379,20.32,-86.88
3380,20.32,-86.87
3381,20.32,-86.86
3382,20.32,-86.85
3383,20.32,-86.84
3384,20.32,-86.83
3385,20.32,-86.82
3386,20.32,-86.81
3387,20.32,-86.8
3388,20.32,-86.79
3389,20.32,-86.78
3390,20.32,-86.77
3391,20.32,-86.76
3392,20.32,-86.75
3393,20.32,-86.74
3394,20.32,-86.73
3395,20.32,-86.72
3396,20.32,-86.71
3397,20.32,-86.7
3398,20.32,-86.69
3399,20.32,-86.68
3400,20.32,-86.67
3401,20.32,-86.66
3402,20.32,-86.65
3403,20.33,-87.35
3404,20.33,-87.34
3405,20.33,-87.33
3406,20.33,-87.32
3407,20.33,-87.31
3408,20.33,-87.3
3409,20.33,-87.29
3410,20.33,-87.28
3411,20.33,-87.27
3412,20.33,-87.26
3413,20.33,-87.25
3414,20.33,-87.24
3415,20.33,-87.23
3416,20.33,-87.22
3417,20.33,-87.21
3418,20.33,-87.2
3419,20.33,-87.19
3420,20.33,-87.18
3421,20.33,-87.17
3422,20.33,-87.16
3423,20.33,-87.15
3424,20.33,-87.14
3425,20.33,-87.13
3426,20.33,-87.12
3427,20.33,-87.11
3428,20.33,-87.1
3429,20.33,-87.09
3430,20.33,-87.08
3431,20.33,-87.07
3432,20.33,-87.06
3433,20.33,-87.05
3434,20.33,-87.04
3435,20.33,-87.03
3436,20.33,-87.02
3437,20.33,-87.01
3438,20.33,-86.91
3439,20.33,-86.9
3440,20.33,-86.89
3441,20.33,-86.88
3442,20.33,-86.87
3443,20.33,-86.86
3444,20.33,-86.85
3445,20.33,-86.84
3446,20.33,-86.83
3447,20.33,-86.82
3448,20.33,-86.81
3449,20.33,-86.8
3450,20.33,-86.79
3451,20.33,-86.78
3452,20.33,-86.77
3453,20.33,-86.76
3454,20.33,-86.75
3455,20.33,-86.74
3456,20.33,-86.73
3457,20.33,-86.72
3458,20.33,-86.71
3459,20.33,-86.7
3460,20.33,-86.69
3461,20.33,-86.68
3462,20.33,-86.67
3463,20.33,-86.66
3464,20.33,-86.65
3465,20.34,-87.34
3466,20.34,-87.33
3467,20.34,-87.32
3468,20.34,-87.31
3469,20.34,-87.3
3470,20.34,-87.29
3471,20.34,-87.28
3472,20.34,-87.27
3473,20.34,-87.26
3474,20.34,-87.25
3475,20.34,-87.24
3476,20.34,-87.23
3477,20.34,-87.22
3478,20.34,-87.21
3479,20.34,-87.2
3480,20.34,-87.19
3481,20.34,-87.18
3482,20.34,-87.17
3483,20.34,-87.16
3484,20.34,-87.15
3485,20.34,-87.14
3486,20.34,-87.13
3487,20.34,-87.12
3488,20.34,-87.11
3489,20.34,-87.1
3490,20.34,-87.09
3491,20.34,-87.08
3492,20.34,-87.07
3493,20.34,-87.06
3494,20.34,-87.05
3495,20.34,-87.04
3496,20.34,-87.03
3497,20.34,-87.02
3498,20.34,-86.9
3499,20.34,-86.89
3500,20.34,-86.88
3501,20.34,-86.87
3502,20.34,-86.86
3503,20.34,-86.85
3504,20.34,-86.84
3505,20.34,-86.83
3506,20.34,-86.82
3507,20.34,-86.81
3508,20.34,-86.8
3509,20.34,-86.79
3510,20.34,-86.78
3511,20.34,-86.77
3512,20.34,-86.76
3513,20.34,-86.75
3514,20.34,-86.74
3515,20.34,-86.73
3516,20.34,-86.72
3517,20.34,-86.71
3518,20.34,-86.7
3519,20.34,-86.69
3520,20.34,-86.68
3521,20.34,-86.67
3522,20.34,-86.66
3523,20.34,-86.65
3524,20.35,-87.33
3525,20.35,-87.32
3526,20.35,-87.31
3527,20.35,-87.3
3528,20.35,-87.29
3529,20.35,-87.28
3530,20.35,-87.27
3531,20.35,-87.26
3532,20.35,-87.25
3533,20.35,-87.24
3534,20.35,-87.23
3535,20.35,-87.22
3536,20.35,-87.21
3537,20.35,-87.2
3538,20.35,-87.19
3539,20.35,-87.18
3540,20.35,-87.17
3541,20.35,-87.16
3542,20.35,-87.15
3543,20.35,-87.14
3544,20.35,-87.13
3545,20.35,-87.12
3546,20.35,-87.11
3547,20.35,-87.1
3548,20.35,-87.09
3549,20.35,-87.08
3550,20.35,-87.07
3551,20.35,-87.06
3552,20.35,-87.05
3553,20.35,-87.04
3554,20.35,-87.03
3555,20.35,-87.02
3556,20.35,-86.89
3557,20.35,-86.88
3558,20.35,-86.87
3559,20.35,-86.86
3560,20.35,-86.85
3561,20.35,-86.84
3562,20.35,-86.83
3563,20.35,-86.82
3564,20.35,-86.81
3565,20.35,-86.8
3566,20.35,-86.79
3567,20.35,-86.78
3568,20.35,-86.77
3569,20.35,-86.76
3570,20.35,-86.75
3571,20.35,-86.74
3572,20.35,-86.73
3573,20.35,-86.72
3574,20.35,-86.71
3575,20.35,-86.7
3576,20.35,-86.69
3577,20.35,-86.68
3578,20.35,-86.67
3579,20.35,-86.66
3580,20.35,-86.65
3581,20.36,-87.33
3582,20.36,-87.32
3583,20.36,-87.31
3584,20.36,-87.3
3585,20.36,-87.29
3586,20.36,-87.28
3587,20.36,-87.27
3588,20.36,-87.26
3589,20.36,-87.25
3590,20.36,-87.24
3591,20.36,-87.23
3592,20.36,-87.22
3593,20.36,-87.21
3594,20.36,-87.2
3595,20.36,-87.19
3596,20.36,-87.18
3597,20.36,-87.17
3598,20.36,-87.16
3599,20.36,-87.15
3600,20.36,-87.14
3601,20.36,-87.13
3602,20.36,-87.12
3603,20.36,-87.11
3604,20.36,-87.1
3605,20.36,-87.09
3606,20.36,-87.08
3607,20.36,-87.07
3608,20.36,-87.06
3609,20.36,-87.05
3610,20.36,-87.04
3611,20.36,-87.03
3612,20.36,-87.02
3613,20.36,-86.88
3614,20.36,-86.87
3615,20.36,-86.86
3616,20.36,-86.85
3617,20.36,-86.84
3618,20.36,-86.83
3619,20.36,-86.82
3620,20.36,-86.81
3621,20.36,-86.8
3622,20.36,-86.79
3623,20.36,-86.78
3624,20.36,-86.77
3625,20.36,-86.76
3626,20.36,-86.75
3627,20.36,-86.74
3628,20.36,-86.73
3629,20.36,-86.72
3630,20.36,-86.71
3631,20.36,-86.7
3632,20.36,-86.69
3633,20.36,-86.68
3634,20.36,-86.67
3635,20.36,-86.66
3636,20.36,-86.65
3637,20.37,-87.32
3638,20.37,-87.31
3639,20.37,-87.3
3640,20.37,-87.29
3641,20.37,-87.28
3642,20.37,-87.27
3643,20.37,-87.26
3644,20.37,-87.25
3645,20.37,-87.24
3646,20.37,-87.23
3647,20.37,-87.22
3648,20.37,-87.21
3649,20.37,-87.2
3650,20.37,-87.19
3651,20.37,-87.18
3652,20.37,-87.17
3653,20.37,-87.16
3654,20.37,-87.15
3655,20.37,-87.14
3656,20.37,-87.13
3657,20.37,-87.12
3658,20.37,-87.11
3659,20.37,-87.1
3660,20.37,-87.09
3661,20.37,-87.08
3662,20.37,-87.07
3663,20.37,-87.06
3664,20.37,-87.05
3665,20.37,-87.04
3666,20.37,-87.03
3667,20.37,-87.02
3668,20.37,-86.88
3669,20.37,-86.87
3670,20.37,-86.86
3671,20.37,-86.85
3672,20.37,-86.84
3673,20.37,-86.83
3674,20.37,-86.82
3675,20.37,-86.81
3676,20.37,-86.8
3677,20.37,-86.79
3678,20.37,-86.78
3679,20.37,-86.77
3680,20.37,-86.76
3681,20.37,-86.75
3682,20.37,-86.74
3683,20.37,-86.73
3684,20.37,-86.72
3685,20.37,-86.71
3686,20.37,-86.7
3687,20.37,-86.69
3688,20.37,-86.68
3689,20.37,-86.67
3690,20.37,-86.66
3691,20.37,-86.65
3692,20.38,-87.32
3693,20.38,-87.31
3694,20.38,-87.3
3695,20.38,-87.29
3696,20.38,-87.28
3697,20.38,-87.27
3698,20.38,-87.26
3699,20.38,-87.25
3700,20.38,-87.24
3701,20.38,-87.23
3702,20.38,-87.22
3703,20.38,-87.21
3704,20.38,-87.2
3705,20.38,-87.19
3706,20.38,-87.18
3707,20.38,-87.17
3708,20.38,-87.16
3709,20.38,-87.15
3710,20.38,-87.14
3711,20.38,-87.13
3712,20.38,-87.12
3713,20.38,-87.11
3714,20.38,-87.1
3715,20.38,-87.09
3716,20.38,-87.08
3717,20.38,-87.07
3718,20.38,-87.06
3719,20.38,-87.05
3720,20.38,-87.04
3721,20.38,-87.03
3722,20.38,-87.02
3723,20.38,-86.87
3724,20.38,-86.86
3725,20.38,-86.85
3726,20.38,-86.84
3727,20.38,-86.83
3728,20.38,-86.82
3729,20.38,-86.81
3730,20.38,-86.8
3731,20.38,-86.79
3732,20.38,-86.78
3733,20.38,-86.77
3734,20.38,-86.76
3735,20.38,-86.75
3736,20.38,-86.74
3737,20.38,-86.73
3738,20.38,-86.72
3739,20.38,-86.71
3740,20.38,-86.7
3741,20.38,-86.69
3742,20.38,-86.68
3743,20.38,-86.67
3744,20.38,-86.66
3745,20.38,-86.65
3746,20.39,-87.31
3747,20.39,-87.3
3748,20.39,-87.29
3749,20.39,-87.28
3750,20.39,-87.27
3751,20.39,-87.26
3752,20.39,-87.25
3753,20.39,-87.24
3754,20.39,-87.23
3755,20.39,-87.22
3756,20.39,-87.21
3757,20.39,-87.2
3758,20.39,-87.19
3759,20.39,-87.18
3760,20.39,-87.17
3761,20.39,-87.16
3762,20.39,-87.15
3763,20.39,-87.14
3764,20.39,-87.13
3765,20.39,-87.12
3766,20.39,-87.11
3767,20.39,-87.1
3768,20.39,-87.09
3769,20.39,-87.08
3770,20.39,-87.07
3771,20.39,-87.06
3772,20.39,-87.05
3773,20.39,-87.04
3774,20.39,-87.03
3775,20.39,-87.02
3776,20.39,-86.86
3777,20.39,-86.85
3778,20.39,-86.84
3779,20.39,-86.83
3780,20.39,-86.82
3781,20.39,-86.81
3782,20.39,-86.8
3783,20.39,-86.79
3784,20.39,-86.78
3785,20.39,-86.77
3786,20.39,-86.76
3787,20.39,-86.75
3788,20.39,-86.74
3789,20.39,-86.73
3790,20.39,-86.72
3791,20.39,-86.71
3792,20.39,-86.7
3793,20.39,-86.69
3794,20.39,-86.68
3795,20.39,-86.67
3796,20.39,-86.66
3797,20.39,-86.65
3798,20.4,-87.3
3799,20.4,-87.29
3800,20.4,-87.28
3801,20.4,-87.27
3802,20.4,-87.26
3803,20.4,-87.25
3804,20.4,-87.24
3805,20.4,-87.23
3806,20.4,-87.22
3807,20.4,-87.21
3808,20.4,-87.2
3809,20.4,-87.19
3810,20.4,-87.18
3811,20.4,-87.17
3812,20.4,-87.16
3813,20.4,-87.15
3814,20.4,-87.14
3815,20.4,-87.13
3816,20.4,-87.12
3817,20.4,-87.11
3818,20.4,-87.1
3819,20.4,-87.09
3820,20.4,-87.08
3821,20.4,-87.07
3822,20.4,-87.06
3823,20.4,-87.05
3824,20.4,-87.04
3825,20.4,-87.03
3826,20.4,-87.02
3827,20.4,-86.86
3828,20.4,-86.85
3829,20.4,-86.84
3830,20.4,-86.83
3831,20.4,-86.82
3832,20.4,-86.81
3833,20.4,-86.8
3834,20.4,-86.79
3835,20.4,-86.78
3836,20.4,-86.77
3837,20.4,-86.76
3838,20.4,-86.75
3839,20.4,-86.74
3840,20.4,-86.73
3841,20.4,-86.72
3842,20.4,-86.71
3843,20.4,-86.7
3844,20.4,-86.69
3845,20.4,-86.68
3846,20.4,-86.67
3847,20.4,-86.66
3848,20.4,-86.65
3849,20.41,-87.3
3850,20.41,-87.29
3851,20.41,-87.28
3852,20.41,-87.27
3853,20.41,-87.26
3854,20.41,-87.25
3855,20.41,-87.24
3856,20.41,-87.23
3857,20.41,-87.22
3858,20.41,-87.21
3859,20.41,-87.2
3860,20.41,-87.19
3861,20.41,-87.18
3862,20.41,-87.17
3863,20.41,-87.16
3864,20.41,-87.15
3865,20.41,-87.14
3866,20.41,-87.13
3867,20.41,-87.12
3868,20.41,-87.11
3869,20.41,-87.1
3870,20.41,-87.09
3871,20.41,-87.08
3872,20.41,-87.07
3873,20.41,-87.06
3874,20.41,-87.05
3875,20.41,-87.04
3876,20.41,-87.03
3877,20.41,-87.02
3878,20.41,-87.01
3879,20.41,-86.85
3880,20.41,-86.84
3881,20.41,-86.83
3882,20.41,-86.82
3883,20.41,-86.81
3884,20.41,-86.8
3885,20.41,-86.79
3886,20.41,-86.78
3887,20.41,-86.77
3888,20.41,-86.76
3889,20.41,-86.75
3890,20.41,-86.74
3891,20.41,-86.73
3892,20.41,-86.72
3893,20.41,-86.71
3894,20.41,-86.7
3895,20.41,-86.69
3896,20.41,-86.68
3897,20.41,-86.67
3898,20.41,-86.66
3899,20.41,-86.65
3900,20.42,-87.29
3901,20.42,-87.28
3902,20.42,-87.27
3903,20.42,-87.26
3904,20.42,-87.25
3905,20.42,-87.24
3906,20.42,-87.23
3907,20.42,-87.22
3908,20.42,-87.21
3909,20.42,-87.2
3910,20.42,-87.19
3911,20.42,-87.18
3912,20.42,-87.17
3913,20.42,-87.16
3914,20.42,-87.15
3915,20.42,-87.14
3916,20.42,-87.13
3917,20.42,-87.12
3918,20.42,-87.11
3919,20.42,-87.1
3920,20.42,-87.09
3921,20.42,-87.08
3922,20.42,-87.07
3923,20.42,-87.06
3924,20.42,-87.05
3925,20.42,-87.04
3926,20.42,-87.03
3927,20.42,-87.02
3928,20.42,-87.01
3929,20.42,-86.84
3930,20.42,-86.83
3931,20.42,-86.82
3932,20.42,-86.81
3933,20.42,-86.8
3934,20.42,-86.79
3935,20.42,-86.78
3936,20.42,-86.77
3937,20.42,-86.76
3938,20.42,-86.75
3939,20.42,-86.74
3940,20.42,-86.73
3941,20.42,-86.72
3942,20.42,-86.71
3943,20.42,-86.7
3944,20.42,-86.69
3945,20.42,-86.68
3946,20.42,-86.67
3947,20.42,-86.66
3948,20.42,-86.65
3949,20.43,-87.28
3950,20.43,-87.27
3951,20.43,-87.26
3952,20.43,-87.25
3953,20.43,-87.24
3954,20.43,-87.23
3955,20.43,-87.22
3956,20.43,-87.21
3957,20.43,-87.2
3958,20.43,-87.19
3959,20.43,-87.18
3960,20.43,-87.17
3961,20.43,-87.16
3962,20.43,-87.15
3963,20.43,-87.14
3964,20.43,-87.13
3965,20.43,-87.12
3966,20.43,-87.11
3967,20.43,-87.1
3968,20.43,-87.09
3969,20.43,-87.08
3970,20.43,-87.07
3971,20.43,-87.06
3972,20.43,-87.05
3973,20.43,-87.04
3974,20.43,-87.03
3975,20.43,-87.02
3976,20.43,-87.01
3977,20.43,-87.0
3978,20.43,-86.83
3979,20.43,-86.82
3980,20.43,-86.81
3981,20.43,-86.8
3982,20.43,-86.79
3983,20.43,-86.78
3984,20.43,-86.77
3985,20.43,-86.76
3986,20.43,-86.75
3987,20.43,-86.74
3988,20.43,-86.73
3989,20.43,-86.72
3990,20.43,-86.71
3991,20.43,-86.7
3992,20.43,-86.69
3993,20.43,-86.68
3994,20.43,-86.67
3995,20.43,-86.66
3996,20.43,-86.65
3997,20.44,-87.28
3998,20.44,-87.27
3999,20.44,-87.26
4000,20.44,-87.25
4001,20.44,-87.24
4002,20.44,-87.23
4003,20.44,-87.22
4004,20.44,-87.21
4005,20.44,-87.2
4006,20.44,-87.19
4007,20.44,-87.18
4008,20.44,-87.17
4009,20.44,-87.16
4010,20.44,-87.15
4011,20.44,-87.14
4012,20.44,-87.13
4013,20.44,-87.12
4014,20.44,-87.11
4015,20.44,-87.1
4016,20.44,-87.09
4017,20.44,-87.08
4018,20.44,-87.07
4019,20.44,-87.06
4020,20.44,-87.05
4021,20.44,-87.04
4022,20.44,-87.03
4023,20.44,-87.02
4024,20.44,-87.01
4025,20.44,-87.0
4026,20.44,-86.83
4027,20.44,-86.82
4028,20.44,-86.81
4029,20.44,-86.8
4030,20.44,-86.79
4031,20.44,-86.78
4032,20.44,-86.77
4033,20.44,-86.76
4034,20.44,-86.75
4035,20.44,-86.74
4036,20.44,-86.73
4037,20.44,-86.72
4038,20.44,-86.71
4039,20.44,-86.7
4040,20.44,-86.69
4041,20.44,-86.68
4042,20.44,-86.67
4043,20.44,-86.66
4044,20.44,-86.65
4045,20.45,-87.28
4046,20.45,-87.27
4047,20.45,-87.26
4048,20.45,-87.25
4049,20.45,-87.24
4050,20.45,-87.23
4051,20.45,-87.22
4052,20.45,-87.21
4053,20.45,-87.2
4054,20.45,-87.19
4055,20.45,-87.18
4056,20.45,-87.17
4057,20.45,-87.16
4058,20.45,-87.15
4059,20.45,-87.14
4060,20.45,-87.13
4061,20.45,-87.12
4062,20.45,-87.11
4063,20.45,-87.1
4064,20.45,-87.09
4065,20.45,-87.08
4066,20.45,-87.07
4067,20.45,-87.06
4068,20.45,-87.05
4069,20.45,-87.04
4070,20.45,-87.03
4071,20.45,-87.02
4072,20.45,-87.01
4073,20.45,-87.0
4074,20.45,-86.99
4075,20.45,-86.81
4076,20.45,-86.8
4077,20.45,-86.79
4078,20.45,-86.78
4079,20.45,-86.77
4080,20.45,-86.76
4081,20.45,-86.75
4082,20.45,-86.74
4083,20.45,-86.73
4084,20.45,-86.72
4085,20.45,-86.71
4086,20.45,-86.7
4087,20.45,-86.69
4088,20.45,-86.68
4089,20.45,-86.67
4090,20.45,-86.66
4091,20.45,-86.65
4092,20.46,-87.26
4093,20.46,-87.25
4094,20.46,-87.24
4095,20.46,-87.23
4096,20.46,-87.22
4097,20.46,-87.21
4098,20.46,-87.2
4099,20.46,-87.19
4100,20.46,-87.18
4101,20.46,-87.17
4102,20.46,-87.16
4103,20.46,-87.15
4104,20.46,-87.14
4105,20.46,-87.13
4106,20.46,-87.12
4107,20.46,-87.11
4108,20.46,-87.1
4109,20.46,-87.09
4110,20.46,-87.08
4111,20.46,-87.07
4112,20.46,-87.06
4113,20.46,-87.05
4114,20.46,-87.04
4115,20.46,-87.03
4116,20.46,-87.02
4117,20.46,-87.01
4118,20.46,-87.0
4119,20.46,-86.99
4120,20.46,-86.98
4121,20.46,-86.8
4122,20.46,-86.79
4123,20.46,-86.78
4124,20.46,-86.77
4125,20.46,-86.76
4126,20.46,-86.75
4127,20.46,-86.74
4128,20.46,-86.73
4129,20.46,-86.72
4130,20.46,-86.71
4131,20.46,-86.7
4132,20.46,-86.69
4133,20.46,-86.68
4134,20.46,-86.67
4135,20.46,-86.66
4136,20.46,-86.65
4137,20.47,-87.25
4138,20.47,-87.24
4139,20.47,-87.23
4140,20.47,-87.22
4141,20.47,-87.21
4142,20.47,-87.2
4143,20.47,-87.19
4144,20.47,-87.18
4145,20.47,-87.17
4146,20.47,-87.16
4147,20.47,-87.15
4148,20.47,-87.14
4149,20.47,-87.13
4150,20.47,-87.12
4151,20.47,-87.11
4152,20.47,-87.1
4153,20.47,-87.09
4154,20.47,-87.08
4155,20.47,-87.07
4156,20.47,-87.06
4157,20.47,-87.05
4158,20.47,-87.04
4159,20.47,-87.03
4160,20.47,-87.02
4161,20.47,-87.01
4162,20.47,-87.0
4163,20.47,-86.99
4164,20.47,-86.98
4165,20.47,-86.97
4166,20.47,-86.79
4167,20.47,-86.78
4168,20.47,-86.77
4169,20.47,-86.76
4170,20.47,-86.75
4171,20.47,-86.74
4172,20.47,-86.73
4173,20.47,-86.72
4174,20.47,-86.71
4175,20.47,-86.7
4176,20.47,-86.69
4177,20.47,-86.68
4178,20.47,-86.67
4179,20.47,-86.66
4180,20.47,-86.65
4181,20.48,-87.24
4182,20.48,-87.23
4183,20.48,-87.22
4184,20.48,-87.21
4185,20.48,-87.2
4186,20.48,-87.19
4187,20.48,-87.18
4188,20.48,-87.17
4189,20.48,-87.16
4190,20.48,-87.15
4191,20.48,-87.14
4192,20.48,-87.13
4193,20.48,-87.12
4194,20.48,-87.11
4195,20.48,-87.1
4196,20.48,-87.09
4197,20.48,-87.08
4198,20.48,-87.07
4199,20.48,-87.06
4200,20.48,-87.05
4201,20.48,-87.04
4202,20.48,-87.03
4203,20.48,-87.02
4204,20.48,-87.01
4205,20.48,-87.0
4206,20.48,-86.99
4207,20.48,-86.98
4208,20.48,-86.97
4209,20.48,-86.78
4210,20.48,-86.77
4211,20.48,-86.76
4212,20.48,-86.75
4213,20.48,-86.74
4214,20.48,-86.73
4215,20.48,-86.72
4216,20.48,-86.71
4217,20.48,-86.7
4218,20.48,-86.69
4219,20.48,-86.68
4220,20.48,-86.67
4221,20.48,-86.66
4222,20.48,-86.65
4223,20.49,-87.23
4224,20.49,-87.22
4225,20.49,-87.21
4226,20.49,-87.2
4227,20.49,-87.19
4228,20.49,-87.18
4229,20.49,-87.17
4230,20.49,-87.16
4231,20.49,-87.15
4232,20.49,-87.14
4233,20.49,-87.13
4234,20.49,-87.12
4235,20.49,-87.11
4236,20.49,-87.1
4237,20.49,-87.09
4238,20.49,-87.08
4239,20.49,-87.07
4240,20.49,-87.06
4241,20.49,-87.05
4242,20.49,-87.04
4243,20.49,-87.03
4244,20.49,-87.02
4245,20.49,-87.01
4246,20.49,-87.0
4247,20.49,-86.99
4248,20.49,-86.98
4249,20.49,-86.97
4250,20.49,-86.77
4251,20.49,-86.76
4252,20.49,-86.75
4253,20.49,-86.74
4254,20.49,-86.73
4255,20.49,-86.72
4256,20.49,-86.71
4257,20.49,-86.7
4258,20.49,-86.69
4259,20.49,-86.68
4260,20.49,-86.67
4261,20.49,-86.66
4262,20.49,-86.65
4263,20.5,-87.22
4264,20.5,-87.21
4265,20.5,-87.2
4266,20.5,-87.19
4267,20.5,-87.18
4268,20.5,-87.17
4269,20.5,-87.16
4270,20.5,-87.15
4271,20.5,-87.14
4272,20.5,-87.13
4273,20.5,-87.12
4274,20.5,-87.11
4275,20.5,-87.1
4276,20.5,-87.09
4277,20.5,-87.08
4278,20.5,-87.07
4279,20.5,-87.06
4280,20.5,-87.05
4281,20.5,-87.04
4282,20.5,-87.03
4283,20.5,-87.02
4284,20.5,-87.01
4285,20.5,-87.0
4286,20.5,-86.99
4287,20.5,-86.98
4288,20.5,-86.97
4289,20.5,-86.96
4290,20.5,-86.76
4291,20.5,-86.75
4292,20.5,-86.74
4293,20.5,-86.73
4294,20.5,-86.72
4295,20.5,-86.71
4296,20.5,-86.7
4297,20.5,-86.69
4298,20.5,-86.68
4299,20.5,-86.67
4300,20.5,-86.66
4301,20.5,-86.65
4302,20.51,-87.2
4303,20.51,-87.19
4304,20.51,-87.18
4305,20.51,-87.17
4306,20.51,-87.16
4307,20.51,-87.15
4308,20.51,-87.14
4309,20.51,-87.13
4310,20.51,-87.12
4311,20.51,-87.11
4312,20.51,-87.1
4313,20.51,-87.09
4314,20.51,-87.08
4315,20.51,-87.07
4316,20.51,-87.06
4317,20.51,-87.05
4318,20.51,-87.04
4319,20.51,-87.03
4320,20.51,-87.02
4321,20.51,-87.01
4322,20.51,-87.0
4323,20.51,-86.99
4324,20.51,-86.98
4325,20.51,-86.97
4326,20.51,-86.96
4327,20.51,-86.95
4328,20.51,-86.76
4329,20.51,-86.75
4330,20.51,-86.74
4331,20.51,-86.73
4332,20.51,-86.72
4333,20.51,-86.71
4334,20.51,-86.7
4335,20.51,-86.69
4336,20.51,-86.68
4337,20.51,-86.67
4338,20.51,-86.66
4339,20.51,-86.65
4340,20.52,-87.19
4341,20.52,-87.18
4342,20.52,-87.17
4343,20.52,-87.16
4344,20.52,-87.15
4345,20.52,-87.14
4346,20.52,-87.13
4347,20.52,-87.12
4348,20.52,-87.11
4349,20.52,-87.1
4350,20.52,-87.09
4351,20.52,-87.08
4352,20.52,-87.07
4353,20.52,-87.06
4354,20.52,-87.05
4355,20.52,-87.04
4356,20.52,-87.03
4357,20.52,-87.02
4358,20.52,-87.01
4359,20.52,-87.0
4360,20.52,-86.99
4361,20.52,-86.98
4362,20.52,-86.97
4363,20.52,-86.96
4364,20.52,-86.95
4365,20.52,-86.94
4366,20.52,-86.76
4367,20.52,-86.75
4368,20.52,-86.74
4369,20.52,-86.73
4370,20.52,-86.72
4371,20.52,-86.71
4372,20.52,-86.7
4373,20.52,-86.69
4374,20.52,-86.68
4375,20.52,-86.67
4376,20.52,-86.66
4377,20.52,-86.65
4378,20.53,-87.18
4379,20.53,-87.17
4380,20.53,-87.16
4381,20.53,-87.15
4382,20.53,-87.14
4383,20.53,-87.13
4384,20.53,-87.12
4385,20.53,-87.11
4386,20.53,-87.1
4387,20.53,-87.09
4388,20.53,-87.08
4389,20.53,-87.07
4390,20.53,-87.06
4391,20.53,-87.05
4392,20.53,-87.04
4393,20.53,-87.03
4394,20.53,-87.02
4395,20.53,-87.01
4396,20.53,-87.0
4397,20.53,-86.99
4398,20.53,-86.98
4399,20.53,-86.97
4400,20.53,-86.96
4401,20.53,-86.95
4402,20.53,-86.94
4403,20.53,-86.75
4404,20.53,-86.74
4405,20.53,-86.73
4406,20.53,-86.72
4407,20.53,-86.71
4408,20.53,-86.7
4409,20.53,-86.69
4410,20.53,-86.68
4411,20.53,-86.67
4412,20.53,-86.66
4413,20.53,-86.65
4414,20.54,-87.16
4415,20.54,-87.15
4416,20.54,-87.14
4417,20.54,-87.13
4418,20.54,-87.12
4419,20.54,-87.11
4420,20.54,-87.1
4421,20.54,-87.09
4422,20.54,-87.08
4423,20.54,-87.07
4424,20.54,-87.06
4425,20.54,-87.05
4426,20.54,-87.04
4427,20.54,-87.03
4428,20.54,-87.02
4429,20.54,-87.01
4430,20.54,-87.0
4431,20.54,-86.99
4432,20.54,-86.98
4433,20.54,-86.97
4434,20.54,-86.96
4435,20.54,-86.95
4436,20.54,-86.94
4438,20.54,-86.83
4439,20.54,-86.82
4440,20.54,-86.75
4441,20.54,-86.74
4442,20.54,-86.73
4443,20.54,-86.72
4444,20.54,-86.71
4445,20.54,-86.7
4446,20.54,-86.69
4447,20.54,-86.68
4448,20.54,-86.67
4449,20.54,-86.66
4450,20.54,-86.65
4451,20.55,-87.14
4452,20.55,-87.13
4453,20.55,-87.12
4454,20.55,-87.11
4455,20.55,-87.1
4456,20.55,-87.09
4457,20.55,-87.08
4458,20.55,-87.07
4459,20.55,-87.06
4460,20.55,-87.05
4461,20.55,-87.04
4462,20.55,-87.03
4463,20.55,-87.02
4464,20.55,-87.01
4465,20.55,-87.0
4466,20.55,-86.99
4467,20.55,-86.98
4468,20.55,-86.97
4469,20.55,-86.96
4470,20.55,-86.95
4471,20.55,-86.94
4473,20.55,-86.88
4474,20.55,-86.87
4475,20.55,-86.86
4476,20.55,-86.85
4477,20.55,-86.84
4478,20.55,-86.83
4479,20.55,-86.82
4480,20.55,-86.81
4481,20.55,-86.79
4482,20.55,-86.78
4483,20.55,-86.77
4484,20.55,-86.74
4485,20.55,-86.73
4486,20.55,-86.72
4487,20.55,-86.71
4488,20.55,-86.7
4489,20.55,-86.69
4490,20.55,-86.68
4491,20.55,-86.67
4492,20.55,-86.66
4493,20.55,-86.65
4494,20.56,-87.13
4495,20.56,-87.12
4496,20.56,-87.11
4497,20.56,-87.1
4498,20.56,-87.09
4499,20.56,-87.08
4500,20.56,-87.07
4501,20.56,-87.06
4502,20.56,-87.05
4503,20.56,-87.04
4504,20.56,-87.03
4505,20.56,-87.02
4506,20.56,-87.01
4507,20.56,-87.0
4508,20.56,-86.99
4509,20.56,-86.98
4510,20.56,-86.97
4511,20.56,-86.96
4512,20.56,-86.95
4513,20.56,-86.94
4514,20.56,-86.91
4515,20.56,-86.9
4516,20.56,-86.88
4517,20.56,-86.87
4518,20.56,-86.86
4519,20.56,-86.85
4520,20.56,-86.84
4521,20.56,-86.83
4522,20.56,-86.82
4523,20.56,-86.81
4524,20.56,-86.8
4525,20.56,-86.79
4526,20.56,-86.78
4527,20.56,-86.77
4528,20.56,-86.76
4529,20.56,-86.73
4530,20.56,-86.72
4531,20.56,-86.71
4532,20.56,-86.7
4533,20.56,-86.69
4534,20.56,-86.68
4535,20.56,-86.67
4536,20.56,-86.66
4537,20.56,-86.65
4538,20.57,-87.12
4539,20.57,-87.11
4540,20.57,-87.1
4541,20.57,-87.09
4542,20.57,-87.08
4543,20.57,-87.07
4544,20.57,-87.06
4545,20.57,-87.05
4546,20.57,-87.04
4547,20.57,-87.03
4548,20.57,-87.02
4549,20.57,-87.01
4550,20.57,-87.0
4551,20.57,-86.99
4552,20.57,-86.98
4553,20.57,-86.97
4554,20.57,-86.96
4555,20.57,-86.95
4556,20.57,-86.94
4557,20.57,-86.93
4558,20.57,-86.92
4559,20.57,-86.91
4560,20.57,-86.9
4561,20.57,-86.89
4562,20.57,-86.88
4563,20.57,-86.87
4564,20.57,-86.86
4565,20.57,-86.85
4566,20.57,-86.84
4567,20.57,-86.83
4568,20.57,-86.82
4569,20.57,-86.81
4570,20.57,-86.8
4571,20.57,-86.79
4572,20.57,-86.78
4573,20.57,-86.77
4574,20.57,-86.76
4575,20.57,-86.75
4576,20.57,-86.73
4577,20.57,-86.72
4578,20.57,-86.71
4579,20.57,-86.7
4580,20.57,-86.69
4581,20.57,-86.68
4582,20.57,-86.67
4583,20.57,-86.66
4584,20.57,-86.65
4585,20.58,-87.11
4586,20.58,-87.1
4587,20.58,-87.09
4588,20.58,-87.08
4589,20.58,-87.07
4590,20.58,-87.06
4591,20.58,-87.05
4592,20.58,-87.04
4593,20.58,-87.03
4594,20.58,-87.02
4595,20.58,-87.01
4596,20.58,-87.0
4597,20.58,-86.99
4598,20.58,-86.98
4599,20.58,-86.97
4600,20.58,-86.96
4601,20.58,-86.95
4602,20.58,-86.94
4603,20.58,-86.93
4604,20.58,-86.92
4605,20.58,-86.91
4606,20.58,-86.9
4607,20.58,-86.89
4608,20.58,-86.88
4609,20.58,-86.87
4610,20.58,-86.86
4611,20.58,-86.85
4612,20.58,-86.84
4613,20.58,-86.83
4614,20.58,-86.82
4615,20.58,-86.81
4616,20.58,-86.8
4617,20.58,-86.79
4618,20.58,-86.78
4619,20.58,-86.77
4620,20.58,-86.76
4621,20.58,-86.75
4622,20.58,-86.74
4623,20.58,-86.73
4624,20.58,-86.72
4625,20.58,-86.71
4626,20.58,-86.7
4627,20.58,-86.69
4628,20.58,-86.68
4629,20.58,-86.67
4630,20.58,-86.66
4631,20.58,-86.65
4632,20.59,-87.09
4633,20.59,-87.08
4634,20.59,-87.07
4635,20.59,-87.06
4636,20.59,-87.05
4637,20.59,-87.04
4638,20.59,-87.03
4639,20.59,-87.02
4640,20.59,-87.01
4641,20.59,-87.0
4642,20.59,-86.99
4643,20.59,-86.98
4644,20.59,-86.97
4645,20.59,-86.96
4646,20.59,-86.95
4647,20.59,-86.94
4648,20.59,-86.93
4649,20.59,-86.92
4650,20.59,-86.91
4651,20.59,-86.9
4652,20.59,-86.89
4653,20.59,-86.88
4654,20.59,-86.87
4655,20.59,-86.86
4656,20.59,-86.85
4657,20.59,-86.84
4658,20.59,-86.83
4659,20.59,-86.82
4660,20.59,-86.81
4661,20.59,-86.8
4662,20.59,-86.79
4663,20.59,-86.78
4664,20.59,-86.77
4665,20.59,-86.76
4666,20.59,-86.75
4667,20.59,-86.74
4668,20.59,-86.73
4669,20.59,-86.72
4670,20.59,-86.71
4671,20.59,-86.7
4672,20.59,-86.69
4673,20.59,-86.68
4674,20.59,-86.67
4675,20.59,-86.66
4676,20.59,-86.65
4677,20.6,-87.08
4678,20.6,-87.07
4679,20.6,-87.06
4680,20.6,-87.05
4681,20.6,-87.04
4682,20.6,-87.03
4683,20.6,-87.02
4684,20.6,-87.01
4685,20.6,-87.0
4686,20.6,-86.99
4687,20.6,-86.98
4688,20.6,-86.97
4689,20.6,-86.96
4690,20.6,-86.95
4691,20.6,-86.94
4692,20.6,-86.93
4693,20.6,-86.92
4694,20.6,-86.91
4695,20.6,-86.9
4696,20.6,-86.89
4697,20.6,-86.88
4698,20.6,-86.87
4699,20.6,-86.86
4700,20.6,-86.85
4701,20.6,-86.84
4702,20.6,-86.83
4703,20.6,-86.82
4704,20.6,-86.81
4705,20.6,-86.8
4706,20.6,-86.79
4707,20.6,-86.78
4708,20.6,-86.77
4709,20.6,-86.76
4710,20.6,-86.75
4711,20.6,-86.74
4712,20.6,-86.73
4713,20.6,-86.72
4714,20.6,-86.71
4715,20.6,-86.7
4716,20.6,-86.69
4717,20.6,-86.68
4718,20.6,-86.67
4719,20.6,-86.66
4720,20.6,-86.65
4721,20.61,-87.08
4722,20.61,-87.07
4723,20.61,-87.06
4724,20.61,-87.05
4725,20.61,-87.04
4726,20.61,-87.03
4727,20.61,-87.02
4728,20.61,-87.01
4729,20.61,-87.0
4730,20.61,-86.99
4731,20.61,-86.98
4732,20.61,-86.97
4733,20.61,-86.96
4734,20.61,-86.95
4735,20.61,-86.94
4736,20.61,-86.93
4737,20.61,-86.92
4738,20.61,-86.91
4739,20.61,-86.9
4740,20.61,-86.89
4741,20.61,-86.88
4742,20.61,-86.87
4743,20.61,-86.86
4744,20.61,-86.85
4745,20.61,-86.84
4746,20.61,-86.83
4747,20.61,-86.82
4748,20.61,-86.81
4749,20.61,-86.8
4750,20.61,-86.79
4751,20.61,-86.78
4752,20.61,-86.77
4753,20.61,-86.76
4754,20.61,-86.75
4755,20.61,-86.74
4756,20.61,-86.73
4757,20.61,-86.72
4758,20.61,-86.71
4759,20.61,-86.7
4760,20.61,-86.69
4761,20.61,-86.68
4762,20.61,-86.67
4763,20.61,-86.66
4764,20.61,-86.65
4765,20.62,-87.07
4766,20.62,-87.06
4767,20.62,-87.05
4768,20.62,-87.04
4769,20.62,-87.03
4770,20.62,-87.02
4771,20.62,-87.01
4772,20.62,-87.0
4773,20.62,-86.99
4774,20.62,-86.98
4775,20.62,-86.97
4776,20.62,-86.96
4777,20.62,-86.95
4778,20.62,-86.94
4779,20.62,-86.93
4780,20.62,-86.92
4781,20.62,-86.91
4782,20.62,-86.9
4783,20.62,-86.89
4784,20.62,-86.88
4785,20.62,-86.87
4786,20.62,-86.86
4787,20.62,-86.85
4788,20.62,-86.84
4789,20.62,-86.83
4790,20.62,-86.82
4791,20.62,-86.81
4792,20.62,-86.8
4793,20.62,-86.79
4794,20.62,-86.78
4795,20.62,-86.77
4796,20.62,-86.76
4797,20.62,-86.75
4798,20.62,-86.74
4799,20.62,-86.73
4800,20.62,-86.72
4801,20.62,-86.71
4802,20.62,-86.7
4803,20.62,-86.69
4804,20.62,-86.68
4805,20.62,-86.67
4806,20.62,-86.66
4807,20.62,-86.65
4808,20.63,-87.06
4809,20.63,-87.05
4810,20.63,-87.04
4811,20.63,-87.03
4812,20.63,-87.02
4813,20.63,-87.01
4814,20.63,-87.0
4815,20.63,-86.99
4816,20.63,-86.98
4817,20.63,-86.97
4818,20.63,-86.96
4819,20.63,-86.95
4820,20.63,-86.94
4821,20.63,-86.93
4822,20.63,-86.92
4823,20.63,-86.91
4824,20.63,-86.9
4825,20.63,-86.89
4826,20.63,-86.88
4827,20.63,-86.87
4828,20.63,-86.86
4829,20.63,-86.85
4830,20.63,-86.84
4831,20.63,-86.83
4832,20.63,-86.82
4833,20.63,-86.81
4834,20.63,-86.8
4835,20.63,-86.79
4836,20.63,-86.78
4837,20.63,-86.77
4838,20.63,-86.76
4839,20.63,-86.75
4840,20.63,-86.74
4841,20.63,-86.73
4842,20.63,-86.72
4843,20.63,-86.71
4844,20.63,-86.7
4845,20.63,-86.69
4846,20.63,-86.68
4847,20.63,-86.67
4848,20.63,-86.66
4849,20.63,-86.65
4850,20.64,-87.05
4851,20.64,-87.04
4852,20.64,-87.03
4853,20.64,-87.02
4854,20.64,-87.01
4855,20.64,-87.0
4856,20.64,-86.99
4857,20.64,-86.98
4858,20.64,-86.97
4859,20.64,-86.96
4860,20.64,-86.95
4861,20.64,-86.94
4862,20.64,-86.93
4863,20.64,-86.92
4864,20.64,-86.91
4865,20.64,-86.9
4866,20.64,-86.89
4867,20.64,-86.88
4868,20.64,-86.87
4869,20.64,-86.86
4870,20.64,-86.85
4871,20.64,-86.84
4872,20.64,-86.83
4873,20.64,-86.82
4874,20.64,-86.81
4875,20.64,-86.8
4876,20.64,-86.79
4877,20.64,-86.78
4878,20.64,-86.77
4879,20.64,-86.76
4880,20.64,-86.75
4881,20.64,-86.74
4882,20.64,-86.73
4883,20.64,-86.72
4884,20.64,-86.71
4885,20.64,-86.7
4886,20.64,-86.69
4887,20.64,-86.68
4888,20.64,-86.67
4889,20.64,-86.66
4890,20.64,-86.65
4891,20.65,-87.04
4892,20.65,-87.03
4893,20.65,-87.02
4894,20.65,-87.01
4895,20.65,-87.0
4896,20.65,-86.99
4897,20.65,-86.98
4898,20.65,-86.97
4899,20.65,-86.96
4900,20.65,-86.95
4901,20.65,-86.94
4902,20.65,-86.93
4903,20.65,-86.92
4904,20.65,-86.91
4905,20.65,-86.9
4906,20.65,-86.89
4907,20.65,-86.88
4908,20.65,-86.87
4909,20.65,-86.86
4910,20.65,-86.85
4911,20.65,-86.84
4912,20.65,-86.83
4913,20.65,-86.82
4914,20.65,-86.81
4915,20.65,-86.8
4916,20.65,-86.79
4917,20.65,-86.78
4918,20.65,-86.77
4919,20.65,-86.76
4920,20.65,-86.75
4921,20.65,-86.74
4922,20.65,-86.73
4923,20.65,-86.72
4924,20.65,-86.71
4925,20.65,-86.7
4926,20.65,-86.69
4927,20.65,-86.68
4928,20.65,-86.67
4929,20.65,-86.66
4930,20.65,-86.65
4931,20.66,-87.03
4932,20.66,-87.02
4933,20.66,-87.01
4934,20.66,-87.0
4935,20.66,-86.99
4936,20.66,-86.98
4937,20.66,-86.97
4938,20.66,-86.96
4939,20.66,-86.95
4940,20.66,-86.94
4941,20.66,-86.93
4942,20.66,-86.92
4943,20.66,-86.91
4944,20.66,-86.9
4945,20.66,-86.89
4946,20.66,-86.88
4947,20.66,-86.87
4948,20.66,-86.86
4949,20.66,-86.85
4950,20.66,-86.84
4951,20.66,-86.83
4952,20.66,-86.82
4953,20.66,-86.81
4954,20.66,-86.8
4955,20.66,-86.79
4956,20.66,-86.78
4957,20.66,-86.77
4958,20.66,-86.76
4959,20.66,-86.75
4960,20.66,-86.74
4961,20.66,-86.73
4962,20.66,-86.72
4963,20.66,-86.71
4964,20.66,-86.7
4965,20.66,-86.69
4966,20.66,-86.68
4967,20.66,-86.67
4968,20.66,-86.66
4969,20.66,-86.65
4970,20.67,-87.02
4971,20.67,-87.01
4972,20.67,-87.0
4973,20.67,-86.99
4974,20.67,-86.98
4975,20.67,-86.97
4976,20.67,-86.96
4977,20.67,-86.95
4978,20.67,-86.94
4979,20.67,-86.93
4980,20.67,-86.92
4981,20.67,-86.91
4982,20.67,-86.9
4983,20.67,-86.89
4984,20.67,-86.88
4985,20.67,-86.87
4986,20.67,-86.86
4987,20.67,-86.85
4988,20.67,-86.84
4989,20.67,-86.83
4990,20.67,-86.82
4991,20.67,-86.81
4992,20.67,-86.8
4993,20.67,-86.79
4994,20.67,-86.78
4995,20.67,-86.77
4996,20.67,-86.76
4997,20.67,-86.75
4998,20.67,-86.74
4999,20.67,-86.73
5000,20.67,-86.72
5001,20.67,-86.71
5002,20.67,-86.7
5003,20.67,-86.69
5004,20.67,-86.68
5005,20.67,-86.67
5006,20.67,-86.66
5007,20.67,-86.65
5008,20.68,-87.01
5009,20.68,-87.0
5010,20.68,-86.99
5011,20.68,-86.98
5012,20.68,-86.97
5013,20.68,-86.96
5014,20.68,-86.95
5015,20.68,-86.94
5016,20.68,-86.93
5017,20.68,-86.92
5018,20.68,-86.91
5019,20.68,-86.9
5020,20.68,-86.89
5021,20.68,-86.88
5022,20.68,-86.87
5023,20.68,-86.86
5024,20.68,-86.85
5025,20.68,-86.84
5026,20.68,-86.83
5027,20.68,-86.82
5028,20.68,-86.81
5029,20.68,-86.8
5030,20.68,-86.79
5031,20.68,-86.78
5032,20.68,-86.77
5033,20.68,-86.76
5034,20.68,-86.75
5035,20.68,-86.74
5036,20.68,-86.73
5037,20.68,-86.72
5038,20.68,-86.71
5039,20.68,-86.7
5040,20.68,-86.69
5041,20.68,-86.68
5042,20.68,-86.67
5043,20.68,-86.66
5044,20.68,-86.65
5045,20.69,-87.01
5046,20.69,-87.0
5047,20.69,-86.99
5048,20.69,-86.98
5049,20.69,-86.97
5050,20.69,-86.96
5051,20.69,-86.95
5052,20.69,-86.94
5053,20.69,-86.93
5054,20.69,-86.92
5055,20.69,-86.91
5056,20.69,-86.9
5057,20.69,-86.89
5058,20.69,-86.88
5059,20.69,-86.87
5060,20.69,-86.86
5061,20.69,-86.85
5062,20.69,-86.84
5063,20.69,-86.83
5064,20.69,-86.82
5065,20.69,-86.81
5066,20.69,-86.8
5067,20.69,-86.79
5068,20.69,-86.78
5069,20.69,-86.77
5070,20.69,-86.76
5071,20.69,-86.75
5072,20.69,-86.74
5073,20.69,-86.73
5074,20.69,-86.72
5075,20.69,-86.71
5076,20.69,-86.7
5077,20.69,-86.69
5078,20.69,-86.68
5079,20.69,-86.67
5080,20.69,-86.66
5081,20.69,-86.65
5082,20.7,-87.0
5083,20.7,-86.99
5084,20.7,-86.98
5085,20.7,-86.97
5086,20.7,-86.96
5087,20.7,-86.95
5088,20.7,-86.94
5089,20.7,-86.93
5090,20.7,-86.92
5091,20.7,-86.91
5092,20.7,-86.9
5093,20.7,-86.89
5094,20.7,-86.88
5095,20.7,-86.87
5096,20.7,-86.86
5097,20.7,-86.85
5098,20.7,-86.84
5099,20.7,-86.83
5100,20.7,-86.82
5101,20.7,-86.81
5102,20.7,-86.8
5103,20.7,-86.79
5104,20.7,-86.78
5105,20.7,-86.77
5106,20.7,-86.76
5107,20.7,-86.75
5108,20.7,-86.74
5109,20.7,-86.73
5110,20.7,-86.72
5111,20.7,-86.71
5112,20.7,-86.7
5113,20.7,-86.69
5114,20.7,-86.68
5115,20.7,-86.67
5116,20.7,-86.66
5117,20.7,-86.65
5118,20.71,-86.99
5119,20.71,-86.98
5120,20.71,-86.97
5121,20.71,-86.96
5122,20.71,-86.95
5123,20.71,-86.94
5124,20.71,-86.93
5125,20.71,-86.92
5126,20.71,-86.91
5127,20.71,-86.9
5128,20.71,-86.89
5129,20.71,-86.88
5130,20.71,-86.87
5131,20.71,-86.86
5132,20.71,-86.85
5133,20.71,-86.84
5134,20.71,-86.83
5135,20.71,-86.82
5136,20.71,-86.81
5137,20.71,-86.8
5138,20.71,-86.79
5139,20.71,-86.78
5140,20.71,-86.77
5141,20.71,-86.76
5142,20.71,-86.75
5143,20.71,-86.74
5144,20.71,-86.73
5145,20.71,-86.72
5146,20.71,-86.71
5147,20.71,-86.7
5148,20.71,-86.69
5149,20.71,-86.68
5150,20.71,-86.67
5151,20.71,-86.66
5152,20.71,-86.65
5153,20.72,-86.97
5154,20.72,-86.96
5155,20.72,-86.95
5156,20.72,-86.94
5157,20.72,-86.93
5158,20.72,-86.92
5159,20.72,-86.91
5160,20.72,-86.9
5161,20.72,-86.89
5162,20.72,-86.88
5163,20.72,-86.87
5164,20.72,-86.86
5165,20.72,-86.85
5166,20.72,-86.84
5167,20.72,-86.83
5168,20.72,-86.82
5169,20.72,-86.81
5170,20.72,-86.8
5171,20.72,-86.79
5172,20.72,-86.78
5173,20.72,-86.77
5174,20.72,-86.76
5175,20.72,-86.75
5176,20.72,-86.74
5177,20.72,-86.73
5178,20.72,-86.72
5179,20.72,-86.71
5180,20.72,-86.7
5181,20.72,-86.69
5182,20.72,-86.68
5183,20.72,-86.67
5184,20.72,-86.66
5185,20.72,-86.65
5186,20.73,-86.95
5187,20.73,-86.94
5188,20.73,-86.93
5189,20.73,-86.92
5190,20.73,-86.91
5191,20.73,-86.9
5192,20.73,-86.89
5193,20.73,-86.88
5194,20.73,-86.87
5195,20.73,-86.86
5196,20.73,-86.85
5197,20.73,-86.84
5198,20.73,-86.83
5199,20.73,-86.82
5200,20.73,-86.81
5201,20.73,-86.8
5202,20.73,-86.79
5203,20.73,-86.78
5204,20.73,-86.77
5205,20.73,-86.76
5206,20.73,-86.75
5207,20.73,-86.74
5208,20.73,-86.73
5209,20.73,-86.72
5210,20.73,-86.71
5211,20.73,-86.7
5212,20.73,-86.69
5213,20.73,-86.68
5214,20.73,-86.67
5215,20.73,-86.66
5216,20.73,-86.65
5217,20.74,-86.95
5218,20.74,-86.94
5219,20.74,-86.93
5220,20.74,-86.92
5221,20.74,-86.91
5222,20.74,-86.9
5223,20.74,-86.89
5224,20.74,-86.88
5225,20.74,-86.87
5226,20.74,-86.86
5227,20.74,-86.85
5228,20.74,-86.84
5229,20.74,-86.83
5230,20.74,-86.82
5231,20.74,-86.81
5232,20.74,-86.8
5233,20.74,-86.79
5234,20.74,-86.78
5235,20.74,-86.77
5236,20.74,-86.76
5237,20.74,-86.75
5238,20.74,-86.74
5239,20.74,-86.73
5240,20.74,-86.72
5241,20.74,-86.71
5242,20.74,-86.7
5243,20.74,-86.69
5244,20.74,-86.68
5245,20.74,-86.67
5246,20.74,-86.66
5247,20.74,-86.65
5248,20.75,-86.95
5249,20.75,-86.94
5250,20.75,-86.93
5251,20.75,-86.92
5252,20.75,-86.91
5253,20.75,-86.9
5254,20.75,-86.89
5255,20.75,-86.88
5256,20.75,-86.87
5257,20.75,-86.86
5258,20.75,-86.85
5259,20.75,-86.84
5260,20.75,-86.83
5261,20.75,-86.82
5262,20.75,-86.81
5263,20.75,-86.8
5264,20.75,-86.79
5265,20.75,-86.78
5266,20.75,-86.77
5267,20.75,-86.76
5268,20.75,-86.75
5269,20.75,-86.74
5270,20.75,-86.73
5271,20.75,-86.72
5272,20.75,-86.71
5273,20.75,-86.7
5274,20.75,-86.69
5275,20.75,-86.68
5276,20.75,-86.67
5277,20.75,-86.66
5278,20.75,-86.65
