trial,max_depth,learning_rate,subsample,colsample_bytree,min_child_weight,best_iteration,rmse_val_2020,fit_time_seconds,selected_best
1,4,0.03,0.8,0.8,5,31,0.35488911414758006,0.3542158603668213,False
2,4,0.05,0.8,0.8,5,52,0.3539390346676379,0.4354438781738281,False
3,4,0.1,0.8,0.8,5,18,0.3538729300403051,0.2643249034881592,True
4,6,0.03,0.8,0.8,5,27,0.35546883383949046,0.3747529983520508,False
5,6,0.05,0.8,0.8,5,17,0.355516912530172,0.346865177154541,False
6,6,0.1,0.8,0.8,5,8,0.35542567484680837,0.25375914573669434,False
7,8,0.03,0.8,0.8,5,12,0.35572916489801737,0.33437085151672363,False
8,8,0.05,0.8,0.8,5,5,0.3559321014088665,0.31142616271972656,False
9,8,0.1,0.8,0.8,5,2,0.35557824848238445,0.2767832279205322,False
