regime,model,N,pct_total,RMSE_B0,RMSE_CORE,RMSE_model,MAE_model,Bias_model,impr_vs_B0_pct,impr_vs_CORE_pct,overcorrection_freq_pct
0 - P50,E3b-C0,901568,46.82557943257807,0.11640931675858725,0.1209579098098413,0.1209579098098413,0.10124849528074265,-0.013090074062347412,-3.9074132362507035,0.0,17.56406616028963
0 - P50,E3b-T1,901568,46.82557943257807,0.11640931675858725,0.1209579098098413,0.12093941020442704,0.1007721871137619,-0.017799409106373787,-3.8915213764499823,0.015294250242365309,18.676350535955137
0 - P50,E3b-T3,901568,46.82557943257807,0.11640931675858725,0.1209579098098413,0.12764110484682709,0.10526582598686218,-0.025759650394320488,-9.648530204444564,-5.525223648037971,25.61326488961454
0 - P50,E3b-S,901568,46.82557943257807,0.11640931675858725,0.1209579098098413,0.12127134159879212,0.10169858485460281,-0.016089608892798424,-4.1766629816132905,-0.2591246735691551,17.38171718605807
0 - P50,E3b-TS,901568,46.82557943257807,0.11640931675858725,0.1209579098098413,0.12839096568678574,0.10589177906513214,-0.024926841259002686,-10.292688989014815,-6.145158996736961,25.700779087101584
0 - P50,E3b-ALL,901568,46.82557943257807,0.11640931675858725,0.1209579098098413,0.12679143292258951,0.10481700301170349,-0.02527606301009655,-8.918629928507334,-4.822771096093789,25.424039007595656
P50 - P75,E3b-C0,465851,24.19533857040836,0.28134916464690235,0.26815877688339496,0.26815877688339496,0.2589750289916992,-0.07741091400384903,4.6882626362376225,0.0,0.12471798922831549
P50 - P75,E3b-T1,465851,24.19533857040836,0.28134916464690235,0.26815877688339496,0.2697215721337193,0.25985831022262573,-0.0842655673623085,4.132797951533243,-0.5827872831489986,0.13802696570362627
P50 - P75,E3b-T3,465851,24.19533857040836,0.28134916464690235,0.26815877688339496,0.27152778772374164,0.25839143991470337,-0.08830263465642929,3.4908143180331423,-1.2563492716897546,0.6879882194092102
P50 - P75,E3b-S,465851,24.19533857040836,0.28134916464690235,0.26815877688339496,0.26978665841853344,0.2609868347644806,-0.07984775304794312,4.109664317958802,-0.6070588306145012,0.09123088712914644
P50 - P75,E3b-TS,465851,24.19533857040836,0.28134916464690235,0.26815877688339496,0.2724817056158186,0.25941202044487,-0.08890368044376373,3.151763056489814,-1.6120780317786838,0.8491985634891843
P50 - P75,E3b-ALL,465851,24.19533857040836,0.28134916464690235,0.26815877688339496,0.2711720076076806,0.258285254240036,-0.08813256025314331,3.6172693286629167,-1.1236741005855369,0.6332496871317224
P75 - P90,E3b-C0,322425,16.74608842433292,0.4429676325008553,0.4222052306003469,0.4222052306003469,0.41441431641578674,-0.13360708951950073,4.687114898957835,0.0,0.0
P75 - P90,E3b-T1,322425,16.74608842433292,0.4429676325008553,0.4222052306003469,0.4231996403086437,0.4154452085494995,-0.1410873830318451,4.462626779434821,-0.23552756721720416,0.0
P75 - P90,E3b-T3,322425,16.74608842433292,0.4429676325008553,0.4222052306003469,0.41932115391051306,0.40862372517585754,-0.14324450492858887,5.338195582562478,0.6830982851000946,0.0
P75 - P90,E3b-S,322425,16.74608842433292,0.4429676325008553,0.4222052306003469,0.42419712861603204,0.4164770841598511,-0.1359085738658905,4.237443665771003,-0.4717843056687785,0.0
P75 - P90,E3b-TS,322425,16.74608842433292,0.4429676325008553,0.4222052306003469,0.4218246465232163,0.41139984130859375,-0.14634078741073608,4.773031803310867,0.09014196166861502,0.0
P75 - P90,E3b-ALL,322425,16.74608842433292,0.4429676325008553,0.4222052306003469,0.4195576174670848,0.4091480076313019,-0.14421525597572327,5.284813904258635,0.6270915046451206,0.0
P90 - P95,E3b-C0,121358,6.303083814841265,0.5952809322928464,0.5721378639480231,0.5721378639480231,0.567480742931366,-0.10942023992538452,3.8877556947243384,0.0,0.0
P90 - P95,E3b-T1,121358,6.303083814841265,0.5952809322928464,0.5721378639480231,0.5744532411269889,0.5696561932563782,-0.1177486702799797,3.4988003203185696,-0.4046886816734329,0.0
P90 - P95,E3b-T3,121358,6.303083814841265,0.5952809322928464,0.5721378639480231,0.5676192350785771,0.5600041151046753,-0.12293902784585953,4.646830717006937,0.7897797286593301,0.0
P90 - P95,E3b-S,121358,6.303083814841265,0.5952809322928464,0.5721378639480231,0.574678561300321,0.5701664686203003,-0.11178116500377655,3.460949255198067,-0.444070828447863,0.0
P90 - P95,E3b-TS,121358,6.303083814841265,0.5952809322928464,0.5721378639480231,0.5698664763144313,0.562326967716217,-0.12663859128952026,4.26932135731714,0.39700005483261497,0.0
P90 - P95,E3b-ALL,121358,6.303083814841265,0.5952809322928464,0.5721378639480231,0.5668734498092165,0.5595430731773376,-0.12379775196313858,4.772113626118119,0.9201303515344481,0.0
P95 - P99,E3b-C0,84888,4.4089073557099265,0.7744450797451313,0.756125785147407,0.756125785147407,0.7490151524543762,0.07996593415737152,2.365473689077236,0.0,0.0
P95 - P99,E3b-T1,84888,4.4089073557099265,0.7744450797451313,0.756125785147407,0.7594306030638373,0.7527189254760742,0.07582280784845352,1.9387400183671277,-0.4370725058378943,0.0
P95 - P99,E3b-T3,84888,4.4089073557099265,0.7744450797451313,0.756125785147407,0.7582103432140267,0.7491371631622314,0.059555988758802414,2.096305723376467,-0.2756893241265781,0.0
P95 - P99,E3b-S,84888,4.4089073557099265,0.7744450797451313,0.756125785147407,0.7590167515279466,0.7521263360977173,0.07774168252944946,1.9921784798816464,-0.38233934582404755,0.0
P95 - P99,E3b-TS,84888,4.4089073557099265,0.7744450797451313,0.756125785147407,0.7580884057605939,0.7487282156944275,0.058058761060237885,2.1120508622664884,-0.2595627145296,0.0
P95 - P99,E3b-ALL,84888,4.4089073557099265,0.7744450797451313,0.756125785147407,0.7554462891073151,0.7462524175643921,0.05898943543434143,2.453213421417649,0.08986547654361607,0.0
>= P99,E3b-C0,29285,1.5210024021294555,1.2053814819946507,1.2040994339403581,1.2040994339403581,1.1836433410644531,0.8602212071418762,0.10636035756672095,0.0,0.0
>= P99,E3b-T1,29285,1.5210024021294555,1.2053814819946507,1.2040994339403581,1.2109214535542165,1.1905043125152588,0.8654907941818237,-0.4596031747889799,-0.5665661341218048,0.0
>= P99,E3b-T3,29285,1.5210024021294555,1.2053814819946507,1.2040994339403581,1.2099325132071657,1.1877851486206055,0.8557911515235901,-0.3775594100702458,-0.4844350144505147,0.0
>= P99,E3b-S,29285,1.5210024021294555,1.2053814819946507,1.2040994339403581,1.2085344651420906,1.1884231567382812,0.8602160215377808,-0.26157554222771273,-0.36832765440467563,0.0
>= P99,E3b-TS,29285,1.5210024021294555,1.2053814819946507,1.2040994339403581,1.2108700148943634,1.1890044212341309,0.8553705811500549,-0.4553357573264176,-0.5622941729861034,0.0
>= P99,E3b-ALL,29285,1.5210024021294555,1.2053814819946507,1.2040994339403581,1.2113883871067588,1.1890335083007812,0.857590913772583,-0.4983405836107548,-0.6053447880585664,0.0
Central (|R| < P90),E3b-C0,1689844,87.76700642731934,0.2578581711746147,0.2482766941557629,0.2482766941557629,0.20448261499404907,-0.05381669104099274,3.7157934438166262,0.0,9.405187697799324
Central (|R| < P90),E3b-T1,1689844,87.76700642731934,0.2578581711746147,0.2482766941557629,0.24906037000657133,0.20466868579387665,-0.05964614078402519,3.411876043317516,-0.31564615981102745,10.002284234521056
Central (|R| < P90),E3b-T3,1689844,87.76700642731934,0.2578581711746147,0.2482766941557629,0.25013175115286584,0.20536020398139954,-0.06541761755943298,2.9963836269189668,-0.7471732308225156,13.85488838022918
Central (|R| < P90),E3b-S,1689844,87.76700642731934,0.2578581711746147,0.2482766941557629,0.24948931479603173,0.20567093789577484,-0.056527916342020035,3.2455269268608067,-0.4884150098712311,9.298668989563534
Central (|R| < P90),E3b-TS,1689844,87.76700642731934,0.2578581711746147,0.2482766941557629,0.251422293312939,0.2065051943063736,-0.06572975218296051,2.495898358527273,-1.266973192096177,13.946021052830911
Central (|R| < P90),E3b-ALL,1689844,87.76700642731934,0.2578581711746147,0.2482766941557629,0.24987031135816468,0.2051914930343628,-0.0652979388833046,3.097772616653222,-0.6418714442049014,13.7388421653123
Extreme Tail (|R| >= P90),E3b-C0,235531,12.232993572680646,0.7611834087592324,0.7449762253520053,0.7449762253520053,0.70951908826828,0.07939805090427399,2.129208705907777,0.0,0.0
Extreme Tail (|R| >= P90),E3b-T1,235531,12.232993572680646,0.7611834087592324,0.7449762253520053,0.7484724860883902,0.7128278613090515,0.07426878809928894,1.6698896119611464,-0.46931171994555665,0.0
Extreme Tail (|R| >= P90),E3b-T3,235531,12.232993572680646,0.7611834087592324,0.7449762253520053,0.745133865989717,0.7062256336212158,0.06452568620443344,2.108498764532584,-0.021160492422056174,0.0
Extreme Tail (|R| >= P90),E3b-S,235531,12.232993572680646,0.7611834087592324,0.7449762253520053,0.7479304529334475,0.7126184701919556,0.07737927883863449,1.7410988827762137,-0.39655326987735356,0.0
Extreme Tail (|R| >= P90),E3b-TS,235531,12.232993572680646,0.7611834087592324,0.7449762253520053,0.7461615326933213,0.7074267268180847,0.06202756240963936,1.9734896863290177,-0.15910673401100703,0.0
Extreme Tail (|R| >= P90),E3b-ALL,235531,12.232993572680646,0.7611834087592324,0.7449762253520053,0.7441229229921625,0.7051035761833191,0.06410278379917145,2.2413107761872166,0.11454088476978194,0.0
Tail (|R| >= P99),E3b-C0,29285,1.5210024021294555,1.2053814819946507,1.2040994339403581,1.2040994339403581,1.1836433410644531,0.8602212071418762,0.10636035756672095,0.0,0.0
Tail (|R| >= P99),E3b-T1,29285,1.5210024021294555,1.2053814819946507,1.2040994339403581,1.2109214535542165,1.1905043125152588,0.8654907941818237,-0.4596031747889799,-0.5665661341218048,0.0
Tail (|R| >= P99),E3b-T3,29285,1.5210024021294555,1.2053814819946507,1.2040994339403581,1.2099325132071657,1.1877851486206055,0.8557911515235901,-0.3775594100702458,-0.4844350144505147,0.0
Tail (|R| >= P99),E3b-S,29285,1.5210024021294555,1.2053814819946507,1.2040994339403581,1.2085344651420906,1.1884231567382812,0.8602160215377808,-0.26157554222771273,-0.36832765440467563,0.0
Tail (|R| >= P99),E3b-TS,29285,1.5210024021294555,1.2053814819946507,1.2040994339403581,1.2108700148943634,1.1890044212341309,0.8553705811500549,-0.4553357573264176,-0.5622941729861034,0.0
Tail (|R| >= P99),E3b-ALL,29285,1.5210024021294555,1.2053814819946507,1.2040994339403581,1.2113883871067588,1.1890335083007812,0.857590913772583,-0.4983405836107548,-0.6053447880585664,0.0
Total,E3b-C0,1925375,100.0,0.35949269730866396,0.349274352253428,0.349274352253428,0.2662636935710907,-0.03752053901553154,2.842434667445379,0.0,8.25465169122898
Total,E3b-T1,1925375,100.0,0.35949269730866396,0.349274352253428,0.3506756298549318,0.26683175563812256,-0.04326434060931206,2.4526416029424247,-0.4011968220578145,8.778705446990847
Total,E3b-T3,1925375,100.0,0.35949269730866396,0.349274352253428,0.350475081234811,0.26663103699684143,-0.049521658569574356,2.508428165958074,-0.34377817141058914,12.160020775173667
Total,E3b-S,1925375,100.0,0.35949269730866396,0.349274352253428,0.3508017468145805,0.26768580079078674,-0.04014705494046211,2.417559677609066,-0.43730510164806474,8.161163409725377
Total,E3b-TS,1925375,100.0,0.35949269730866396,0.349274352253428,0.3515513630268593,0.26778289675712585,-0.05010121688246727,2.209039110184247,-0.6519261316327984,12.240005193793417
Total,E3b-ALL,1925375,100.0,0.35949269730866396,0.349274352253428,0.35004838626049883,0.266345739364624,-0.049468349665403366,2.6271218077223257,-0.22161203709260505,12.058170486268908
