model,reference,evaluable_cells,improved_cells,pct_improved,median_delta_rmse,P10_delta_rmse,P25_delta_rmse,P75_delta_rmse,P90_delta_rmse,min_delta_rmse,max_delta_rmse
E3b-C0,B0,5275,5275,100.0,-0.010181501370117474,-0.015633317938227632,-0.013029923618416761,-0.0069990918411943215,-0.005070874135833714,-0.019273470188501673,-0.002017219342684229
E3b-T1,B0,5275,5275,100.0,-0.00874724029751539,-0.012963523044003111,-0.01132298953996072,-0.006589443537852818,-0.004417395846168169,-0.016228468163346388,-0.00182928866456461
E3b-T3,B0,5275,5250,99.52606635071089,-0.008606131192978372,-0.015439230101850642,-0.012979388398193875,-0.00595523954266533,-0.0028643735772706275,-0.01820490587137419,0.0007210577080948299
E3b-S,B0,5275,5275,100.0,-0.008603941592539133,-0.012722190930917133,-0.010617823514338404,-0.006555965442772094,-0.00496787134160912,-0.01620289026292082,-0.0014955427484050765
E3b-TS,B0,5275,5275,100.0,-0.007551906217430127,-0.012297995330138678,-0.01044058373249021,-0.005828835861412307,-0.004145225744974356,-0.014532496377580473,-0.0002519926749933732
E3b-ALL,B0,5275,5275,100.0,-0.008975966129794677,-0.015106913189669724,-0.012935140644534271,-0.006531882961468116,-0.004489766887040779,-0.01794926201461977,-0.00017449121856843997
E3b-T1,E3b-C0,5275,1106,20.966824644549764,0.0014865147210353369,-0.0006514886581920566,0.00022549105686223148,0.0025869427205454654,0.003340927808530503,-0.0023955612323123265,0.004812889977336365
E3b-T3,E3b-C0,5275,1743,33.04265402843602,0.0009939527729363462,-0.0016809830947639437,-0.00045309893829337256,0.002895536943799265,0.004222450243840692,-0.005911739712554764,0.0069599480236127165
E3b-S,E3b-C0,5275,760,14.407582938388625,0.001693724384846662,-0.00031347733795527026,0.0005468822131135254,0.0026050671881190646,0.0030781002044852793,-0.001629587065424709,0.004214952538750594
E3b-TS,E3b-C0,5275,944,17.895734597156398,0.0024215630969045,-0.0010498077802663763,0.0007494954227418027,0.004143238305848451,0.00523249335613928,-0.006265804283212606,0.009604309912651765
E3b-ALL,E3b-C0,5275,2023,38.350710900473935,0.0006980099020825747,-0.0017741307210503044,-0.0006419433315384693,0.0022719736892934383,0.003532752985572557,-0.005512076426513357,0.006129069962697575
