event,score,prevalence,AUROC,AUPRC,enrichment_ratio,spearman_with_abs_R
P90 (>= 0.5435 °C),|R_hat_SPATIAL|,0.12234915276244887,0.5403333114252431,0.13957256981551242,1.1407726711970312,0.08507340043153422
P90 (>= 0.5435 °C),grad_mag_sst_bil,0.12234915276244887,0.5248164926423009,0.13870233150036498,1.1336599262740068,0.051744971371578324
P90 (>= 0.5435 °C),local_std_3x3,0.12234915276244887,0.5268170840094646,0.14093949578461965,1.1519450082197584,0.054013319329620384
P95 (>= 0.6698 °C),|R_hat_SPATIAL|,0.059305330130494056,0.49491290805009525,0.06443692041653609,1.0865283149887304,0.08507340043153422
P95 (>= 0.6698 °C),grad_mag_sst_bil,0.059305330130494056,0.5416978770044731,0.07080328571571884,1.193877271400816,0.051744971371578324
P95 (>= 0.6698 °C),local_std_3x3,0.059305330130494056,0.5446473370424393,0.07255090611689538,1.2233454557500325,0.054013319329620384
P99 (>= 0.9810 °C),|R_hat_SPATIAL|,0.015208985262611179,0.37698730813813597,0.027825812564907126,1.8295640428630284,0.08507340043153422
P99 (>= 0.9810 °C),grad_mag_sst_bil,0.015208985262611179,0.566205727378132,0.01934639451423881,1.2720371662006131,0.051744971371578324
P99 (>= 0.9810 °C),local_std_3x3,0.015208985262611179,0.5704017409129445,0.01986578453985633,1.306187375215172,0.054013319329620384
