event,score,prevalence,AUROC,AUPRC,enrichment_ratio,spearman_with_abs_R,event_original_label,evaluated_threshold_C
P90 (>= 0.5377 °C),|R_hat_SPATIAL|,0.1223491527624488,0.5403333114252431,0.1395725698155124,1.1407726711970312,0.0850734004315342,P90 (>= 0.5435 °C),0.5377
P90 (>= 0.5377 °C),grad_mag_sst_bil,0.1223491527624488,0.5248164926423009,0.1387023315003649,1.1336599262740068,0.0517449713715783,P90 (>= 0.5435 °C),0.5377
P90 (>= 0.5377 °C),local_std_3x3,0.1223491527624488,0.5268170840094646,0.1409394957846196,1.1519450082197584,0.0540133193296203,P90 (>= 0.5435 °C),0.5377
P95 (>= 0.6652 °C),|R_hat_SPATIAL|,0.059305330130494,0.4949129080500952,0.064436920416536,1.0865283149887304,0.0850734004315342,P95 (>= 0.6698 °C),0.6652
P95 (>= 0.6652 °C),grad_mag_sst_bil,0.059305330130494,0.5416978770044731,0.0708032857157188,1.193877271400816,0.0517449713715783,P95 (>= 0.6698 °C),0.6652
P95 (>= 0.6652 °C),local_std_3x3,0.059305330130494,0.5446473370424393,0.0725509061168953,1.2233454557500325,0.0540133193296203,P95 (>= 0.6698 °C),0.6652
P99 (>= 0.9659 °C),|R_hat_SPATIAL|,0.0152089852626111,0.3769873081381359,0.0278258125649071,1.8295640428630284,0.0850734004315342,P99 (>= 0.9810 °C),0.9659
P99 (>= 0.9659 °C),grad_mag_sst_bil,0.0152089852626111,0.566205727378132,0.0193463945142388,1.2720371662006131,0.0517449713715783,P99 (>= 0.9810 °C),0.9659
P99 (>= 0.9659 °C),local_std_3x3,0.0152089852626111,0.5704017409129445,0.0198657845398563,1.306187375215172,0.0540133193296203,P99 (>= 0.9810 °C),0.9659
