bin,N,mean_R,median_R,std_R,MAE_zero,P10_R,P25_R,P50_R,P75_R,P90_R,P95_R,P99_R,mean_abs_R,P90_abs_R
"[25.5, 26.0)",8432,0.1773548126220703,0.13974380493164062,0.16834793984889984,0.1912226676940918,-0.008878516964614391,0.05505990982055664,0.13974380493164062,0.29070186614990234,0.38777485489845276,0.481779009103775,0.6476902961730957,0.1912226676940918,0.38777485489845276
"[26.0, 26.5)",245729,0.07626460492610931,0.09984016418457031,0.2816356122493744,0.2224283069372177,-0.23757553100585938,-0.06261062622070312,0.09984016418457031,0.2522411346435547,0.38697394728660583,0.4728206694126129,0.6527423858642578,0.2224283069372177,0.4516010284423828
"[26.5, 27.0)",1251643,0.0407647006213665,0.04780769348144531,0.2611127197742462,0.2085387408733368,-0.28717613220214844,-0.12739944458007812,0.04780769348144531,0.21038818359375,0.3693687319755554,0.46260833740234375,0.6405574679374695,0.2085387408733368,0.4365997314453125
"[27.0, 27.5)",1759975,-0.019389178603887558,-0.01975250244140625,0.28758350014686584,0.22245001792907715,-0.36572685837745667,-0.20171833038330078,-0.01975250244140625,0.1625995635986328,0.32523536682128906,0.43628939986228943,0.7138186097145081,0.22245001792907715,0.4570789337158203
"[27.5, 28.0)",1362897,0.02614670805633068,0.028079986572265625,0.29539522528648376,0.23371943831443787,-0.34200096130371094,-0.16904067993164062,0.028079986572265625,0.2191028594970703,0.394736111164093,0.5082996487617493,0.7174360156059265,0.23371943831443787,0.4817756712436676
"[28.0, 28.5)",1478032,-0.007493346929550171,-0.017200469970703125,0.336312860250473,0.26252883672714233,-0.41344815492630005,-0.224456787109375,-0.017200469970703125,0.20557260513305664,0.4065399169921875,0.542083740234375,0.8580129742622375,0.26252883672714233,0.5432586669921875
"[28.5, 29.0)",1577501,0.0004569170414470136,0.0059909820556640625,0.3380267024040222,0.2614569365978241,-0.42812538146972656,-0.20479965209960938,0.0059909820556640625,0.21051597595214844,0.4161396026611328,0.5618114471435547,0.8068618774414062,0.2614569365978241,0.5670661926269531
"[29.0, 29.5)",1909649,-0.015546003356575966,0.006099700927734375,0.3741541802883148,0.2887055277824402,-0.4845985472202301,-0.23459815979003906,0.006099700927734375,0.2303009033203125,0.4330005645751953,0.5572166442871094,0.7723838090896606,0.2887055277824402,0.6019992828369141
"[29.5, 30.0)",1597021,-0.027277860790491104,0.014200210571289062,0.4078313708305359,0.30190029740333557,-0.5269012451171875,-0.23773956298828125,0.014200210571289062,0.2429790496826172,0.42440223693847656,0.5310897827148438,0.7358329892158508,0.30190029740333557,0.6072597503662109
"[30.0, 30.5)",367567,-0.06797119975090027,-0.05760002136230469,0.3707773983478546,0.29769158363342285,-0.5473461151123047,-0.31040096282958984,-0.05760002136230469,0.18428707122802734,0.38715553283691406,0.5142919421195984,0.7909865379333496,0.29769158363342285,0.6208988428115845
"[30.5, 31.0)",12883,-0.4536113440990448,-0.4824867248535156,0.3565303385257721,0.49298354983329773,-0.8881828188896179,-0.7315864562988281,-0.4824867248535156,-0.1661663055419922,0.07865562289953232,0.17276135087013245,0.2775474190711975,0.49298354983329773,0.8881828188896179
"[31.0, 31.5)",239,-0.2965080738067627,-0.2925453186035156,0.06511609256267548,0.2965080738067627,-0.3873916566371918,-0.3409547805786133,-0.2925453186035156,-0.24671649932861328,-0.21294060349464417,-0.2010021209716797,-0.17948424816131592,0.2965080738067627,0.3873916566371918
