regime,N,pct_total,mean_R,std_R,mean_abs_R,RMSE_B0,RMSE_BASE,RMSE_SPATIAL,Impr_SPATIAL_vs_B0_pct,Impr_SPATIAL_vs_BASE_pct
0 - P50,901459,46.81991819775369,0.01909935474395752,0.11481647193431854,0.10023356229066849,0.11639419099571285,0.14191048565910622,0.13595646473805326,-16.806915856359996,4.195617324117655
P50 - P75,465912,24.198506784392652,0.09298272430896759,0.26551422476768494,0.2778259217739105,0.2813247078113603,0.2686513276048008,0.2635284740302244,6.3258694622262,1.9068781904969372
P75 - P90,322436,16.746659741608777,0.15469366312026978,0.4150538146495819,0.4400351941585541,0.4429444711749418,0.41158156018448994,0.4065590013416531,8.214454000695303,1.2203070615178842
P90 - P95,121383,6.304382263195481,0.1316174566745758,0.5805236101150513,0.5941457152366638,0.5952569510107321,0.5532141446622918,0.5504549020091376,7.526505809889604,0.49876574555745773
P95 - P99,84902,4.4096344867882875,-0.06162261962890625,0.7719802260398865,0.7700942158699036,0.7744357670055065,0.7394043790989396,0.7395916566693811,4.499289911525702,-0.025328166255882825
>= P99,29283,1.5208985262611179,-0.8405368328094482,0.8639894723892212,1.1882225275039673,1.2053962670894562,1.1633948132975607,1.1661550671699006,3.255460547783781,-0.2372585678387346
Régimen Central |R| < P90,1689807,87.76508472375511,0.0653434693813324,0.24943174421787262,0.21403749287128448,0.2578487081821933,0.250931093720862,0.24606514567696217,4.5699521197154835,1.9391570696745672
Cola Extrema |R| >= P90,235568,12.234915276244887,-0.058875564485788345,0.7588729858398438,0.7314085364341736,0.7611534172638436,0.7231826926702852,0.7227193031640459,5.049456946269614,0.06407640986654999
Cola Extrema |R| >= P99,29283,1.5208985262611179,-0.8405368328094482,0.8639894723892212,1.1882225275039673,1.2053962670894562,1.1633948132975607,1.1661550671699006,3.255460547783781,-0.2372585678387346
Total Máscara,1925375,100.0,0.05014537647366524,0.3559781610965729,0.2773374021053314,0.35949269730866396,0.3453263746037469,0.3421196421746218,4.832658706033592,0.9286091839364142
