event_id,sensor,date,datetime_utc,day_night,is_peak_date,N_QL5,N_QL_ge4,N_unique_MUR_cells,fraction_MUR_cells_pct,mean_sat,mean_MUR_collocated,mean_BIL_collocated,Bias_sat_MUR,Bias_sat_BIL,MAE_sat_MUR,MAE_sat_BIL,RMSE_sat_MUR,RMSE_sat_BIL,Delta_MAE,Delta_RMSE,closer_product_MAE,closer_product_RMSE
E4,VIIRS,2015-08-03,2015-08-03 08:00:00,NIGHT,True,1199,1199,834,15.798446675506725,29.10338050579205,28.703784942626953,29.35447883605957,0.39959775497175715,-0.25109528015397525,0.4440295143785302,0.2982224954407625,0.551555398073511,0.3676827388034051,0.1458070189377677,0.18387265927010588,BIL,BIL
E4,VIIRS,2015-08-03,2015-08-03 19:10:01,DAY,True,3257,3257,2011,38.09433604849403,29.353352746759732,28.520538330078125,29.451845169067383,0.8328147976787814,-0.09849207616138045,0.8346155006548319,0.3255874412869682,0.8975901403709745,0.38828190573832694,0.5090280593678638,0.5093082346326476,BIL,BIL
E4,VIIRS,2015-08-04,2015-08-04 07:40:01,NIGHT,False,1718,1718,1225,23.205152491002085,28.976142848109035,29.02701187133789,29.60265350341797,-0.05086898600679241,-0.6265095995559329,0.3004661102114474,0.6289513586259528,0.36823802924714577,0.6696818524417871,-0.3284852484145053,-0.30144382319464136,MUR,MUR
E4,VIIRS,2015-08-04,2015-08-04 18:50:02,DAY,False,4288,4288,2385,45.179011176359154,29.479633084149448,29.16157341003418,29.664705276489258,0.31805797720181583,-0.18507329421421698,0.39281836424636224,0.23399119354747822,0.5086910781093961,0.33156554673773814,0.15882717069888402,0.17712553137165793,BIL,BIL
E4,VIIRS,2015-08-05,2015-08-05 07:20:01,NIGHT,False,6624,6624,3486,66.03523394582307,29.06443413347077,29.312225341796875,28.760906219482422,-0.24779332320552677,0.3035271131774558,0.3611888435261644,0.3240629931025499,0.42407195180200863,0.36263911602184906,0.03712585042361455,0.06143283578015957,BIL,BIL
E4,VIIRS,2015-08-05,2015-08-05 18:30:00,DAY,False,7098,7098,4358,82.55351392309149,29.53718770373807,29.29490089416504,28.778553009033203,0.24228818293951657,0.7586342440142301,0.3883474071259108,0.7640449816120171,0.4873007051498394,0.7944063944095908,-0.37569757448610624,-0.3071056892597514,MUR,MUR
E4,VIIRS,2015-08-06,2015-08-06 07:00:01,NIGHT,False,1371,1371,840,15.912104565258572,28.54381772338599,29.23583984375,29.19011688232422,-0.6920216509060503,-0.6463000978541305,0.7000053023448435,0.6463000978541305,0.788282180087821,0.6792214474613781,0.05370520449071303,0.10906073262644289,BIL,BIL
E4,VIIRS,2015-08-06,2015-08-06 18:10:00,DAY,False,1403,1403,918,17.389657132032582,29.022098664876676,28.97286033630371,29.217069625854492,0.049237123716759666,-0.19496984189104072,0.32082856400875687,0.3027033648603049,0.5119033517555445,0.4627825302008215,0.018125199148451954,0.04912082155472297,BIL,BIL
E4,VIIRS,2015-08-06,2015-08-06 19:50:00,DAY,False,17,17,13,0.2462587611290017,29.57117345473348,29.296470642089844,29.263473510742188,0.2747028126436349,0.3076981488396367,0.296584634219919,0.3134552450741239,0.362303348347315,0.35842567804916403,-0.016870610854204937,0.003877670298150948,MUR,BIL
E4,MODIS,2015-08-03,2015-08-03 07:20:01,NIGHT,True,85,180,80,1.515438530024626,28.92140359317557,28.904830932617188,29.390295028686523,0.0165683746338118,-0.4688930287080425,0.24488181170295187,0.48869310266829336,0.31044745324164125,0.569826873655843,-0.2438112909653415,-0.2593794204142017,MUR,MUR
E4,MODIS,2015-08-03,2015-08-03 19:50:01,DAY,True,0,240,0,0.0,,,,,,,,,,,,N/A,N/A
E4,MODIS,2015-08-04,2015-08-04 08:00:00,NIGHT,False,11,46,11,0.20837279787838606,28.724539462002863,29.273542404174805,29.814298629760742,-0.5490057164972252,-1.089758820967218,0.705005264282208,1.1080443295565332,0.7123132197892144,1.1577652561523255,-0.4030390652743252,-0.44545203636311115,MUR,MUR
E4,MODIS,2015-08-04,2015-08-04 18:55:00,DAY,False,0,1770,0,0.0,,,,,,,,,,,,N/A,N/A
E4,MODIS,2015-08-05,2015-08-05 07:05:01,NIGHT,False,597,867,551,10.437582875544612,29.736366494336938,29.491464614868164,28.776657104492188,0.24490249288743343,0.9597073515056793,0.3533124434888147,0.9716664798295901,0.48274286641018554,1.0077147022947068,-0.6183540363407753,-0.5249718358845212,MUR,MUR
E4,MODIS,2015-08-05,2015-08-05 19:40:01,DAY,False,873,1012,809,15.32487213487403,29.004093529350587,29.218351364135742,28.768545150756836,-0.2142581166270445,0.23554955184257134,0.4935625729555355,0.31968928770785304,0.6153830375082016,0.4032805642887722,0.17387328524768247,0.21210247321942938,BIL,BIL
E4,MODIS,2015-08-06,2015-08-06 07:50:00,NIGHT,False,349,738,319,6.042811138473195,28.430579872459283,29.167633056640625,29.189970016479492,-0.7370533372064488,-0.7593918054356389,0.7955963397094193,0.7607785014504808,0.9449299338804831,0.8199917273105405,0.03481783825893858,0.12493820656994259,BIL,BIL
E4,MODIS,2015-08-06,2015-08-06 18:45:01,DAY,False,339,482,321,6.080697101723811,29.08261848382193,28.94444465637207,29.20379066467285,0.13817303412785736,-0.12117263096269792,0.23379959286490967,0.2214860910511213,0.2873049003151426,0.27329397777470654,0.012313501813788374,0.014010922540436066,BIL,BIL
E5,VIIRS,2016-06-04,2016-06-04 07:20:01,NIGHT,False,913,913,547,10.36181094904338,29.044723097798084,28.891996383666992,29.340091705322266,0.1527275555467151,-0.29536780177954486,0.30083192210518184,0.3186064851296966,0.3656790036413271,0.3813846984495625,-0.017774563024514745,-0.015705694808235415,MUR,MUR
E5,VIIRS,2016-06-04,2016-06-04 18:30:01,DAY,False,55,55,37,0.7008903201363894,28.98563010475853,28.824054718017578,29.147361755371094,0.16157566417349575,-0.16173026344990624,0.2505247358842408,0.2014253373579384,0.30004642668385667,0.24178408888524117,0.04909939852630238,0.058262337798615504,BIL,BIL
E5,VIIRS,2016-06-05,2016-06-05 07:00:01,NIGHT,True,2297,2297,1392,26.36863042242849,29.483385033964613,28.546039581298828,29.551300048828125,0.9373471558356828,-0.06791520979958836,0.9375410221116884,0.26763899916594397,0.9771362083188653,0.34817884626037393,0.6699020229457444,0.6289573620584914,BIL,BIL
E5,VIIRS,2016-06-05,2016-06-05 18:10:02,DAY,True,0,0,0,0.0,,,,,,,,,,,,N/A,N/A
E5,VIIRS,2016-06-05,2016-06-05 19:50:01,DAY,True,0,0,0,0.0,,,,,,,,,,,,N/A,N/A
E5,VIIRS,2016-06-06,2016-06-06 06:40:01,NIGHT,False,0,0,0,0.0,,,,,,,,,,,,N/A,N/A
E5,VIIRS,2016-06-06,2016-06-06 08:20:01,NIGHT,False,0,0,0,0.0,,,,,,,,,,,,N/A,N/A
E5,VIIRS,2016-06-06,2016-06-06 19:30:02,DAY,False,0,0,0,0.0,,,,,,,,,,,,N/A,N/A
E5,VIIRS,2016-06-07,2016-06-07 06:20:02,NIGHT,False,24,24,18,0.34097366925554085,29.39249445597333,29.268707275390625,29.877593994140625,0.12378614743552892,-0.4850986639658383,0.2263738155365047,0.4850986639658383,0.27541706709331826,0.5711448582616627,-0.2587248484293336,-0.29572779116834447,MUR,MUR
E5,VIIRS,2016-06-07,2016-06-07 08:00:01,NIGHT,False,210,210,146,2.765675317294942,29.093437406549068,29.10969352722168,29.56340217590332,-0.016256275815804116,-0.4699643404289639,0.1921431034945993,0.4699643404289639,0.23590808184458786,0.5301095345282124,-0.2778212369343646,-0.2942014526836245,MUR,MUR
E5,VIIRS,2016-06-07,2016-06-07 19:10:00,DAY,False,0,0,0,0.0,,,,,,,,,,,,N/A,N/A
E5,VIIRS,2016-06-08,2016-06-08 07:40:01,NIGHT,False,0,0,0,0.0,,,,,,,,,,,,N/A,N/A
E5,VIIRS,2016-06-08,2016-06-08 19:00:00,DAY,False,435,435,262,4.96306118583065,29.879325708849702,29.239103317260742,29.716032028198242,0.6402222775865103,0.16329472421231844,0.6714739595610711,0.32484120949932277,0.800210312219551,0.5301714642670795,0.3466327500617484,0.27003884795247146,BIL,BIL
E5,MODIS,2016-06-04,2016-06-04 07:05:01,NIGHT,False,0,0,0,0.0,,,,,,,,,,,,N/A,N/A
E5,MODIS,2016-06-04,2016-06-04 19:40:01,DAY,False,6,12,6,0.11365788975184693,28.237486775716167,28.991662979125977,29.433923721313477,-0.7541797002156349,-1.1964372634887468,0.7541797002156349,1.1964372634887468,0.783933333414589,1.2124823788451193,-0.44225756327311194,-0.4285490454305303,MUR,MUR
E5,MODIS,2016-06-05,2016-06-05 07:50:00,NIGHT,True,361,720,344,6.516385679105892,28.2779430949457,28.586856842041016,29.61956214904785,-0.3089128594649238,-1.341619138638376,0.3206296122965518,1.341619138638376,0.36760240797360694,1.3744377862872539,-1.0209895263418243,-1.006835378313647,MUR,MUR
E5,MODIS,2016-06-05,2016-06-05 18:45:01,DAY,True,0,0,0,0.0,,,,,,,,,,,,N/A,N/A
E5,MODIS,2016-06-06,2016-06-06 06:55:01,NIGHT,False,0,0,0,0.0,,,,,,,,,,,,N/A,N/A
E5,MODIS,2016-06-06,2016-06-06 19:25:00,DAY,False,0,0,0,0.0,,,,,,,,,,,,N/A,N/A
E5,MODIS,2016-06-07,2016-06-07 07:35:01,NIGHT,False,0,4,0,0.0,,,,,,,,,,,,N/A,N/A
E5,MODIS,2016-06-07,2016-06-07 18:30:01,DAY,False,0,0,0,0.0,,,,,,,,,,,,N/A,N/A
E5,MODIS,2016-06-08,2016-06-08 08:20:00,NIGHT,False,0,0,0,0.0,,,,,,,,,,,,N/A,N/A
E5,MODIS,2016-06-08,2016-06-08 19:15:00,DAY,False,90,169,86,1.629096419776473,29.39838121202259,29.208953857421875,29.738428115844727,0.18942563798694764,-0.340045844184005,0.21922777387832562,0.3687748803032567,0.264422083674703,0.4033675922093177,-0.1495471064249311,-0.13894550853461474,MUR,MUR
E6,VIIRS,2019-06-14,2019-06-14 07:00:00,NIGHT,True,1700,1700,1026,19.435499147565828,28.796102162757727,28.540178298950195,29.270158767700195,0.25592251924588527,-0.4740565391326986,0.5019925822678444,0.47436270705294004,0.6117640260401697,0.5167527907056683,0.027629875214904343,0.0950112353345014,BIL,BIL
E6,VIIRS,2019-06-14,2019-06-14 18:10:01,DAY,True,2,2,2,0.03788596325061565,29.144998168945335,28.049999237060547,29.315601348876953,1.094997978210472,-0.17060222625730148,1.094997978210472,0.17060222625730148,1.0963787394109363,0.18954926268141442,0.9243957519531705,0.906829476729522,BIL,BIL
E6,VIIRS,2019-06-14,2019-06-14 19:50:01,DAY,True,0,0,0,0.0,,,,,,,,,,,,N/A,N/A
E6,VIIRS,2019-06-15,2019-06-15 06:40:00,NIGHT,False,29,29,19,0.3599166508808487,28.777819293478284,28.00273895263672,29.42902183532715,0.7750800920569606,-0.6512014637822463,0.7750800920569606,0.671026544985545,0.7927795567169761,0.7061983298812861,0.10405354707141556,0.08658122683569003,BIL,BIL
E6,VIIRS,2019-06-15,2019-06-15 08:20:02,NIGHT,False,313,313,241,4.565258571699186,28.707597474527223,28.36285400390625,29.31761360168457,0.34474305088082524,-0.6100173802051502,0.42516738249647307,0.6137338088939657,0.5254220392343951,0.6483054341239503,-0.1885664263974926,-0.12288339488955513,MUR,MUR
E6,VIIRS,2019-06-15,2019-06-15 19:30:01,DAY,False,7672,7672,3684,69.78594430763401,29.290090724257716,28.13114356994629,29.273609161376953,1.1589486788444991,0.01647898485721084,1.1594308856888071,0.31633996488719773,1.2591776168278053,0.41829359576591957,0.8430909208016094,0.8408840210618858,BIL,BIL
E6,VIIRS,2019-06-16,2019-06-16 06:20:01,NIGHT,False,1,1,1,0.018942981625307824,29.589990234375023,28.440000534057617,29.52140998840332,1.1499897003174055,0.06858024597170242,1.1499897003174055,0.06858024597170242,1.1499897003174055,0.06858024597170242,1.0814094543457031,1.0814094543457031,BIL,BIL
E6,VIIRS,2019-06-16,2019-06-16 08:00:00,NIGHT,False,0,0,0,0.0,,,,,,,,,,,,N/A,N/A
E6,VIIRS,2019-06-16,2019-06-16 19:10:01,DAY,False,2352,2352,1716,32.50615646902823,29.35908670948701,28.848854064941406,29.280622482299805,0.510231346477627,0.07846437808760723,0.5251169536530736,0.3620371915491936,0.6694896160185853,0.46783340011681784,0.16307976210388003,0.2016562159017674,BIL,BIL
E6,VIIRS,2019-06-17,2019-06-17 07:40:01,NIGHT,False,4341,4341,2590,49.062322409547264,29.00550536120153,29.149320602416992,29.058839797973633,-0.14381506500983784,-0.05333325367717938,0.22054350531246292,0.16134429087266194,0.26427577688290854,0.2030900258771495,0.05919921443980097,0.06118575100575904,BIL,BIL
E6,VIIRS,2019-06-17,2019-06-17 18:50:01,DAY,False,4461,4461,2342,44.364462966470924,29.118062384336795,29.197696685791016,29.097469329833984,-0.07963230448687122,0.02059451332068329,0.24412934213445472,0.19243102011373298,0.34741061240745263,0.3197997944731444,0.05169832202072175,0.02761081793430825,BIL,BIL
E6,MODIS,2019-06-14,2019-06-14 07:50:00,NIGHT,True,25,141,25,0.4735745406326956,28.8491931152344,28.780559539794922,29.30698013305664,0.06863304138185868,-0.4577889251708757,0.4187203826904306,0.501196121215803,0.48992022543730973,0.5600735306750259,-0.08247573852537243,-0.07015330523771612,MUR,MUR
E6,MODIS,2019-06-14,2019-06-14 18:45:00,DAY,True,0,0,0,0.0,,,,,,,,,,,,N/A,N/A
E6,MODIS,2019-06-15,2019-06-15 06:55:01,NIGHT,False,0,0,0,0.0,,,,,,,,,,,,N/A,N/A
E6,MODIS,2019-06-15,2019-06-15 19:25:01,DAY,False,2469,2763,2269,42.98162530782345,29.520855473100845,28.14124870300293,29.293935775756836,1.3796079883598842,0.22691966644326464,1.3801378079395668,0.3215239444885736,1.4465558288414953,0.40170813386285986,1.0586138634509932,1.0448476949786354,BIL,BIL
E6,MODIS,2019-06-16,2019-06-16 07:35:01,NIGHT,False,0,0,0,0.0,,,,,,,,,,,,N/A,N/A
E6,MODIS,2019-06-16,2019-06-16 18:30:01,DAY,False,0,511,0,0.0,,,,,,,,,,,,N/A,N/A
E6,MODIS,2019-06-17,2019-06-17 08:20:00,NIGHT,False,0,0,0,0.0,,,,,,,,,,,,N/A,N/A
E6,MODIS,2019-06-17,2019-06-17 19:15:00,DAY,False,1756,2485,1604,30.384542526993748,29.150579027597363,29.19394302368164,29.096410751342773,-0.043364013463303895,0.05416659917811971,0.25865357079646895,0.23255266697912289,0.3378353622811725,0.2916373156617079,0.02610090381734606,0.04619804661946458,BIL,BIL
