event_id,sensor,datetime_utc,is_peak_date,N_satellite_pixels,N_unique_MUR_cells,ratio_pixels_per_cell,total_domain_ocean_cells,fraction_MUR_cells_sampled_pct
E4,VIIRS,2015-08-03 08:00:00,True,1199,834,1.4376498800959232,5279,15.798446675506725
E4,VIIRS,2015-08-03 19:10:01,True,3257,2011,1.6195922426653406,5279,38.09433604849403
E4,VIIRS,2015-08-04 07:40:01,False,1718,1225,1.4024489795918367,5279,23.205152491002085
E4,VIIRS,2015-08-04 18:50:02,False,4288,2385,1.7979035639412997,5279,45.179011176359154
E4,VIIRS,2015-08-05 07:20:01,False,6624,3486,1.9001721170395869,5279,66.03523394582307
E4,VIIRS,2015-08-05 18:30:00,False,7098,4358,1.6287287746672785,5279,82.55351392309149
E4,VIIRS,2015-08-06 07:00:01,False,1371,840,1.6321428571428571,5279,15.912104565258572
E4,VIIRS,2015-08-06 18:10:00,False,1403,918,1.528322440087146,5279,17.389657132032582
E4,VIIRS,2015-08-06 19:50:00,False,17,13,1.3076923076923077,5279,0.2462587611290017
E4,MODIS,2015-08-03 07:20:01,True,85,80,1.0625,5279,1.515438530024626
E4,MODIS,2015-08-04 08:00:00,False,11,11,1.0,5279,0.20837279787838606
E4,MODIS,2015-08-05 07:05:01,False,597,551,1.0834845735027223,5279,10.437582875544612
E4,MODIS,2015-08-05 19:40:01,False,873,809,1.0791100123609394,5279,15.32487213487403
E4,MODIS,2015-08-06 07:50:00,False,349,319,1.0940438871473355,5279,6.042811138473195
E4,MODIS,2015-08-06 18:45:01,False,339,321,1.0560747663551402,5279,6.080697101723811
E5,VIIRS,2016-06-04 07:20:01,False,913,547,1.6691042047531992,5279,10.36181094904338
E5,VIIRS,2016-06-04 18:30:01,False,55,37,1.4864864864864864,5279,0.7008903201363894
E5,VIIRS,2016-06-05 07:00:01,True,2297,1392,1.6501436781609196,5279,26.36863042242849
E5,VIIRS,2016-06-07 06:20:02,False,24,18,1.3333333333333333,5279,0.34097366925554085
E5,VIIRS,2016-06-07 08:00:01,False,210,146,1.4383561643835616,5279,2.765675317294942
E5,VIIRS,2016-06-08 19:00:00,False,435,262,1.6603053435114503,5279,4.96306118583065
E5,MODIS,2016-06-04 19:40:01,False,6,6,1.0,5279,0.11365788975184693
E5,MODIS,2016-06-05 07:50:00,True,361,344,1.0494186046511629,5279,6.516385679105892
E5,MODIS,2016-06-08 19:15:00,False,90,86,1.0465116279069768,5279,1.629096419776473
E6,VIIRS,2019-06-14 07:00:00,True,1700,1026,1.6569200779727096,5279,19.435499147565828
E6,VIIRS,2019-06-14 18:10:01,True,2,2,1.0,5279,0.03788596325061565
E6,VIIRS,2019-06-15 06:40:00,False,29,19,1.5263157894736843,5279,0.3599166508808487
E6,VIIRS,2019-06-15 08:20:02,False,313,241,1.2987551867219918,5279,4.565258571699186
E6,VIIRS,2019-06-15 19:30:01,False,7672,3684,2.0825190010857764,5279,69.78594430763401
E6,VIIRS,2019-06-16 06:20:01,False,1,1,1.0,5279,0.018942981625307824
E6,VIIRS,2019-06-16 19:10:01,False,2352,1716,1.3706293706293706,5279,32.50615646902823
E6,VIIRS,2019-06-17 07:40:01,False,4341,2590,1.676061776061776,5279,49.062322409547264
E6,VIIRS,2019-06-17 18:50:01,False,4461,2342,1.9047822374039283,5279,44.364462966470924
E6,MODIS,2019-06-14 07:50:00,True,25,25,1.0,5279,0.4735745406326956
E6,MODIS,2019-06-15 19:25:01,False,2469,2269,1.0881445570736008,5279,42.98162530782345
E6,MODIS,2019-06-17 19:15:00,False,1756,1604,1.0947630922693268,5279,30.384542526993748
