stage,artifact_type,filename,path,purpose,canonical,obsolete,replacement,notes
Stage A,Data Manifest,inspeccion_previa.txt,reports/inspeccion_previa.txt,Auditoría preliminar de disponibilidad de archivos NetCDF decenales,CANONICAL,NO,None,"Verifica existencia física de los 4,018 días en MUR y OISST"
Stage B,Spatial NetCDF,dataset_intermedio_fase_b.nc,outputs/dataset_intermedio_fase_b.nc,Cuadrícula base con máscara oceánica corregida y covariables estáticas,INTERMEDIATE,NO,faseC2_2015_2025.nc,"Generado en Fase B.1 con 5,279 celdas oceánicas"
Stage B,Report,reporte_fase_b.txt,reports/reporte_fase_b.txt,"Censo espacial de celdas modificadas, ocean_fraction y máscara Cozumel",CANONICAL,NO,None,Documenta reasignación de 383 celdas a tierra firme
Stage C.1,Report,reporte_faseC1_2015-01-01.txt,reports/reporte_faseC1_2015-01-01.txt,"Reporte de prueba inicial bilineal identificando 1,292 NaNs costeros",HISTORICAL,NO,reporte_faseC1b_2015-01-01.txt,Evidencia primaria de la insuficiencia del soporte bilineal crudo
Stage C.1b,Report,reporte_faseC1b_2015-01-01.txt,reports/reporte_faseC1b_2015-01-01.txt,Comparación cuantitativa entre Estrategia A y Estrategia B,CANONICAL,NO,None,Documenta cuasi-equivalencia numérica (MAE = 0.0038 °C) y adopción de Estrategia A
Stage C.1c,Report,reporte_faseC1c_2015-01-01.txt,reports/reporte_faseC1c_2015-01-01.txt,Cierre de validación de Estrategia A y estabilidad temporal de nodos de soporte,CANONICAL,NO,None,Verifica 100% de cobertura en 2015-01-01 y autoriza corrida completa
Stage C.2,Master NetCDF,faseC2_2015_2025.nc,outputs/faseC2_2015_2025.nc,"Cubo decenal consolidado de SST armonizada (4,018 días × 5,279 celdas)",CANONICAL,NO,None,540.82 MB. Fuente física de verdad para la extracción de datasets ML
Stage C.2,Annual NetCDFs,faseC2_YYYY.nc,outputs/fase_c2/faseC2_2015.nc ... faseC2_2025.nc,Particiones anuales de SST armonizada,CANONICAL,NO,None,11 archivos anuales de ~11.8 MB cada uno
Stage C.2,Report,fase_c2_reporte.md,reports/fase_c2_reporte.md,Métricas anuales y decenales completas del Baseline E0,CANONICAL,NO,None,"Registra las 21,211,022 observaciones y RMSE decenal de 0.3426 °C"
Satellite Audit,Report,validacion_infrarroja_integrada_FINAL.md,reports/validacion_infrarroja_integrada_FINAL.md,Auditoría radiométrica VIIRS/MODIS L2P en eventos anómalos,CANONICAL,NO,None,Dictamen: evidencia heterogénea/inconclusa por nubosidad; C.2 intacto
MUR AE Audit,Master NetCDF,mur_analysis_error_2015_2025_completo.nc,analysis_error_historico/mur_analysis_error_2015_2025_completo.nc,Cubo decenal de la variable analysis_error de MUR L4 alineado con C.2,CANONICAL,NO,None,Fuente de verdad para la variable de control analysis_error
MUR AE Audit,Report,auditoria_analysis_error_FINAL_4018dias.md,auditoria_analysis_error/reports/auditoria_analysis_error_FINAL_4018dias.md,"Auditoría integral de correlación, gradiente monotónico y techo en 0.41 °C",CANONICAL,NO,None,Determina excluir analysis_error de los predictores ML
Stage D.1,Tabular Parquet,"ml_dataset/ (train, val, test)",ml_dataset/,Dataset tabular analítico particionado cronológicamente con Snappy,CANONICAL,NO,None,263 MB en disco; 13 variables; test 2024–2025 bloqueado
Stage D32,Frozen Cell Mask,frozen_cell_ids.csv,ml_results/E3b_D32/tables/frozen_cell_ids.csv,"Definición canónica de las 5,275 celdas marinas comunes para ML",CANONICAL,NO,None,"Inmutable desde D32; propagado estrictamente a D33, D34, D35 y D36"
Stage D32,Model Spec & Weights,E3b-C0_holdout_2021.json / model_summary.csv,ml_results/E3b_D32/,Especificación congelada de arquitectura e hiperparámetros E3b-C0,CANONICAL,NO,None,Cierra formalmente la selección de modelo en Holdout 2021
Stage D33,Validation Summary,validation_summary.csv,ml_results/E3b_D33_external_validation/tables/validation_summary.csv,Resultados de validación externa 2022–2023 y dictamen formal D33-B,CANONICAL,NO,None,Dictamen inmutable: mejora positiva con estabilidad mensual parcial
Stage D34,Diagnostics Report,faseD34_postvalidation_diagnostics_report.md,ml_results/E3b_D34_postvalidation_diagnostics/reports/faseD34_postvalidation_diagnostics_report.md,"Auditoría de regímenes de discrepancia, compresión de amplitud y covariables espaciales",CANONICAL,NO,None,Concluye con recomendación de proceder a Final Test
Stage D35,Audited Test Report,faseD35_FINAL_TEST_E3b_C0_FINAL_CORRECTED.md,ml_results/E3b_D35_final_test/reports/faseD35_FINAL_TEST_E3b_C0_FINAL_CORRECTED.md,Reporte final auditado de evaluación en Final Test 2024–2025 y dictamen D35-A,CANONICAL,NO,None,Generalización terminal confirmada (+7.2247% RMSE); TEST CONSUMED
Stage D36,Consolidation Suite,ML_FINAL_SYNTHESIS.md / tables / figures,ml_results/E3b_FINAL_SYNTHESIS/,"Suite de consolidación de D31–D35, tablas de paper y cierre científico",CANONICAL,NO,None,Cierre formal del bloque de Machine Learning
