correction_id,document,section,issue,original_value_or_text,corrected_value_or_text,canonical_source,reason,experimental_result_changed,status,original_claim
CORR-01,DOCUMENTATION_GAPS_A_D.md,2. Tabla Maestra de Gaps,Inclusión formal de GAP-09 a GAP-12 con estado RESOLVED & DOCUMENTED,GAPs 01 a 08,GAPs 01 a 12,"final_test_freeze_manifest.json, monthly_metrics.csv, metricas_diarias_2015_2025.csv","Reconciliar discrepancias de thresholds, desglose mensual, hash espacial y RMSE de C2",NO,APPLIED,
CORR-02,THESIS_RESULTS_MASTER_A_D.md,14. Residual-Regime Dependence,Umbrales no canónicos en descripción de regímenes (GAP-09),"0.177, 0.354, 0.536, 0.697, 1.054 °C","0.2066, 0.3604, 0.5377, 0.6652, 0.9659 °C","final_test_freeze_manifest.json, residual_regime_metrics.csv",Alinear texto descriptivo con los percentiles DEV pre-test congelados exactos,NO,APPLIED,
CORR-03,THESIS_RESULTS_MASTER_A_D.md,12. Temporal Robustness,Desglose anual erróneo de meses mejorados (GAP-10),"11 de 12 en 2024, 7 de 12 en 2025","9 de 12 en 2024 (75.0%), 9 de 12 en 2025 (75.0%)",monthly_metrics.csv (columna DeltaRMSE),El cálculo directo sobre monthly_metrics.csv arroja exactamente 9 meses positivos en cada año,NO,APPLIED,
CORR-04,REPRODUCIBILITY_MAP_A_D.md,3. Cryptographic Hashes,Hash de frozen_spatial_metadata.csv incorrecto (GAP-11),a93b4554a9386c9e99551c68d197607a72dd37803e6592233f211333792b0c2a,8cc02f86b14d5bc0bd255bbe896b3d237df5fbf219ce3d1a5eec4283d0a1e365,final_test_freeze_manifest.json,Hash canónico pre-test verificado contra el archivo físico y el manifiesto,NO,APPLIED,
CORR-05,THESIS_RESULTS_MASTER_A_D.md,5. Full Harmonization Results,Aclaración de C2 Pooled RMSE vs Mean Daily RMSE (GAP-12),RMSE = 0.3426 °C; osciló entre 0.2724 °C (2018) y 0.3257 °C (2024),RMSE global agrupado (pooled) = 0.3426 °C; promedio diario decenal = 0.3019 °C; promedio diario anual osciló entre 0.2724 °C (2018) y 0.3257 °C (2024); RMSE agrupado anual osciló entre 0.3034 °C (2018) y 0.3811 °C (2015),"fase_c2_reporte.md, metricas_diarias_2015_2025.csv",Diferenciar con rigor matemático el RMSE espacio-temporal agrupado del promedio de RMSEs diarios,NO,APPLIED,
CORR-06,THESIS_DISCUSSION_NOTES_A_D.md,2. Category I,Eliminación de lenguaje mecanicista no demostrado en parsimonia (D32),"lags introducen persistencia estacional espuria, vecindades amplifican ruido costero",Las extensiones temporales y espaciales evaluadas no aportaron skill incremental relativo a E3b-C0. El mecanismo responsable de su menor desempeño no fue aislado.,feature_ablation.csv (D32),Cumplir con la política de afirmaciones descriptivas fundamentadas,NO,APPLIED,
CORR-07,THESIS_DISCUSSION_NOTES_A_D.md,2. Category I,Sustitución de términos 'ruido' y 'gradientes físicos genuinos',"ruido radiométrico de sensor, piso de ruido, gradientes térmicos verdaderos","régimen de discrepancia reducida MUR–BIL, discrepancias mayores MUR–BIL",residual_regime_metrics.csv (D35),Evitar atribuciones físicas sin ground truth independiente,NO,APPLIED,
CORR-08,THESIS_METHODS_MASTER_A_D.md,1. Study Area,,El dominio abarca el canal de Yucatán,"Sector Tulum–Cozumel, canal de Cozumel y Caribe mexicano (el canal de Yucatán propiamente dicho se sitúa al norte de 21.5°N)",config.py,Ajuste geográfico estricto a las coordenadas [19.90–20.75°N],NO,APPLIED,Inclusión errónea del Canal de Yucatán en el área de estudio
CORR-09,REPRODUCIBILITY_MAP_A_D.md,5. Status,Actualización del estado de la capa documental,No especificado,EXPERIMENTAL LAYER: CLOSED | FINAL TEST: CONSUMED | DOCUMENTATION LAYER: AUDITED / FROZEN,Auditoría final,Declarar congelamiento formal de la documentación tras resolver todos los gaps,NO,APPLIED,
