decision_id,stage,substage,date_or_period,problem,alternatives_considered,evidence,decision,rationale,consequence,source_file,status
DEC-01,Stage B,B,2026-08-21,Selección de cuadrícula espacial maestra para el corredor Tulum–Cozumel,"Grilla nativa OISST (0.25°), Grilla nativa MUR (0.01°), Grilla UTM regular remuestreada",MUR v4.1 provee resolución analítica de 0.01° (~1 km) en coordenadas geográficas estándar,"Adoptar cuadrícula MUR (86 × 96 celdas, [19.90°N, 20.75°N], [-87.60°W, -86.65°W])",Permite downscaling directo preservando la geometría nativa de la referencia de mayor resolución,"Todas las covariables estáticas y dinámicas se remuestrean a esta malla base de 8,256 celdas","config.py, reports/inspeccion_previa.txt",CANONICAL
DEC-02,Stage B,B.1,2026-08-23,Máscara oceánica nativa de MUR clasifica como agua celdas terrestres mixtas y el interior de Cozumel,"Máscara MUR nativa sin modificar, Máscara GEBCO binaria (cota > 0), Máscara híbrida con umbral de fracción oceánica",GEBCO 15 arc-sec revela que 383 celdas marcadas como océano por MUR tienen fracción oceánica < 0.5 o son tierra firme,"Definir M_final = M_MUR AND (ocean_fraction >= 0.5), forzando interior de Cozumel a tierra",Evita contaminación costera por reflectancia terrestre en celdas predominantemente terrestres,"Dominio oceánico base fijado en exactamente 5,279 celdas marinas y 2,977 terrestres",reports/reporte_fase_b.txt,CANONICAL
DEC-03,Stage C,C.1b,2026-08-23,"Interpolación bilineal de OISST produce 1,292 NaNs costeros (24.47% de celdas oceánicas) por 20 nodos terrestres","Estrategia A (extensión costera nearest-ocean en 0.25°), Estrategia B (triangulación 2D Delaunay en nodos marinos)","Ambas estrategias logran 100% de cobertura (5,279 celdas); MAE A vs B es de solo 0.0038 °C (P95 = 0.0214 °C)",Adoptar Estrategia A (soporte costero regular de 0.25° -> bilineal -> recorte estricto con ocean_mask_final),"Preserva la formulación cartesiana estándar, es computacionalmente eficiente para 4,018 días y registra soporte",Se genera campo OISST_BIL continuo en el 100% del dominio marino sin alterar datos continentales,reports/reporte_faseC1b_2015-01-01.txt,CANONICAL
DEC-04,Stage C,Satellite Validation,2026-08-30,Pico anómalo de discrepancia MUR–BIL en octubre 2015 sugiere posible artefacto en MUR,"Modificar/eliminar fechas anómalas de faseC2, sustituir con L2P, mantener C.2 intacto",Auditoría VIIRS/MODIS L2P muestra cobertura de datos limpios (QL=5) de 0.0% a 0.1% por persistencia de nubes,Mantener C.2 intacto sin alteraciones retrospectivas ad-hoc,No existe base observacional cuantitativa para descartar o alterar selectivamente fechas en un producto L4 consolidado,MUR se asume formalmente como referencia operacional de alta resolución con incertidumbre interna asociada,reports/validacion_infrarroja_integrada_FINAL.md,CANONICAL
DEC-05,Stage C / D,MUR AE / D.1,2026-08-31,Determinación del rol metodológico de la variable MUR analysis_error en el modelo ML,"Predictor dinámico en vector de entrada (X), ponderador en función de pérdida, variable exclusiva de control/diagnóstico",analysis_error satura asintóticamente en 0.41 °C en eventos nubosos y representa incertidumbre de la referencia,Excluir analysis_error de las features de entrada; utilizarlo exclusivamente como variable de control y auditoría,Evitar circularidad epistemológica: un predictor no debe basarse en el reporte de error de la propia variable objetivo,analysis_error se almacena en el dataset tabular pero nunca ingresa a la matriz de diseño de los modelos,"ml_dataset/METADATA.md, auditoria_analysis_error/reports/auditoria_analysis_error_FINAL_4018dias.md",CANONICAL
DEC-06,Stage D,D.Dataset,2026-09-05,"Estrategia de partición para entrenamiento, validación y prueba en datos geofísicos espaciotemporales","Random K-Fold Cross-Validation, Spatial Block Split, Partición Temporal Cronológica Bloqueada",La autocorrelación temporal produce filtración masiva de información (data leakage) en particiones aleatorias,"Partición temporal cronológica: Dev (2015–2020), Holdout (2021), Val (2022–2023), Final Test (2024–2025)",Garantiza evaluación genuinamente fuera de muestra que simula la operación predictiva real en el tiempo,Final Test 2024–2025 queda completamente ciego y bloqueado hasta la fase final confirmatoria D35,ml_dataset/METADATA.md,CANONICAL
DEC-07,Stage D,D32,2026-09-05,"Selección de arquitectura, features y modelo para la predicción del residual fino R","Seis ablaciones prespecificadas: E3b-C0 (core), E3b-T1 (lag1), E3b-T3 (lag3), E3b-S (espacial), E3b-TS, E3b-ALL",E3b-C0 logró la mayor mejora en Holdout 2021 (+2.84243%); lags temporales y features de vecindad degradaron el skill,"Seleccionar E3b-C0 (features: sst_bil, doy_sin, doy_cos, depth; XGBoost n=19, d=4, lr=0.10) por parsimonia y desempeño",Principio de parsimonia científica: el modelo más simple supera consistentemente a formulaciones complejas,"Se congelan definitivamente la especificación y las 5,275 celdas comunes (frozen_cell_ids.csv)","ml_results/E3b_D32/tables/model_summary.csv, feature_ablation.csv",CANONICAL
DEC-08,Stage D,D33,2026-09-05,Dictamen metodológico formal tras evaluación de E3b-C0 en Validación Externa 2022–2023,"D33-A (Generalización Completa Confirmada), D33-B (Generalización Parcial/Inestable), D33-C (Fallo)","Mejora global positiva (+3.5237% RMSE, 90.14% celdas), pero solo 16/24 meses mejorados (criterio D33-A exigía >=18)",Emitir dictamen formal inmutable D33-B y pausar avance a Final Test para auditoría diagnóstica,Cumplimiento estricto del protocolo predeclarado: no flexibilizar criterios ante resultados marginales,Se inicia la Fase D.3.4 de auditoría diagnóstica sin modificar el modelo ni abrir Final Test,ml_results/E3b_D33_external_validation/tables/validation_summary.csv,CANONICAL
DEC-09,Stage D,D34 / D35,2026-09-05,Autorización para proceder a la evaluación final en Final Test 2024–2025,"Suspender proyecto por inestabilidad mensual, reentrenar con nuevas variables, proceder a Final Test congelado",D34 demostró que la inestabilidad mensual es inherente al bajo residual estacional y no a sobreajuste del modelo,Proceder a Final Test 2024–2025 con protocolo de ejecución completamente congelado,La formulación E3b-C0 está científicamente validada; el objetivo del test ciego es medir su generalización terminal,Se ejecuta D35 consumiendo definitivamente el conjunto de prueba ciego 2024–2025,ml_results/E3b_D34_postvalidation_diagnostics/reports/faseD34_postvalidation_diagnostics_report.md,CANONICAL
DEC-10,Stage D,D35,2026-09-05,Dictamen formal final de generalización out-of-sample en Test 2024–2025,"D35-A (Generalización Final Confirmada), D35-B (Generalización Parcial), D35-C (Fallo Terminal)","+7.2247% mejora global de RMSE; 18/24 meses mejorados; 484/731 días; 5,273/5,275 celdas (99.96%); bootstrap CI excluye 0",Emitir dictamen formal D35-A: FINAL GENERALIZATION CONFIRMED; declarar TEST CONSUMED,"Todos los criterios confirmatorios primarios, temporales y espaciales fueron plenamente superados",El modelo E3b-C0 queda científicamente cerrado y validado; se prohíbe reentrenar o ajustar sobre 2024–2025,ml_results/E3b_D35_final_test/tables/decision_criteria_D35.csv,CANONICAL
DEC-11,Stage D,D36,2026-09-05,Consolidación científica definitiva y cierre de desarrollo del bloque de Machine Learning,"Probar nuevas arquitecturas (CNN, transformers), reabrir tuning, cerrar desarrollo y consolidar evidencia",Final Test ya fue consumido; la reapertura de modelos sobre el periodo de prueba violaría la ética metodológica,Declarar el desarrollo de modelos de Machine Learning CIENTÍFICAMENTE CERRADO,"La evidencia experimental es definitiva, trazable y suficiente para la redacción de la tesis y publicaciones","Todo trabajo posterior se limita a síntesis, trazabilidad y redacción documental",ml_results/E3b_FINAL_SYNTHESIS/reports/ML_FINAL_SYNTHESIS.md,CANONICAL
