event_id,date,datetime_utc,day_night,N_collocated,SST_sat_mean,SST_MUR_mean,SST_BIL_mean,Bias_sat_MUR,MAE_sat_MUR,RMSE_sat_MUR,Bias_sat_BIL,MAE_sat_BIL,RMSE_sat_BIL
E1,2015-10-21,2015-10-21 19:10:01,DAY,3357,28.982494724468015,28.491132736206055,28.630701065063477,0.4913612610036232,0.5151051313066947,0.5840053957378342,0.35179437245861844,0.37103731770726156,0.4286202769550299
E2,2021-11-17,2021-11-17 18:50:01,DAY,1,29.114984130859398,27.625999450683594,28.917959213256836,1.488984680175804,1.488984680175804,1.488984680175804,0.1970249176025618,0.1970249176025618,0.1970249176025618
E2,2021-11-19,2021-11-19 07:45:00,NIGHT,7,27.937136404854932,28.055143356323242,28.689802169799805,-0.11800667898993263,0.17686462402342126,0.20837726743740267,-0.7526633126394862,0.7526633126394862,0.8110234230902614
E2,2021-11-19,2021-11-19 18:40:00,DAY,61,28.597696673283824,28.012622833251953,28.682125091552734,0.5850737774958603,0.5947791552934695,0.6601888908693628,-0.08442829319685867,0.255238204705905,0.3107199693558747
E3,2024-10-20,2024-10-20 19:20:01,DAY,3,28.133325195312523,28.99366569519043,29.1204891204834,-0.8603411356607845,0.8603411356607845,0.8612792303066552,-0.9871645609537533,0.9871645609537533,0.9887392999050438
E4,2015-08-03,2015-08-03 07:20:01,NIGHT,85,28.92140359317557,28.904830932617188,29.390295028686523,0.0165683746338118,0.24488181170295187,0.31044745324164125,-0.4688930287080425,0.48869310266829336,0.569826873655843
E4,2015-08-04,2015-08-04 08:00:00,NIGHT,11,28.724539462002863,29.273542404174805,29.814298629760742,-0.5490057164972252,0.705005264282208,0.7123132197892144,-1.089758820967218,1.1080443295565332,1.1577652561523255
E4,2015-08-05,2015-08-05 07:05:01,NIGHT,597,29.736366494336938,29.491464614868164,28.776657104492188,0.24490249288743343,0.3533124434888147,0.48274286641018554,0.9597073515056793,0.9716664798295901,1.0077147022947068
E4,2015-08-05,2015-08-05 19:40:01,DAY,873,29.004093529350587,29.218351364135742,28.768545150756836,-0.2142581166270445,0.4935625729555355,0.6153830375082016,0.23554955184257134,0.31968928770785304,0.4032805642887722
E4,2015-08-06,2015-08-06 07:50:00,NIGHT,349,28.430579872459283,29.167633056640625,29.189970016479492,-0.7370533372064488,0.7955963397094193,0.9449299338804831,-0.7593918054356389,0.7607785014504808,0.8199917273105405
E4,2015-08-06,2015-08-06 18:45:01,DAY,339,29.08261848382193,28.94444465637207,29.20379066467285,0.13817303412785736,0.23379959286490967,0.2873049003151426,-0.12117263096269792,0.2214860910511213,0.27329397777470654
E5,2016-06-04,2016-06-04 19:40:01,DAY,6,28.237486775716167,28.991662979125977,29.433923721313477,-0.7541797002156349,0.7541797002156349,0.783933333414589,-1.1964372634887468,1.1964372634887468,1.2124823788451193
E5,2016-06-05,2016-06-05 07:50:00,NIGHT,361,28.2779430949457,28.586856842041016,29.61956214904785,-0.3089128594649238,0.3206296122965518,0.36760240797360694,-1.341619138638376,1.341619138638376,1.3744377862872539
E5,2016-06-08,2016-06-08 19:15:00,DAY,90,29.39838121202259,29.208953857421875,29.738428115844727,0.18942563798694764,0.21922777387832562,0.264422083674703,-0.340045844184005,0.3687748803032567,0.4033675922093177
E6,2019-06-14,2019-06-14 07:50:00,NIGHT,25,28.8491931152344,28.780559539794922,29.30698013305664,0.06863304138185868,0.4187203826904306,0.48992022543730973,-0.4577889251708757,0.501196121215803,0.5600735306750259
E6,2019-06-15,2019-06-15 19:25:01,DAY,2469,29.520855473100845,28.14124870300293,29.293935775756836,1.3796079883598842,1.3801378079395668,1.4465558288414953,0.22691966644326464,0.3215239444885736,0.40170813386285986
E6,2019-06-17,2019-06-17 19:15:00,DAY,1756,29.150579027597363,29.19394302368164,29.096410751342773,-0.043364013463303895,0.25865357079646895,0.3378353622811725,0.05416659917811971,0.23255266697912289,0.2916373156617079
