event_id,sensor,subset_name,date,datetime_utc,day_night,N_roi,N_finite_sst,N_QL5,N_QL4,N_QL_ge4,N_QL5_4um,coverage_QL5_pct,coverage_QLge4_pct,sst_mean_QL5,sst_median_QL5,sst_std_QL5,sst_min_QL5,sst_max_QL5,N_collocated,Bias_sat_MUR,MAE_sat_MUR,RMSE_sat_MUR,Bias_sat_BIL,MAE_sat_BIL,RMSE_sat_BIL
E1,MODIS,20151017070009-JPL-L2P_GHRSST-SSTskin-MODIS_A-N-v02.0-fv01.0_subsetted.nc,2015-10-17,2015-10-17 07:00:00,NIGHT,3168,520,0,0,0,0,0.0,0.0,,,,,,0,,,,,,
E1,MODIS,20151017193000-JPL-L2P_GHRSST-SSTskin-MODIS_A-D-v02.0-fv01.0_subsetted.nc,2015-10-17,2015-10-17 19:30:00,DAY,4119,0,0,0,0,0,0.0,0.0,,,,,,0,,,,,,
E1,MODIS,20151017193509-JPL-L2P_GHRSST-SSTskin-MODIS_A-D-v02.0-fv01.0_subsetted.nc,2015-10-17,2015-10-17 19:35:00,DAY,837,0,0,0,0,0,0.0,0.0,,,,,,0,,,,,,
E1,MODIS,20151018074510-JPL-L2P_GHRSST-SSTskin-MODIS_A-N-v02.0-fv01.0_subsetted.nc,2015-10-18,2015-10-18 07:45:01,NIGHT,8147,182,0,0,0,0,0.0,0.0,,,,,,0,,,,,,
E1,MODIS,20151018183510-JPL-L2P_GHRSST-SSTskin-MODIS_A-D-v02.0-fv01.0_subsetted.nc,2015-10-18,2015-10-18 18:35:01,DAY,3415,824,0,0,0,0,0.0,0.0,,,,,,0,,,,,,
E1,MODIS,20151018184010-JPL-L2P_GHRSST-SSTskin-MODIS_A-D-v02.0-fv01.0_subsetted.nc,2015-10-18,2015-10-18 18:40:01,DAY,7,0,0,0,0,0,0.0,0.0,,,,,,0,,,,,,
E1,MODIS,20151019065001-JPL-L2P_GHRSST-SSTskin-MODIS_A-N-v02.0-fv01.0_subsetted.nc,2015-10-19,2015-10-19 06:50:01,NIGHT,511,0,0,0,0,0,0.0,0.0,,,,,,0,,,,,,
E1,MODIS,20151019192010-JPL-L2P_GHRSST-SSTskin-MODIS_A-D-v02.0-fv01.0_subsetted.nc,2015-10-19,2015-10-19 19:20:01,DAY,7788,0,0,0,0,0,0.0,0.0,,,,,,0,,,,,,
E1,MODIS,20151020073000-JPL-L2P_GHRSST-SSTskin-MODIS_A-N-v02.0-fv01.0_subsetted.nc,2015-10-20,2015-10-20 07:30:00,NIGHT,9123,0,0,0,0,0,0.0,0.0,,,,,,0,,,,,,
E1,MODIS,20151020182509-JPL-L2P_GHRSST-SSTskin-MODIS_A-D-v02.0-fv01.0_subsetted.nc,2015-10-20,2015-10-20 18:25:00,DAY,1800,1043,0,2,2,0,0.0,0.03389830508474576,,,,,,0,,,,,,
E1,MODIS,20151021081510-JPL-L2P_GHRSST-SSTskin-MODIS_A-N-v02.0-fv01.0_subsetted.nc,2015-10-21,2015-10-21 08:15:01,NIGHT,2446,1514,0,50,50,0,0.0,0.847457627118644,,,,,,0,,,,,,
E1,MODIS,20151021191010-JPL-L2P_GHRSST-SSTskin-MODIS_A-D-v02.0-fv01.0_subsetted.nc,2015-10-21,2015-10-21 19:10:01,DAY,9224,5874,3358,549,3907,0,56.91525423728814,66.22033898305085,28.98245675846395,28.969995117187523,0.27063679778190763,28.149987792968773,29.784997558593773,3357,0.4913612610036232,0.5151051313066947,0.5840053957378342,0.35179437245861844,0.37103731770726156,0.4286202769550299
E2,MODIS,20211117075501-JPL-L2P_GHRSST-SSTskin-MODIS_A-N-v02.0-fv01.0_subsetted.nc,2021-11-17,2021-11-17 07:55:01,NIGHT,5315,1304,0,0,0,0,0.0,0.0,,,,,,0,,,,,,
E2,MODIS,20211117185001-JPL-L2P_GHRSST-SSTskin-MODIS_A-D-v02.0-fv01.0_subsetted.nc,2021-11-17,2021-11-17 18:50:01,DAY,5712,3105,1,8,9,0,0.01694915254237288,0.15254237288135594,29.114984130859398,29.114984130859398,0.0,29.114984130859398,29.114984130859398,1,1.488984680175804,1.488984680175804,1.488984680175804,0.1970249176025618,0.1970249176025618,0.1970249176025618
E2,MODIS,20211118070001-JPL-L2P_GHRSST-SSTskin-MODIS_A-N-v02.0-fv01.0_subsetted.nc,2021-11-18,2021-11-18 07:00:01,NIGHT,3158,79,0,0,0,0,0.0,0.0,,,,,,0,,,,,,
E2,MODIS,20211118193501-JPL-L2P_GHRSST-SSTskin-MODIS_A-D-v02.0-fv01.0_subsetted.nc,2021-11-18,2021-11-18 19:35:01,DAY,4941,2557,0,2,2,0,0.0,0.03389830508474576,,,,,,0,,,,,,
E2,MODIS,20211119074500-JPL-L2P_GHRSST-SSTskin-MODIS_A-N-v02.0-fv01.0_subsetted.nc,2021-11-19,2021-11-19 07:45:00,NIGHT,8159,2123,7,6,13,13,0.11864406779661016,0.22033898305084745,27.937136404854932,27.980004882812523,0.2980324411326757,27.334985351562523,28.385003662109398,7,-0.11800667898993263,0.17686462402342126,0.20837726743740267,-0.7526633126394862,0.7526633126394862,0.8110234230902614
E2,MODIS,20211119184000-JPL-L2P_GHRSST-SSTskin-MODIS_A-D-v02.0-fv01.0_subsetted.nc,2021-11-19,2021-11-19 18:40:00,DAY,3423,2162,62,122,184,0,1.0508474576271187,3.1186440677966103,28.596604673324105,28.592492675781273,0.29550077547659986,27.909997558593773,29.274987792968773,61,0.5850737774958603,0.5947791552934695,0.6601888908693628,-0.08442829319685867,0.255238204705905,0.3107199693558747
E3,MODIS,20241019075001-JPL-L2P_GHRSST-SSTskin-MODIS_A-N-v02.0-fv01.0_subsetted.nc,2024-10-19,2024-10-19 07:50:01,NIGHT,3727,0,0,0,0,0,0.0,0.0,,,,,,0,,,,,,
E3,MODIS,20241019202001-JPL-L2P_GHRSST-SSTskin-MODIS_A-D-v02.0-fv01.0_subsetted.nc,2024-10-19,2024-10-19 20:20:01,DAY,4400,0,0,0,0,0,0.0,0.0,,,,,,0,,,,,,
E3,MODIS,20241020083001-JPL-L2P_GHRSST-SSTskin-MODIS_A-N-v02.0-fv01.0_subsetted.nc,2024-10-20,2024-10-20 08:30:01,NIGHT,8054,411,0,0,0,0,0.0,0.0,,,,,,0,,,,,,
E3,MODIS,20241020192001-JPL-L2P_GHRSST-SSTskin-MODIS_A-D-v02.0-fv01.0_subsetted.nc,2024-10-20,2024-10-20 19:20:01,DAY,3387,1534,3,0,3,0,0.05084745762711865,0.05084745762711865,28.133325195312523,28.149987792968773,0.054366343812224584,28.059991455078148,28.189996337890648,3,-0.8603411356607845,0.8603411356607845,0.8612792303066552,-0.9871645609537533,0.9871645609537533,0.9887392999050438
E4,MODIS,20150803072010-JPL-L2P_GHRSST-SSTskin-MODIS_A-N-v02.0-fv01.0_subsetted.nc,2015-08-03,2015-08-03 07:20:01,NIGHT,6783,3595,85,95,180,219,1.4406779661016949,3.050847457627119,28.92140359317557,28.864984130859398,0.3594994589506028,27.784997558593773,29.754998779296898,85,0.0165683746338118,0.24488181170295187,0.31044745324164125,-0.4688930287080425,0.48869310266829336,0.569826873655843
E4,MODIS,20150803195010-JPL-L2P_GHRSST-SSTskin-MODIS_A-D-v02.0-fv01.0_subsetted.nc,2015-08-03,2015-08-03 19:50:01,DAY,2255,1402,0,240,240,0,0.0,4.067796610169491,,,,,,0,,,,,,
E4,MODIS,20150804080009-JPL-L2P_GHRSST-SSTskin-MODIS_A-N-v02.0-fv01.0_subsetted.nc,2015-08-04,2015-08-04 08:00:00,NIGHT,4111,2380,11,35,46,10,0.1864406779661017,0.7796610169491526,28.724539462002863,28.665002441406273,0.3070797529981191,28.450006103515648,29.659997558593773,11,-0.5490057164972252,0.705005264282208,0.7123132197892144,-1.089758820967218,1.1080443295565332,1.1577652561523255
E4,MODIS,20150804185509-JPL-L2P_GHRSST-SSTskin-MODIS_A-D-v02.0-fv01.0_subsetted.nc,2015-08-04,2015-08-04 18:55:00,DAY,7166,3771,0,1770,1770,0,0.0,30.0,,,,,,0,,,,,,
E4,MODIS,20150805070510-JPL-L2P_GHRSST-SSTskin-MODIS_A-N-v02.0-fv01.0_subsetted.nc,2015-08-05,2015-08-05 07:05:01,NIGHT,4119,2580,597,270,867,912,10.11864406779661,14.694915254237287,29.736366494336938,29.760003662109398,0.2777380398977325,27.984979248046898,30.554986572265648,597,0.24490249288743343,0.3533124434888147,0.48274286641018554,0.9597073515056793,0.9716664798295901,1.0077147022947068
E4,MODIS,20150805194010-JPL-L2P_GHRSST-SSTskin-MODIS_A-D-v02.0-fv01.0_subsetted.nc,2015-08-05,2015-08-05 19:40:01,DAY,3814,2313,873,139,1012,0,14.796610169491526,17.152542372881356,29.004093529350587,28.984979248046898,0.31119615983773186,28.144982910156273,30.109979248046898,873,-0.2142581166270445,0.4935625729555355,0.6153830375082016,0.23554955184257134,0.31968928770785304,0.4032805642887722
E4,MODIS,20150806075000-JPL-L2P_GHRSST-SSTskin-MODIS_A-N-v02.0-fv01.0_subsetted.nc,2015-08-06,2015-08-06 07:50:00,NIGHT,6730,4178,349,389,738,244,5.915254237288135,12.508474576271187,28.430579872459283,28.424981689453148,0.3096144649560169,27.609979248046898,29.299981689453148,349,-0.7370533372064488,0.7955963397094193,0.9449299338804831,-0.7593918054356389,0.7607785014504808,0.8199917273105405
E4,MODIS,20150806184501-JPL-L2P_GHRSST-SSTskin-MODIS_A-D-v02.0-fv01.0_subsetted.nc,2015-08-06,2015-08-06 18:45:01,DAY,4438,2710,339,143,482,0,5.7457627118644075,8.169491525423728,29.08261848382193,29.075006103515648,0.23483184639334814,28.329980468750023,29.709985351562523,339,0.13817303412785736,0.23379959286490967,0.2873049003151426,-0.12117263096269792,0.2214860910511213,0.27329397777470654
E5,MODIS,20160604070510-JPL-L2P_GHRSST-SSTskin-MODIS_A-N-v02.0-fv01.0_subsetted.nc,2016-06-04,2016-06-04 07:05:01,NIGHT,4135,2579,0,0,0,0,0.0,0.0,,,,,,0,,,,,,
E5,MODIS,20160604194010-JPL-L2P_GHRSST-SSTskin-MODIS_A-D-v02.0-fv01.0_subsetted.nc,2016-06-04,2016-06-04 19:40:01,DAY,3801,2229,6,6,12,0,0.1016949152542373,0.2033898305084746,28.237486775716167,28.22248229980471,0.1957455018894302,27.989984130859398,28.629998779296898,6,-0.7541797002156349,0.7541797002156349,0.783933333414589,-1.1964372634887468,1.1964372634887468,1.2124823788451193
E5,MODIS,20160605075000-JPL-L2P_GHRSST-SSTskin-MODIS_A-N-v02.0-fv01.0_subsetted.nc,2016-06-05,2016-06-05 07:50:00,NIGHT,6703,3941,361,359,720,494,6.11864406779661,12.203389830508476,28.2779430949457,28.264978027343773,0.23968539032707464,27.739984130859398,28.964990234375023,361,-0.3089128594649238,0.3206296122965518,0.36760240797360694,-1.341619138638376,1.341619138638376,1.3744377862872539
E5,MODIS,20160605184501-JPL-L2P_GHRSST-SSTskin-MODIS_A-D-v02.0-fv01.0_subsetted.nc,2016-06-05,2016-06-05 18:45:01,DAY,4453,647,0,0,0,0,0.0,0.0,,,,,,0,,,,,,
E5,MODIS,20160606065510-JPL-L2P_GHRSST-SSTskin-MODIS_A-N-v02.0-fv01.0_subsetted.nc,2016-06-06,2016-06-06 06:55:01,NIGHT,2439,0,0,0,0,0,0.0,0.0,,,,,,0,,,,,,
E5,MODIS,20160606192509-JPL-L2P_GHRSST-SSTskin-MODIS_A-D-v02.0-fv01.0_subsetted.nc,2016-06-06,2016-06-06 19:25:00,DAY,6336,184,0,0,0,0,0.0,0.0,,,,,,0,,,,,,
E5,MODIS,20160607073510-JPL-L2P_GHRSST-SSTskin-MODIS_A-N-v02.0-fv01.0_subsetted.nc,2016-06-07,2016-06-07 07:35:01,NIGHT,9105,4092,0,4,4,2,0.0,0.06779661016949153,,,,,,0,,,,,,
E5,MODIS,20160607183010-JPL-L2P_GHRSST-SSTskin-MODIS_A-D-v02.0-fv01.0_subsetted.nc,2016-06-07,2016-06-07 18:30:01,DAY,2652,87,0,0,0,0,0.0,0.0,,,,,,0,,,,,,
E5,MODIS,20160608082009-JPL-L2P_GHRSST-SSTskin-MODIS_A-N-v02.0-fv01.0_subsetted.nc,2016-06-08,2016-06-08 08:20:00,NIGHT,657,0,0,0,0,0,0.0,0.0,,,,,,0,,,,,,
E5,MODIS,20160608191509-JPL-L2P_GHRSST-SSTskin-MODIS_A-D-v02.0-fv01.0_subsetted.nc,2016-06-08,2016-06-08 19:15:00,DAY,8930,5066,90,79,169,0,1.5254237288135595,2.864406779661017,29.39838121202259,29.389978027343773,0.17995403082687195,29.024987792968773,30.049981689453148,90,0.18942563798694764,0.21922777387832562,0.264422083674703,-0.340045844184005,0.3687748803032567,0.4033675922093177
E6,MODIS,20190614075000-JPL-L2P_GHRSST-SSTskin-MODIS_A-N-v02.0-fv01.0_subsetted.nc,2019-06-14,2019-06-14 07:50:00,NIGHT,6749,4044,25,116,141,73,0.423728813559322,2.3898305084745766,28.8491931152344,28.809991455078148,0.3399464606676715,28.114984130859398,29.589990234375023,25,0.06863304138185868,0.4187203826904306,0.48992022543730973,-0.4577889251708757,0.501196121215803,0.5600735306750259
E6,MODIS,20190614184500-JPL-L2P_GHRSST-SSTskin-MODIS_A-D-v02.0-fv01.0_subsetted.nc,2019-06-14,2019-06-14 18:45:00,DAY,4422,165,0,0,0,0,0.0,0.0,,,,,,0,,,,,,
E6,MODIS,20190615065501-JPL-L2P_GHRSST-SSTskin-MODIS_A-N-v02.0-fv01.0_subsetted.nc,2019-06-15,2019-06-15 06:55:01,NIGHT,2429,1557,0,0,0,0,0.0,0.0,,,,,,0,,,,,,
E6,MODIS,20190615192501-JPL-L2P_GHRSST-SSTskin-MODIS_A-D-v02.0-fv01.0_subsetted.nc,2019-06-15,2019-06-15 19:25:01,DAY,6355,3979,2469,294,2763,0,41.847457627118644,46.83050847457627,29.520855473100845,29.529992675781273,0.2329818842477488,28.284997558593773,30.219995117187523,2469,1.3796079883598842,1.3801378079395668,1.4465558288414953,0.22691966644326464,0.3215239444885736,0.40170813386285986
E6,MODIS,20190616073501-JPL-L2P_GHRSST-SSTskin-MODIS_A-N-v02.0-fv01.0_subsetted.nc,2019-06-16,2019-06-16 07:35:01,NIGHT,9110,11,0,0,0,0,0.0,0.0,,,,,,0,,,,,,
E6,MODIS,20190616183001-JPL-L2P_GHRSST-SSTskin-MODIS_A-D-v02.0-fv01.0_subsetted.nc,2019-06-16,2019-06-16 18:30:01,DAY,2630,1695,0,511,511,0,0.0,8.661016949152541,,,,,,0,,,,,,
E6,MODIS,20190617082000-JPL-L2P_GHRSST-SSTskin-MODIS_A-N-v02.0-fv01.0_subsetted.nc,2019-06-17,2019-06-17 08:20:00,NIGHT,787,167,0,0,0,0,0.0,0.0,,,,,,0,,,,,,
E6,MODIS,20190617191500-JPL-L2P_GHRSST-SSTskin-MODIS_A-D-v02.0-fv01.0_subsetted.nc,2019-06-17,2019-06-17 19:15:00,DAY,8963,5632,1756,729,2485,0,29.762711864406782,42.11864406779661,29.150579027597363,29.179986572265648,0.30376021940528275,27.600000000000023,30.064996337890648,1756,-0.043364013463303895,0.25865357079646895,0.3378353622811725,0.05416659917811971,0.23255266697912289,0.2916373156617079
