event_id,sensor,subset_name,date,datetime_utc,day_night,N_roi,N_finite_sst,N_QL5,N_QL4,N_QL_ge4,coverage_QL5_pct,coverage_QLge4_pct,sst_mean_QL5,sst_median_QL5,sst_std_QL5,sst_min_QL5,sst_max_QL5,N_collocated,Bias_sat_MUR,MAE_sat_MUR,RMSE_sat_MUR,Bias_sat_BIL,MAE_sat_BIL,RMSE_sat_BIL
E1,VIIRS,20151017075000-STAR-L2P_GHRSST-SSTsubskin-VIIRS_NPP-ACSPO_V2.80-v02.0-fv01.0_subsetted.nc,2015-10-17,2015-10-17 07:50:02,NIGHT,12867,3828,0,0,0,0.0,0.0,,,,,,0,,,,,,
E1,VIIRS,20151017190000-STAR-L2P_GHRSST-SSTsubskin-VIIRS_NPP-ACSPO_V2.80-v02.0-fv01.0_subsetted.nc,2015-10-17,2015-10-17 19:00:01,DAY,15873,0,0,0,0,0.0,0.0,,,,,,0,,,,,,
E1,VIIRS,20151018073000-STAR-L2P_GHRSST-SSTsubskin-VIIRS_NPP-ACSPO_V2.80-v02.0-fv01.0_subsetted.nc,2015-10-18,2015-10-18 07:30:00,NIGHT,15002,1059,0,0,0,0.0,0.0,,,,,,0,,,,,,
E1,VIIRS,20151018184000-STAR-L2P_GHRSST-SSTsubskin-VIIRS_NPP-ACSPO_V2.80-v02.0-fv01.0_subsetted.nc,2015-10-18,2015-10-18 18:40:01,DAY,13213,4556,10,0,10,0.11494252873563218,0.11494252873563218,29.55499267578127,29.574990844726585,0.24323872672345603,29.279992675781273,29.909997558593773,10,2.2389926910400617,2.2389926910400617,2.251734645775024,-0.06724758148191086,0.2374795913696289,0.2524966462691493
E1,VIIRS,20151019071000-STAR-L2P_GHRSST-SSTsubskin-VIIRS_NPP-ACSPO_V2.80-v02.0-fv01.0_subsetted.nc,2015-10-19,2015-10-19 07:10:00,NIGHT,14500,497,0,0,0,0.0,0.0,,,,,,0,,,,,,
E1,VIIRS,20151019183000-STAR-L2P_GHRSST-SSTsubskin-VIIRS_NPP-ACSPO_V2.80-v02.0-fv01.0_subsetted.nc,2015-10-19,2015-10-19 18:30:01,DAY,10902,133,0,0,0,0.0,0.0,,,,,,0,,,,,,
E1,VIIRS,20151020070000-STAR-L2P_GHRSST-SSTsubskin-VIIRS_NPP-ACSPO_V2.80-v02.0-fv01.0_subsetted.nc,2015-10-20,2015-10-20 07:00:00,NIGHT,11989,600,0,0,0,0.0,0.0,,,,,,0,,,,,,
E1,VIIRS,20151020181000-STAR-L2P_GHRSST-SSTsubskin-VIIRS_NPP-ACSPO_V2.80-v02.0-fv01.0_subsetted.nc,2015-10-20,2015-10-20 18:10:01,DAY,10520,4793,0,0,0,0.0,0.0,,,,,,0,,,,,,
E1,VIIRS,20151020195000-STAR-L2P_GHRSST-SSTsubskin-VIIRS_NPP-ACSPO_V2.80-v02.0-fv01.0_subsetted.nc,2015-10-20,2015-10-20 19:50:01,DAY,11486,3139,0,0,0,0.0,0.0,,,,,,0,,,,,,
E1,VIIRS,20151021064000-STAR-L2P_GHRSST-SSTsubskin-VIIRS_NPP-ACSPO_V2.80-v02.0-fv01.0_subsetted.nc,2015-10-21,2015-10-21 06:40:01,NIGHT,11812,7669,2339,0,2339,26.885057471264368,26.885057471264368,29.122570847751465,29.089990234375023,0.18177522696486328,28.719995117187523,30.019982910156273,2333,0.49311839601181345,0.4953133237653379,0.5952920425583315,0.46809498835572877,0.46809498835572877,0.5038500560751389
E1,VIIRS,20151021082000-STAR-L2P_GHRSST-SSTsubskin-VIIRS_NPP-ACSPO_V2.80-v02.0-fv01.0_subsetted.nc,2015-10-21,2015-10-21 08:20:00,NIGHT,10250,6544,903,0,903,10.379310344827585,10.379310344827585,29.142606189005416,29.079980468750023,0.2602267753013991,28.760003662109398,30.200006103515648,901,0.5058861155621315,0.50953589681782,0.5996970649143354,0.4983471348600795,0.4983471348600795,0.5631258367940677
E1,VIIRS,20151021193000-STAR-L2P_GHRSST-SSTsubskin-VIIRS_NPP-ACSPO_V2.80-v02.0-fv01.0_subsetted.nc,2015-10-21,2015-10-21 19:30:01,DAY,11670,7529,2959,0,2959,34.01149425287356,34.01149425287356,29.270925170032122,29.249993896484398,0.22394617213949142,28.510003662109398,30.399987792968773,2930,0.7184081009223826,0.7184784205049606,0.7623723581591382,0.6163321934462634,0.616351773909764,0.6443364386452295
E2,VIIRS,20211117063000-STAR-L2P_GHRSST-SSTsubskin-VIIRS_NPP-ACSPO_V2.80-v02.0-fv01.0_subsetted.nc,2021-11-17,2021-11-17 06:30:00,NIGHT,9684,1896,0,0,0,0.0,0.0,,,,,,0,,,,,,
E2,VIIRS,20211117081000-STAR-L2P_GHRSST-SSTsubskin-VIIRS_NPP-ACSPO_V2.80-v02.0-fv01.0_subsetted.nc,2021-11-17,2021-11-17 08:10:02,NIGHT,12409,3791,13,0,13,0.14942528735632185,0.14942528735632185,28.02538217397839,28.029992675781273,0.06020816414710764,27.959985351562523,28.200006103515648,13,1.1219974517822493,1.1219974517822493,1.1234697228509902,-0.617094421386696,0.617094421386696,0.6199419732691372
E2,VIIRS,20211117192000-STAR-L2P_GHRSST-SSTsubskin-VIIRS_NPP-ACSPO_V2.80-v02.0-fv01.0_subsetted.nc,2021-11-17,2021-11-17 19:20:01,DAY,14076,5745,47,0,47,0.5402298850574713,0.5402298850574713,28.735735694398276,28.689996337890648,0.43050965552610726,28.239984130859398,30.489984130859398,47,1.3927993206267888,1.3927993206267888,1.454288049548373,-0.03321251564835243,0.2811655328628802,0.4248811766760067
E2,VIIRS,20211118075000-STAR-L2P_GHRSST-SSTsubskin-VIIRS_NPP-ACSPO_V2.80-v02.0-fv01.0_subsetted.nc,2021-11-18,2021-11-18 07:50:00,NIGHT,12414,2967,0,0,0,0.0,0.0,,,,,,0,,,,,,
E2,VIIRS,20211118190000-STAR-L2P_GHRSST-SSTsubskin-VIIRS_NPP-ACSPO_V2.80-v02.0-fv01.0_subsetted.nc,2021-11-18,2021-11-18 19:00:01,DAY,15664,6745,0,0,0,0.0,0.0,,,,,,0,,,,,,
E2,VIIRS,20211119073000-STAR-L2P_GHRSST-SSTsubskin-VIIRS_NPP-ACSPO_V2.80-v02.0-fv01.0_subsetted.nc,2021-11-19,2021-11-19 07:30:01,NIGHT,14716,5866,51,0,51,0.5862068965517242,0.5862068965517242,28.31842268401503,28.359979248046898,0.17719107315444155,27.920007324218773,28.639978027343773,51,0.19532475938986266,0.2921136818680229,0.32891773611731,-0.3790851368623394,0.3790851368623394,0.41882559564399463
E2,VIIRS,20211119184000-STAR-L2P_GHRSST-SSTsubskin-VIIRS_NPP-ACSPO_V2.80-v02.0-fv01.0_subsetted.nc,2021-11-19,2021-11-19 18:40:02,DAY,13575,8856,1413,0,1413,16.24137931034483,16.24137931034483,28.659277836178035,28.700006103515648,0.2774234105296769,27.859979248046898,29.899987792968773,1400,0.571391974857898,0.5942014160156448,0.6878661729333289,-0.04208903993876772,0.23438774272373766,0.2855389509498743
E3,VIIRS,20241019062000-STAR-L2P_GHRSST-SSTsubskin-VIIRS_NPP-ACSPO_V2.80-v02.0-fv01.0_subsetted.nc,2024-10-19,2024-10-19 06:20:00,NIGHT,183,0,0,0,0,0.0,0.0,,,,,,0,,,,,,
E3,VIIRS,20241019080000-STAR-L2P_GHRSST-SSTsubskin-VIIRS_NPP-ACSPO_V2.80-v02.0-fv01.0_subsetted.nc,2024-10-19,2024-10-19 08:00:02,NIGHT,16401,0,0,0,0,0.0,0.0,,,,,,0,,,,,,
E3,VIIRS,20241019191000-STAR-L2P_GHRSST-SSTsubskin-VIIRS_NPP-ACSPO_V2.80-v02.0-fv01.0_subsetted.nc,2024-10-19,2024-10-19 19:10:01,DAY,12128,0,0,0,0,0.0,0.0,,,,,,0,,,,,,
E3,VIIRS,20241020074000-STAR-L2P_GHRSST-SSTsubskin-VIIRS_NPP-ACSPO_V2.80-v02.0-fv01.0_subsetted.nc,2024-10-20,2024-10-20 07:40:00,NIGHT,13762,2760,101,0,101,1.160919540229885,1.160919540229885,29.555736216932257,29.600000000000023,0.184333478030598,28.999993896484398,29.809991455078148,101,0.9369144401928213,0.9369144401928213,0.9553334365651481,0.2749736294888261,0.3065287901623583,0.3357316693044099
E3,VIIRS,20241020185000-STAR-L2P_GHRSST-SSTsubskin-VIIRS_NPP-ACSPO_V2.80-v02.0-fv01.0_subsetted.nc,2024-10-20,2024-10-20 18:50:01,DAY,16195,5917,3,0,3,0.034482758620689655,0.034482758620689655,29.233331298828148,29.279992675781273,0.09568384521289369,29.100000000000023,29.320001220703148,3,0.49999771118166336,0.49999771118166336,0.5076477395370882,-0.15261052449541998,0.15261052449541998,0.18053191497707877
E4,VIIRS,20150803080000-STAR-L2P_GHRSST-SSTsubskin-VIIRS_NPP-ACSPO_V2.80-v02.0-fv01.0_subsetted.nc,2015-08-03,2015-08-03 08:00:00,NIGHT,12509,8688,1199,0,1199,13.7816091954023,13.7816091954023,29.115388826015515,29.119989013671898,0.25987931319873486,28.249993896484398,30.689996337890648,1160,0.39959775497175715,0.4440295143785302,0.551555398073511,-0.25109528015397525,0.2982224954407625,0.3676827388034051
E4,VIIRS,20150803191000-STAR-L2P_GHRSST-SSTsubskin-VIIRS_NPP-ACSPO_V2.80-v02.0-fv01.0_subsetted.nc,2015-08-03,2015-08-03 19:10:01,DAY,14206,9188,3257,0,3257,37.4367816091954,37.4367816091954,29.362003602592154,29.329980468750023,0.2832891088900118,28.629998779296898,31.309991455078148,3229,0.8328147976787814,0.8346155006548319,0.8975901403709745,-0.09849207616138045,0.3255874412869682,0.38828190573832694
E4,VIIRS,20150804074000-STAR-L2P_GHRSST-SSTsubskin-VIIRS_NPP-ACSPO_V2.80-v02.0-fv01.0_subsetted.nc,2015-08-04,2015-08-04 07:40:01,NIGHT,12884,8047,1718,0,1718,19.74712643678161,19.74712643678161,28.98158753365107,28.999993896484398,0.18464730385650951,27.679986572265648,30.269982910156273,1691,-0.05086898600679241,0.3004661102114474,0.36823802924714577,-0.6265095995559329,0.6289513586259528,0.6696818524417871
E4,VIIRS,20150804185000-STAR-L2P_GHRSST-SSTsubskin-VIIRS_NPP-ACSPO_V2.80-v02.0-fv01.0_subsetted.nc,2015-08-04,2015-08-04 18:50:02,DAY,15237,8021,4288,0,4288,49.287356321839084,49.287356321839084,29.496972193646812,29.499993896484398,0.36023495946169687,27.859979248046898,35.6299987792969,4260,0.31805797720181583,0.39281836424636224,0.5086910781093961,-0.18507329421421698,0.23399119354747822,0.33156554673773814
E4,VIIRS,20150805072000-STAR-L2P_GHRSST-SSTsubskin-VIIRS_NPP-ACSPO_V2.80-v02.0-fv01.0_subsetted.nc,2015-08-05,2015-08-05 07:20:01,NIGHT,15987,10377,6624,0,6624,76.13793103448275,76.13793103448275,29.066961390730285,29.119989013671898,0.24321156738693434,27.260003662109398,30.670007324218773,6507,-0.24779332320552677,0.3611888435261644,0.42407195180200863,0.3035271131774558,0.3240629931025499,0.36263911602184906
E4,VIIRS,20150805183000-STAR-L2P_GHRSST-SSTsubskin-VIIRS_NPP-ACSPO_V2.80-v02.0-fv01.0_subsetted.nc,2015-08-05,2015-08-05 18:30:00,DAY,13289,8795,7098,0,7098,81.58620689655173,81.58620689655173,29.540915763126243,29.549981689453148,0.2244974367513529,27.559991455078148,32.1299987792969,7076,0.24228818293951657,0.3883474071259108,0.4873007051498394,0.7586342440142301,0.7640449816120171,0.7944063944095908
E4,VIIRS,20150806070000-STAR-L2P_GHRSST-SSTsubskin-VIIRS_NPP-ACSPO_V2.80-v02.0-fv01.0_subsetted.nc,2015-08-06,2015-08-06 07:00:01,NIGHT,15131,10103,1371,0,1371,15.758620689655173,15.758620689655173,28.54886983458273,28.549981689453148,0.2361614644646135,27.619989013671898,29.600000000000023,1357,-0.6920216509060503,0.7000053023448435,0.788282180087821,-0.6463000978541305,0.6463000978541305,0.6792214474613781
E4,VIIRS,20150806181000-STAR-L2P_GHRSST-SSTsubskin-VIIRS_NPP-ACSPO_V2.80-v02.0-fv01.0_subsetted.nc,2015-08-06,2015-08-06 18:10:00,DAY,13296,8508,1403,0,1403,16.126436781609197,16.126436781609197,29.022138434346903,28.959985351562523,0.41941120604224985,28.420007324218773,33.70998535156252,1401,0.049237123716759666,0.32082856400875687,0.5119033517555445,-0.19496984189104072,0.3027033648603049,0.4627825302008215
E4,VIIRS,20150806195000-STAR-L2P_GHRSST-SSTsubskin-VIIRS_NPP-ACSPO_V2.80-v02.0-fv01.0_subsetted.nc,2015-08-06,2015-08-06 19:50:00,DAY,9039,4542,17,0,17,0.1954022988505747,0.1954022988505747,29.57117345473348,29.540002441406273,0.1779889436542933,29.230004882812523,29.939996337890648,17,0.2747028126436349,0.296584634219919,0.362303348347315,0.3076981488396367,0.3134552450741239,0.35842567804916403
E5,VIIRS,20160604072000-STAR-L2P_GHRSST-SSTsubskin-VIIRS_NPP-ACSPO_V2.80-v02.0-fv01.0_subsetted.nc,2016-06-04,2016-06-04 07:20:01,NIGHT,15992,10538,913,0,913,10.49425287356322,10.49425287356322,29.043727591473868,29.059991455078148,0.2655147286566107,28.379998779296898,29.989984130859398,909,0.1527275555467151,0.30083192210518184,0.3656790036413271,-0.29536780177954486,0.3186064851296966,0.3813846984495625
E5,VIIRS,20160604183000-STAR-L2P_GHRSST-SSTsubskin-VIIRS_NPP-ACSPO_V2.80-v02.0-fv01.0_subsetted.nc,2016-06-04,2016-06-04 18:30:01,DAY,13279,6764,55,0,55,0.632183908045977,0.632183908045977,28.98563010475853,28.989984130859398,0.15164254389512466,28.700006103515648,29.439996337890648,55,0.16157566417349575,0.2505247358842408,0.30004642668385667,-0.16173026344990624,0.2014253373579384,0.24178408888524117
E5,VIIRS,20160605070000-STAR-L2P_GHRSST-SSTsubskin-VIIRS_NPP-ACSPO_V2.80-v02.0-fv01.0_subsetted.nc,2016-06-05,2016-06-05 07:00:01,NIGHT,15089,8565,2297,0,2297,26.402298850574713,26.402298850574713,29.478438774377942,29.559991455078148,0.27233256775461234,28.329980468750023,30.100000000000023,2270,0.9373471558356828,0.9375410221116884,0.9771362083188653,-0.06791520979958836,0.26763899916594397,0.34817884626037393
E5,VIIRS,20160605181000-STAR-L2P_GHRSST-SSTsubskin-VIIRS_NPP-ACSPO_V2.80-v02.0-fv01.0_subsetted.nc,2016-06-05,2016-06-05 18:10:02,DAY,13299,303,0,0,0,0.0,0.0,,,,,,0,,,,,,
E5,VIIRS,20160605195000-STAR-L2P_GHRSST-SSTsubskin-VIIRS_NPP-ACSPO_V2.80-v02.0-fv01.0_subsetted.nc,2016-06-05,2016-06-05 19:50:01,DAY,9048,2559,0,0,0,0.0,0.0,,,,,,0,,,,,,
E5,VIIRS,20160606064000-STAR-L2P_GHRSST-SSTsubskin-VIIRS_NPP-ACSPO_V2.80-v02.0-fv01.0_subsetted.nc,2016-06-06,2016-06-06 06:40:01,NIGHT,14985,0,0,0,0,0.0,0.0,,,,,,0,,,,,,
E5,VIIRS,20160606082000-STAR-L2P_GHRSST-SSTsubskin-VIIRS_NPP-ACSPO_V2.80-v02.0-fv01.0_subsetted.nc,2016-06-06,2016-06-06 08:20:01,NIGHT,6937,0,0,0,0,0.0,0.0,,,,,,0,,,,,,
E5,VIIRS,20160606193000-STAR-L2P_GHRSST-SSTsubskin-VIIRS_NPP-ACSPO_V2.80-v02.0-fv01.0_subsetted.nc,2016-06-06,2016-06-06 19:30:02,DAY,18175,276,0,0,0,0.0,0.0,,,,,,0,,,,,,
E5,VIIRS,20160607062000-STAR-L2P_GHRSST-SSTsubskin-VIIRS_NPP-ACSPO_V2.80-v02.0-fv01.0_subsetted.nc,2016-06-07,2016-06-07 06:20:02,NIGHT,820,320,24,0,24,0.27586206896551724,0.27586206896551724,29.39249445597333,29.394998168945335,0.2505201524834572,28.730004882812523,29.700006103515648,24,0.12378614743552892,0.2263738155365047,0.27541706709331826,-0.4850986639658383,0.4850986639658383,0.5711448582616627
E5,VIIRS,20160607080000-STAR-L2P_GHRSST-SSTsubskin-VIIRS_NPP-ACSPO_V2.80-v02.0-fv01.0_subsetted.nc,2016-06-07,2016-06-07 08:00:01,NIGHT,16150,6948,210,0,210,2.413793103448276,2.413793103448276,29.09180196126304,29.109979248046898,0.16811113712988998,28.700006103515648,29.459985351562523,209,-0.016256275815804116,0.1921431034945993,0.23590808184458786,-0.4699643404289639,0.4699643404289639,0.5301095345282124
E5,VIIRS,20160607191000-STAR-L2P_GHRSST-SSTsubskin-VIIRS_NPP-ACSPO_V2.80-v02.0-fv01.0_subsetted.nc,2016-06-07,2016-06-07 19:10:00,DAY,11981,1299,0,0,0,0.0,0.0,,,,,,0,,,,,,
E5,VIIRS,20160608074000-STAR-L2P_GHRSST-SSTsubskin-VIIRS_NPP-ACSPO_V2.80-v02.0-fv01.0_subsetted.nc,2016-06-08,2016-06-08 07:40:01,NIGHT,14187,3267,0,0,0,0.0,0.0,,,,,,0,,,,,,
E5,VIIRS,20160608190000-STAR-L2P_GHRSST-SSTsubskin-VIIRS_NPP-ACSPO_V2.80-v02.0-fv01.0_subsetted.nc,2016-06-08,2016-06-08 19:00:00,DAY,16212,7467,435,0,435,5.0,5.0,29.879325708849702,29.839990234375023,0.4692838601053101,28.760003662109398,32.1299987792969,435,0.6402222775865103,0.6714739595610711,0.800210312219551,0.16329472421231844,0.32484120949932277,0.5301714642670795
E6,VIIRS,20190614070000-STAR-L2P_GHRSST-SSTsubskin-VIIRS_NPP-ACSPO_V2.80-v02.0-fv01.0_subsetted.nc,2019-06-14,2019-06-14 07:00:00,NIGHT,15134,9874,1700,0,1700,19.54022988505747,19.54022988505747,28.79673386517695,28.809991455078148,0.18623023858331988,28.059991455078148,29.369989013671898,1681,0.25592251924588527,0.5019925822678444,0.6117640260401697,-0.4740565391326986,0.47436270705294004,0.5167527907056683
E6,VIIRS,20190614181000-STAR-L2P_GHRSST-SSTsubskin-VIIRS_NPP-ACSPO_V2.80-v02.0-fv01.0_subsetted.nc,2019-06-14,2019-06-14 18:10:01,DAY,13364,644,2,0,2,0.022988505747126436,0.022988505747126436,29.144998168945335,29.144998168945335,0.0850067138671875,29.059991455078148,29.230004882812523,2,1.094997978210472,1.094997978210472,1.0963787394109363,-0.17060222625730148,0.17060222625730148,0.18954926268141442
E6,VIIRS,20190614195000-STAR-L2P_GHRSST-SSTsubskin-VIIRS_NPP-ACSPO_V2.80-v02.0-fv01.0_subsetted.nc,2019-06-14,2019-06-14 19:50:01,DAY,9004,1761,0,0,0,0.0,0.0,,,,,,0,,,,,,
E6,VIIRS,20190615064000-STAR-L2P_GHRSST-SSTsubskin-VIIRS_NPP-ACSPO_V2.80-v02.0-fv01.0_subsetted.nc,2019-06-15,2019-06-15 06:40:00,NIGHT,15048,10047,29,0,29,0.33333333333333337,0.33333333333333337,28.856544442012414,28.760003662109398,0.22002008579918908,28.639978027343773,29.359979248046898,23,0.7750800920569606,0.7750800920569606,0.7927795567169761,-0.6512014637822463,0.671026544985545,0.7061983298812861
E6,VIIRS,20190615082000-STAR-L2P_GHRSST-SSTsubskin-VIIRS_NPP-ACSPO_V2.80-v02.0-fv01.0_subsetted.nc,2019-06-15,2019-06-15 08:20:02,NIGHT,6824,3917,313,0,313,3.597701149425287,3.597701149425287,28.70903374912642,28.709985351562523,0.14695296650708697,28.350000000000023,29.269982910156273,309,0.34474305088082524,0.42516738249647307,0.5254220392343951,-0.6100173802051502,0.6137338088939657,0.6483054341239503
E6,VIIRS,20190615193000-STAR-L2P_GHRSST-SSTsubskin-VIIRS_NPP-ACSPO_V2.80-v02.0-fv01.0_subsetted.nc,2019-06-15,2019-06-15 19:30:01,DAY,18193,11775,7672,0,7672,88.183908045977,88.183908045977,29.292935891892316,29.260003662109398,0.3254437491164025,28.429986572265648,32.8699890136719,7653,1.1589486788444991,1.1594308856888071,1.2591776168278053,0.01647898485721084,0.31633996488719773,0.41829359576591957
E6,VIIRS,20190616062000-STAR-L2P_GHRSST-SSTsubskin-VIIRS_NPP-ACSPO_V2.80-v02.0-fv01.0_subsetted.nc,2019-06-16,2019-06-16 06:20:01,NIGHT,1137,237,1,0,1,0.011494252873563218,0.011494252873563218,29.589990234375023,29.589990234375023,0.0,29.589990234375023,29.589990234375023,1,1.1499897003174055,1.1499897003174055,1.1499897003174055,0.06858024597170242,0.06858024597170242,0.06858024597170242
E6,VIIRS,20190616080000-STAR-L2P_GHRSST-SSTsubskin-VIIRS_NPP-ACSPO_V2.80-v02.0-fv01.0_subsetted.nc,2019-06-16,2019-06-16 08:00:00,NIGHT,16093,42,0,0,0,0.0,0.0,,,,,,0,,,,,,
E6,VIIRS,20190616191000-STAR-L2P_GHRSST-SSTsubskin-VIIRS_NPP-ACSPO_V2.80-v02.0-fv01.0_subsetted.nc,2019-06-16,2019-06-16 19:10:01,DAY,11936,7678,2352,0,2352,27.034482758620687,27.034482758620687,29.35898505230341,29.309991455078148,0.39181388568795983,28.649987792968773,31.749993896484398,2351,0.510231346477627,0.5251169536530736,0.6694896160185853,0.07846437808760723,0.3620371915491936,0.46783340011681784
E6,VIIRS,20190617074000-STAR-L2P_GHRSST-SSTsubskin-VIIRS_NPP-ACSPO_V2.80-v02.0-fv01.0_subsetted.nc,2019-06-17,2019-06-17 07:40:01,NIGHT,14262,9986,4341,0,4341,49.896551724137936,49.896551724137936,29.00646566880023,29.010003662109398,0.1711926180378215,28.480004882812523,29.989984130859398,4319,-0.14381506500983784,0.22054350531246292,0.26427577688290854,-0.05333325367717938,0.16134429087266194,0.2030900258771495
E6,VIIRS,20190617185000-STAR-L2P_GHRSST-SSTsubskin-VIIRS_NPP-ACSPO_V2.80-v02.0-fv01.0_subsetted.nc,2019-06-17,2019-06-17 18:50:01,DAY,16220,10643,4461,0,4461,51.275862068965516,51.275862068965516,29.178582250598964,29.070001220703148,0.5223905584364984,27.939996337890648,35.71999511718752,4363,-0.07963230448687122,0.24412934213445472,0.34741061240745263,0.02059451332068329,0.19243102011373298,0.3197997944731444
