event_id,sensor,filename,file_path,file_size_kb,platform,product,time_start,time_end,n_subsets,open_ok
E1,MODIS,20151017070009-JPL-L2P_GHRSST-SSTskin-MODIS_A-N-v02.0-fv01.0_subsetted_20151021T191001Z_C1940473819-POCLOUD_merged.nc4,/Users/mariajosenande/Documents/Lole/VALIDACION_SATELITAL/AUDITORIA/MODIS/MODIS_A-JPL-L2P-v2019.0_2019.0-20260830_190517/20151017070009-JPL-L2P_GHRSST-SSTskin-MODIS_A-N-v02.0-fv01.0_subsetted_20151021T191001Z_C1940473819-POCLOUD_merged.nc4,529.5166015625,Aqua,MODIS_A-JPL-L2P-v2019.0,N/A,N/A,12,True
E2,MODIS,20211117075501-JPL-L2P_GHRSST-SSTskin-MODIS_A-N-v02.0-fv01.0_subsetted_20211119T184000Z_C1940473819-POCLOUD_merged.nc4,/Users/mariajosenande/Documents/Lole/VALIDACION_SATELITAL/AUDITORIA/MODIS/MODIS_A-JPL-L2P-v2019.0_2019.0-20260830_191034/20211117075501-JPL-L2P_GHRSST-SSTskin-MODIS_A-N-v02.0-fv01.0_subsetted_20211119T184000Z_C1940473819-POCLOUD_merged.nc4,381.0712890625,Aqua,MODIS_A-JPL-L2P-v2019.0,N/A,N/A,6,True
E3,MODIS,20241019075001-JPL-L2P_GHRSST-SSTskin-MODIS_A-N-v02.0-fv01.0_subsetted_20241020T192001Z_C1940473819-POCLOUD_merged.nc4,/Users/mariajosenande/Documents/Lole/VALIDACION_SATELITAL/AUDITORIA/MODIS/MODIS_A-JPL-L2P-v2019.0_2019.0-20260830_191619/20241019075001-JPL-L2P_GHRSST-SSTskin-MODIS_A-N-v02.0-fv01.0_subsetted_20241020T192001Z_C1940473819-POCLOUD_merged.nc4,287.0966796875,Aqua,MODIS_A-JPL-L2P-v2019.0,N/A,N/A,4,True
E4,MODIS,20150803072010-JPL-L2P_GHRSST-SSTskin-MODIS_A-N-v02.0-fv01.0_subsetted_20150806T184501Z_C1940473819-POCLOUD_merged.nc4,/Users/mariajosenande/Documents/Lole/VALIDACION_SATELITAL/AUDITORIA/MODIS/MODIS_A-JPL-L2P-v2019.0_2019.0-20260830_192050/20150803072010-JPL-L2P_GHRSST-SSTskin-MODIS_A-N-v02.0-fv01.0_subsetted_20150806T184501Z_C1940473819-POCLOUD_merged.nc4,463.6904296875,Aqua,MODIS_A-JPL-L2P-v2019.0,N/A,N/A,8,True
E5,MODIS,20160604070510-JPL-L2P_GHRSST-SSTskin-MODIS_A-N-v02.0-fv01.0_subsetted_20160608T191500Z_C1940473819-POCLOUD_merged.nc4,/Users/mariajosenande/Documents/Lole/VALIDACION_SATELITAL/AUDITORIA/MODIS/MODIS_A-JPL-L2P-v2019.0_2019.0-20260830_192548/20160604070510-JPL-L2P_GHRSST-SSTskin-MODIS_A-N-v02.0-fv01.0_subsetted_20160608T191500Z_C1940473819-POCLOUD_merged.nc4,529.119140625,Aqua,MODIS_A-JPL-L2P-v2019.0,N/A,N/A,10,True
E6,MODIS,20190614075000-JPL-L2P_GHRSST-SSTskin-MODIS_A-N-v02.0-fv01.0_subsetted_20190617T191500Z_C1940473819-POCLOUD_merged.nc4,/Users/mariajosenande/Documents/Lole/VALIDACION_SATELITAL/AUDITORIA/MODIS/MODIS_A-JPL-L2P-v2019.0_2019.0-20260830_193104/20190614075000-JPL-L2P_GHRSST-SSTskin-MODIS_A-N-v02.0-fv01.0_subsetted_20190617T191500Z_C1940473819-POCLOUD_merged.nc4,448.6083984375,Aqua,MODIS_A-JPL-L2P-v2019.0,N/A,N/A,8,True
E1,VIIRS,20151017075000-STAR-L2P_GHRSST-SSTsubskin-VIIRS_NPP-ACSPO_V2.80-v02.0-fv01.0_subsetted_20151021T193001Z_C2147480877-POCLOUD_merged.nc4,/Users/mariajosenande/Documents/Lole/VALIDACION_SATELITAL/AUDITORIA/VIIRS/VIIRS_NPP-STAR-L2P-v2.80_2.80-20260830_190356/20151017075000-STAR-L2P_GHRSST-SSTsubskin-VIIRS_NPP-ACSPO_V2.80-v02.0-fv01.0_subsetted_20151021T193001Z_C2147480877-POCLOUD_merged.nc4,648.8828125,NPP,VIIRS_NPP-STAR-L2P-v2.8,N/A,N/A,12,True
E2,VIIRS,20211117063000-STAR-L2P_GHRSST-SSTsubskin-VIIRS_NPP-ACSPO_V2.80-v02.0-fv01.0_subsetted_20211119T184001Z_C2147480877-POCLOUD_merged.nc4,/Users/mariajosenande/Documents/Lole/VALIDACION_SATELITAL/AUDITORIA/VIIRS/VIIRS_NPP-STAR-L2P-v2.80_2.80-20260830_190943/20211117063000-STAR-L2P_GHRSST-SSTsubskin-VIIRS_NPP-ACSPO_V2.80-v02.0-fv01.0_subsetted_20211119T184001Z_C2147480877-POCLOUD_merged.nc4,454.291015625,NPP,VIIRS_NPP-STAR-L2P-v2.8,N/A,N/A,7,True
E3,VIIRS,20241019062000-STAR-L2P_GHRSST-SSTsubskin-VIIRS_NPP-ACSPO_V2.80-v02.0-fv01.0_subsetted_20241020T185000Z_C2147480877-POCLOUD_merged.nc4,/Users/mariajosenande/Documents/Lole/VALIDACION_SATELITAL/AUDITORIA/VIIRS/VIIRS_NPP-STAR-L2P-v2.80_2.80-20260830_191608/20241019062000-STAR-L2P_GHRSST-SSTsubskin-VIIRS_NPP-ACSPO_V2.80-v02.0-fv01.0_subsetted_20241020T185000Z_C2147480877-POCLOUD_merged.nc4,294.6943359375,NPP,VIIRS_NPP-STAR-L2P-v2.8,N/A,N/A,5,True
E4,VIIRS,20150803080000-STAR-L2P_GHRSST-SSTsubskin-VIIRS_NPP-ACSPO_V2.80-v02.0-fv01.0_subsetted_20150806T195000Z_C2147480877-POCLOUD_merged.nc4,/Users/mariajosenande/Documents/Lole/VALIDACION_SATELITAL/AUDITORIA/VIIRS/VIIRS_NPP-STAR-L2P-v2.80_2.80-20260830_192057/20150803080000-STAR-L2P_GHRSST-SSTsubskin-VIIRS_NPP-ACSPO_V2.80-v02.0-fv01.0_subsetted_20150806T195000Z_C2147480877-POCLOUD_merged.nc4,661.75390625,NPP,VIIRS_NPP-STAR-L2P-v2.8,N/A,N/A,9,True
E5,VIIRS,20160604072000-STAR-L2P_GHRSST-SSTsubskin-VIIRS_NPP-ACSPO_V2.80-v02.0-fv01.0_subsetted_20160608T190000Z_C2147480877-POCLOUD_merged.nc4,/Users/mariajosenande/Documents/Lole/VALIDACION_SATELITAL/AUDITORIA/VIIRS/VIIRS_NPP-STAR-L2P-v2.80_2.80-20260830_192554/20160604072000-STAR-L2P_GHRSST-SSTsubskin-VIIRS_NPP-ACSPO_V2.80-v02.0-fv01.0_subsetted_20160608T190000Z_C2147480877-POCLOUD_merged.nc4,702.927734375,NPP,VIIRS_NPP-STAR-L2P-v2.8,N/A,N/A,13,True
E6,VIIRS,20190614070000-STAR-L2P_GHRSST-SSTsubskin-VIIRS_NPP-ACSPO_V2.80-v02.0-fv01.0_subsetted_20190617T185001Z_C2147480877-POCLOUD_merged.nc4,/Users/mariajosenande/Documents/Lole/VALIDACION_SATELITAL/AUDITORIA/VIIRS/VIIRS_NPP-STAR-L2P-v2.80_2.80-20260830_194044/20190614070000-STAR-L2P_GHRSST-SSTsubskin-VIIRS_NPP-ACSPO_V2.80-v02.0-fv01.0_subsetted_20190617T185001Z_C2147480877-POCLOUD_merged.nc4,687.908203125,NPP,VIIRS_NPP-STAR-L2P-v2.8,N/A,N/A,11,True
